2026-05-29 22:50:18,601 INFO XML import started. Total SMS records: 1691
2026-05-29 22:50:18,623 INFO sms_id=1 inserted transaction 76662021700
2026-05-29 22:50:18,627 INFO sms_id=2 inserted transaction 73214484437
2026-05-29 22:50:18,630 INFO sms_id=3 inserted transaction 51732411227
2026-05-29 22:50:18,632 INFO sms_id=4 inserted transaction 5
2026-05-29 22:50:18,636 INFO sms_id=5 inserted transaction 17818959211
2026-05-29 22:50:18,641 INFO sms_id=6 inserted transaction 7
2026-05-29 22:50:18,644 INFO sms_id=7 inserted transaction 8
2026-05-29 22:50:18,648 INFO sms_id=8 inserted transaction 13913173274
2026-05-29 22:50:18,651 INFO sms_id=9 inserted transaction 45434420466
2026-05-29 22:50:18,653 INFO sms_id=10 inserted transaction 82113964658
2026-05-29 22:50:18,656 INFO sms_id=11 inserted transaction 26614842768
2026-05-29 22:50:18,659 INFO sms_id=12 inserted transaction 70497610538
2026-05-29 22:50:18,661 INFO sms_id=13 inserted transaction 14
2026-05-29 22:50:18,663 INFO sms_id=14 inserted transaction 15
2026-05-29 22:50:18,666 INFO sms_id=15 inserted transaction 16
2026-05-29 22:50:18,668 INFO sms_id=16 inserted transaction 17
2026-05-29 22:50:18,669 INFO sms_id=17 inserted transaction 18
2026-05-29 22:50:18,671 INFO sms_id=18 inserted transaction 19
2026-05-29 22:50:18,673 INFO sms_id=19 inserted transaction 20
2026-05-29 22:50:18,675 INFO sms_id=20 inserted transaction 21
2026-05-29 22:50:18,678 INFO sms_id=21 inserted transaction 43668074924
2026-05-29 22:50:18,681 INFO sms_id=22 inserted transaction 13947831685
2026-05-29 22:50:18,684 INFO sms_id=23 inserted transaction 24227321992
2026-05-29 22:50:18,686 INFO sms_id=24 inserted transaction 18249226395
2026-05-29 22:50:18,688 INFO sms_id=25 inserted transaction 26
2026-05-29 22:50:18,691 INFO sms_id=26 inserted transaction 98755359894
2026-05-29 22:50:18,694 INFO sms_id=27 inserted transaction 28
2026-05-29 22:50:18,697 INFO sms_id=28 inserted transaction 29
2026-05-29 22:50:18,700 INFO sms_id=29 inserted transaction 65789139357
2026-05-29 22:50:18,703 INFO sms_id=30 inserted transaction 31
2026-05-29 22:50:18,705 INFO sms_id=31 inserted transaction 32
2026-05-29 22:50:18,707 INFO sms_id=32 inserted transaction 33
2026-05-29 22:50:18,708 INFO sms_id=33 inserted transaction 34
2026-05-29 22:50:18,710 INFO sms_id=34 inserted transaction 16913786322
2026-05-29 22:50:18,712 INFO sms_id=35 inserted transaction 36
2026-05-29 22:50:18,713 INFO sms_id=36 inserted transaction 37
2026-05-29 22:50:18,715 INFO sms_id=37 inserted transaction 38
2026-05-29 22:50:18,717 INFO sms_id=38 inserted transaction 30173936259
2026-05-29 22:50:18,720 INFO sms_id=39 inserted transaction 40
2026-05-29 22:50:18,722 INFO sms_id=40 inserted transaction 38084447123
2026-05-29 22:50:18,725 INFO sms_id=41 inserted transaction 45738348638
2026-05-29 22:50:18,727 INFO sms_id=42 inserted transaction 43
2026-05-29 22:50:18,730 INFO sms_id=43 inserted transaction 32894434269
2026-05-29 22:50:18,732 INFO sms_id=44 inserted transaction 45
2026-05-29 22:50:18,735 INFO sms_id=45 inserted transaction 46
2026-05-29 22:50:18,737 INFO sms_id=46 inserted transaction 47
2026-05-29 22:50:18,740 INFO sms_id=47 inserted transaction 48
2026-05-29 22:50:18,743 INFO sms_id=48 inserted transaction 49
2026-05-29 22:50:18,746 INFO sms_id=49 inserted transaction 50
2026-05-29 22:50:18,749 INFO sms_id=50 inserted transaction 51
2026-05-29 22:50:18,752 INFO sms_id=51 inserted transaction 52
2026-05-29 22:50:18,755 INFO sms_id=52 inserted transaction 61189493387
2026-05-29 22:50:18,758 INFO sms_id=53 inserted transaction 37467134419
2026-05-29 22:50:18,761 INFO sms_id=54 inserted transaction 55
2026-05-29 22:50:18,764 INFO sms_id=55 inserted transaction 56
2026-05-29 22:50:18,766 INFO sms_id=56 inserted transaction 12131092250
2026-05-29 22:50:18,770 INFO sms_id=57 inserted transaction 35617026753
2026-05-29 22:50:18,774 INFO sms_id=58 inserted transaction 59
2026-05-29 22:50:18,777 INFO sms_id=59 inserted transaction 60
2026-05-29 22:50:18,781 INFO sms_id=60 inserted transaction 59168184137
2026-05-29 22:50:18,784 INFO sms_id=61 inserted transaction 47570656030
2026-05-29 22:50:18,787 INFO sms_id=62 inserted transaction 63
2026-05-29 22:50:18,791 INFO sms_id=63 inserted transaction 95960893947
2026-05-29 22:50:18,796 INFO sms_id=64 inserted transaction 65
2026-05-29 22:50:18,800 INFO sms_id=65 inserted transaction 66
2026-05-29 22:50:18,804 INFO sms_id=66 inserted transaction 43786042083
2026-05-29 22:50:18,809 INFO sms_id=67 inserted transaction 51199793551
2026-05-29 22:50:18,823 INFO sms_id=68 inserted transaction 90057863776
2026-05-29 22:50:18,829 INFO sms_id=69 inserted transaction 70
2026-05-29 22:50:18,834 WARNING sms_id=70 category code missing in DB: WITHDRAWAL
2026-05-29 22:50:18,839 INFO sms_id=71 inserted transaction 71
2026-05-29 22:50:18,843 WARNING sms_id=72 unrecognized transaction type
2026-05-29 22:50:18,847 WARNING sms_id=73 unrecognized transaction type
2026-05-29 22:50:18,850 WARNING sms_id=74 unrecognized transaction type
2026-05-29 22:50:18,854 INFO sms_id=75 inserted transaction 14103506143
2026-05-29 22:50:18,858 INFO sms_id=76 inserted transaction 73
2026-05-29 22:50:18,861 WARNING sms_id=77 unrecognized transaction type
2026-05-29 22:50:18,865 INFO sms_id=78 inserted transaction 74
2026-05-29 22:50:18,877 INFO sms_id=79 inserted transaction 75
2026-05-29 22:50:18,885 INFO sms_id=80 inserted transaction 76
2026-05-29 22:50:18,895 WARNING sms_id=81 unrecognized transaction type
2026-05-29 22:50:18,904 INFO sms_id=82 inserted transaction 77
2026-05-29 22:50:18,911 INFO sms_id=83 inserted transaction 65035082869
2026-05-29 22:50:18,914 INFO sms_id=84 inserted transaction 23112980564
2026-05-29 22:50:18,917 INFO sms_id=85 inserted transaction 80
2026-05-29 22:50:18,921 INFO sms_id=86 inserted transaction 97391079490
2026-05-29 22:50:18,924 INFO sms_id=87 inserted transaction 82
2026-05-29 22:50:18,929 WARNING sms_id=88 unrecognized transaction type
2026-05-29 22:50:18,933 INFO sms_id=89 inserted transaction 14121530824
2026-05-29 22:50:18,936 INFO sms_id=90 inserted transaction 84
2026-05-29 22:50:18,939 INFO sms_id=91 inserted transaction 85
2026-05-29 22:50:18,943 INFO sms_id=92 inserted transaction 28021128029
2026-05-29 22:50:18,947 INFO sms_id=93 inserted transaction 90281203550
2026-05-29 22:50:18,952 INFO sms_id=94 inserted transaction 88
2026-05-29 22:50:18,957 INFO sms_id=95 inserted transaction 89
2026-05-29 22:50:18,960 INFO sms_id=96 inserted transaction 90
2026-05-29 22:50:18,963 INFO sms_id=97 inserted transaction 91
2026-05-29 22:50:18,966 INFO sms_id=98 inserted transaction 59054859038
2026-05-29 22:50:18,969 INFO sms_id=99 inserted transaction 93
2026-05-29 22:50:18,973 INFO sms_id=100 inserted transaction 94
2026-05-29 22:50:18,979 INFO sms_id=101 inserted transaction 95
2026-05-29 22:50:18,984 INFO sms_id=102 inserted transaction 49894890981
2026-05-29 22:50:18,989 INFO sms_id=103 inserted transaction 36362293540
2026-05-29 22:50:18,994 INFO sms_id=104 inserted transaction 98
2026-05-29 22:50:18,997 INFO sms_id=105 inserted transaction 99
2026-05-29 22:50:19,000 INFO sms_id=106 inserted transaction 100
2026-05-29 22:50:19,003 INFO sms_id=107 inserted transaction 101
2026-05-29 22:50:19,006 INFO sms_id=108 inserted transaction 102
2026-05-29 22:50:19,011 INFO sms_id=109 inserted transaction 38069282043
2026-05-29 22:50:19,015 INFO sms_id=110 inserted transaction 104
2026-05-29 22:50:19,019 INFO sms_id=111 inserted transaction 66215693108
2026-05-29 22:50:19,022 INFO sms_id=112 inserted transaction 37706238756
2026-05-29 22:50:19,025 INFO sms_id=113 inserted transaction 107
2026-05-29 22:50:19,028 INFO sms_id=114 inserted transaction 22989641020
2026-05-29 22:50:19,032 INFO sms_id=115 inserted transaction 109
2026-05-29 22:50:19,034 INFO sms_id=116 inserted transaction 110
2026-05-29 22:50:19,037 INFO sms_id=117 inserted transaction 28025360855
2026-05-29 22:50:19,040 INFO sms_id=118 inserted transaction 112
2026-05-29 22:50:19,042 INFO sms_id=119 inserted transaction 113
2026-05-29 22:50:19,045 INFO sms_id=120 inserted transaction 32615649069
2026-05-29 22:50:19,048 INFO sms_id=121 inserted transaction 115
2026-05-29 22:50:19,051 INFO sms_id=122 inserted transaction 116
2026-05-29 22:50:19,053 INFO sms_id=123 inserted transaction 117
2026-05-29 22:50:19,056 INFO sms_id=124 inserted transaction 118
2026-05-29 22:50:19,058 INFO sms_id=125 inserted transaction 119
2026-05-29 22:50:19,060 INFO sms_id=126 inserted transaction 21910499837
2026-05-29 22:50:19,063 INFO sms_id=127 inserted transaction 40412577651
2026-05-29 22:50:19,065 INFO sms_id=128 inserted transaction 44021806588
2026-05-29 22:50:19,068 INFO sms_id=129 inserted transaction 123
2026-05-29 22:50:19,071 INFO sms_id=130 inserted transaction 70782527436
2026-05-29 22:50:19,075 INFO sms_id=131 inserted transaction 15037119744
2026-05-29 22:50:19,080 INFO sms_id=132 inserted transaction 126
2026-05-29 22:50:19,083 INFO sms_id=133 inserted transaction 127
2026-05-29 22:50:19,087 INFO sms_id=134 inserted transaction 128
2026-05-29 22:50:19,092 INFO sms_id=135 inserted transaction 129
2026-05-29 22:50:19,097 INFO sms_id=136 inserted transaction 25107231114
2026-05-29 22:50:19,100 INFO sms_id=137 inserted transaction 131
2026-05-29 22:50:19,106 INFO sms_id=138 inserted transaction 132
2026-05-29 22:50:19,111 INFO sms_id=139 inserted transaction 133
2026-05-29 22:50:19,116 INFO sms_id=140 inserted transaction 134
2026-05-29 22:50:19,120 INFO sms_id=141 inserted transaction 19727516208
2026-05-29 22:50:19,123 INFO sms_id=142 inserted transaction 136
2026-05-29 22:50:19,129 INFO sms_id=143 inserted transaction 137
2026-05-29 22:50:19,134 INFO sms_id=144 inserted transaction 138
2026-05-29 22:50:19,137 INFO sms_id=145 inserted transaction 139
2026-05-29 22:50:19,140 INFO sms_id=146 inserted transaction 14262449979
2026-05-29 22:50:19,142 INFO sms_id=147 inserted transaction 141
2026-05-29 22:50:19,146 INFO sms_id=148 inserted transaction 142
2026-05-29 22:50:19,150 INFO sms_id=149 inserted transaction 36046721654
2026-05-29 22:50:19,155 INFO sms_id=150 inserted transaction 14264876273
2026-05-29 22:50:19,159 INFO sms_id=151 inserted transaction 145
2026-05-29 22:50:19,162 INFO sms_id=152 inserted transaction 146
2026-05-29 22:50:19,165 INFO sms_id=153 inserted transaction 41002852845
2026-05-29 22:50:19,168 INFO sms_id=154 inserted transaction 148
2026-05-29 22:50:19,172 INFO sms_id=155 inserted transaction 149
2026-05-29 22:50:19,175 INFO sms_id=156 inserted transaction 150
2026-05-29 22:50:19,179 INFO sms_id=157 inserted transaction 151
2026-05-29 22:50:19,182 INFO sms_id=158 inserted transaction 152
2026-05-29 22:50:19,185 INFO sms_id=159 inserted transaction 14303889432
2026-05-29 22:50:19,189 INFO sms_id=160 inserted transaction 14304661948
2026-05-29 22:50:19,191 WARNING sms_id=161 unrecognized transaction type
2026-05-29 22:50:19,195 INFO sms_id=162 inserted transaction 14324965479
2026-05-29 22:50:19,198 INFO sms_id=163 inserted transaction 156
2026-05-29 22:50:19,201 INFO sms_id=164 inserted transaction 157
2026-05-29 22:50:19,204 INFO sms_id=165 inserted transaction 158
2026-05-29 22:50:19,207 INFO sms_id=166 inserted transaction 159
2026-05-29 22:50:19,210 INFO sms_id=167 inserted transaction 160
2026-05-29 22:50:19,214 INFO sms_id=168 inserted transaction 161
2026-05-29 22:50:19,217 INFO sms_id=169 inserted transaction 162
2026-05-29 22:50:19,219 INFO sms_id=170 inserted transaction 163
2026-05-29 22:50:19,221 INFO sms_id=171 inserted transaction 164
2026-05-29 22:50:19,224 INFO sms_id=172 inserted transaction 94257743617
2026-05-29 22:50:19,226 INFO sms_id=173 inserted transaction 166
2026-05-29 22:50:19,230 INFO sms_id=174 inserted transaction 167
2026-05-29 22:50:19,233 INFO sms_id=175 inserted transaction 28563784569
2026-05-29 22:50:19,237 INFO sms_id=176 inserted transaction 16877151789
2026-05-29 22:50:19,239 INFO sms_id=177 inserted transaction 170
2026-05-29 22:50:19,242 INFO sms_id=178 inserted transaction 171
2026-05-29 22:50:19,245 INFO sms_id=179 inserted transaction 172
2026-05-29 22:50:19,249 INFO sms_id=180 inserted transaction 173
2026-05-29 22:50:19,251 INFO sms_id=181 inserted transaction 49766645414
2026-05-29 22:50:19,253 INFO sms_id=182 inserted transaction 91799715733
2026-05-29 22:50:19,256 INFO sms_id=183 inserted transaction 42326639460
2026-05-29 22:50:19,258 INFO sms_id=184 inserted transaction 177
2026-05-29 22:50:19,260 INFO sms_id=185 inserted transaction 178
2026-05-29 22:50:19,262 INFO sms_id=186 inserted transaction 179
2026-05-29 22:50:19,265 INFO sms_id=187 inserted transaction 18893569803
2026-05-29 22:50:19,268 INFO sms_id=188 inserted transaction 181
2026-05-29 22:50:19,270 INFO sms_id=189 inserted transaction 182
2026-05-29 22:50:19,274 INFO sms_id=190 inserted transaction 183
2026-05-29 22:50:19,277 INFO sms_id=191 inserted transaction 184
2026-05-29 22:50:19,279 INFO sms_id=192 inserted transaction 14366722236
2026-05-29 22:50:19,282 INFO sms_id=193 inserted transaction 10809435113
2026-05-29 22:50:19,284 INFO sms_id=194 inserted transaction 97328486237
2026-05-29 22:50:19,286 INFO sms_id=195 inserted transaction 188
2026-05-29 22:50:19,289 INFO sms_id=196 inserted transaction 20564153955
2026-05-29 22:50:19,291 INFO sms_id=197 inserted transaction 31051483102
2026-05-29 22:50:19,293 INFO sms_id=198 inserted transaction 191
2026-05-29 22:50:19,296 INFO sms_id=199 inserted transaction 192
2026-05-29 22:50:19,299 INFO sms_id=200 inserted transaction 17481776844
2026-05-29 22:50:19,302 INFO sms_id=201 inserted transaction 194
2026-05-29 22:50:19,305 INFO sms_id=202 inserted transaction 63344530197
2026-05-29 22:50:19,308 INFO sms_id=203 inserted transaction 196
2026-05-29 22:50:19,311 INFO sms_id=204 inserted transaction 197
2026-05-29 22:50:19,313 INFO sms_id=205 inserted transaction 198
2026-05-29 22:50:19,316 INFO sms_id=206 inserted transaction 199
2026-05-29 22:50:19,319 INFO sms_id=207 inserted transaction 99134996997
2026-05-29 22:50:19,321 INFO sms_id=208 inserted transaction 201
2026-05-29 22:50:19,324 INFO sms_id=209 inserted transaction 96723699988
2026-05-29 22:50:19,326 INFO sms_id=210 inserted transaction 203
2026-05-29 22:50:19,328 INFO sms_id=211 inserted transaction 204
2026-05-29 22:50:19,330 INFO sms_id=212 inserted transaction 16545003631
2026-05-29 22:50:19,332 INFO sms_id=213 inserted transaction 61557468875
2026-05-29 22:50:19,334 INFO sms_id=214 inserted transaction 207
2026-05-29 22:50:19,336 INFO sms_id=215 inserted transaction 208
2026-05-29 22:50:19,339 INFO sms_id=216 inserted transaction 81945111303
2026-05-29 22:50:19,341 INFO sms_id=217 inserted transaction 14392932831
2026-05-29 22:50:19,343 INFO sms_id=218 inserted transaction 59979980024
2026-05-29 22:50:19,345 INFO sms_id=219 inserted transaction 212
2026-05-29 22:50:19,348 INFO sms_id=220 inserted transaction 213
2026-05-29 22:50:19,350 INFO sms_id=221 inserted transaction 214
2026-05-29 22:50:19,352 INFO sms_id=222 inserted transaction 215
2026-05-29 22:50:19,354 INFO sms_id=223 inserted transaction 216
2026-05-29 22:50:19,355 INFO sms_id=224 inserted transaction 217
2026-05-29 22:50:19,358 INFO sms_id=225 inserted transaction 14404189056
2026-05-29 22:50:19,360 INFO sms_id=226 inserted transaction 77021305535
2026-05-29 22:50:19,363 INFO sms_id=227 inserted transaction 14405681742
2026-05-29 22:50:19,367 INFO sms_id=228 inserted transaction 59491550845
2026-05-29 22:50:19,369 INFO sms_id=229 inserted transaction 222
2026-05-29 22:50:19,372 INFO sms_id=230 inserted transaction 14412904724
2026-05-29 22:50:19,374 INFO sms_id=231 inserted transaction 224
2026-05-29 22:50:19,376 INFO sms_id=232 inserted transaction 14413610551
2026-05-29 22:50:19,378 INFO sms_id=233 inserted transaction 19524019964
2026-05-29 22:50:19,381 INFO sms_id=234 inserted transaction 227
2026-05-29 22:50:19,383 INFO sms_id=235 inserted transaction 228
2026-05-29 22:50:19,386 INFO sms_id=236 inserted transaction 229
2026-05-29 22:50:19,388 INFO sms_id=237 inserted transaction 23764987164
2026-05-29 22:50:19,392 INFO sms_id=238 inserted transaction 41741931224
2026-05-29 22:50:19,394 INFO sms_id=239 inserted transaction 232
2026-05-29 22:50:19,398 INFO sms_id=240 inserted transaction 233
2026-05-29 22:50:19,401 INFO sms_id=241 inserted transaction 234
2026-05-29 22:50:19,403 INFO sms_id=242 inserted transaction 235
2026-05-29 22:50:19,406 INFO sms_id=243 inserted transaction 236
2026-05-29 22:50:19,409 INFO sms_id=244 inserted transaction 81779365319
2026-05-29 22:50:19,412 INFO sms_id=245 inserted transaction 238
2026-05-29 22:50:19,415 INFO sms_id=246 inserted transaction 12093489080
2026-05-29 22:50:19,419 INFO sms_id=247 inserted transaction 10919892030
2026-05-29 22:50:19,421 INFO sms_id=248 inserted transaction 43960900475
2026-05-29 22:50:19,424 INFO sms_id=249 inserted transaction 242
2026-05-29 22:50:19,427 INFO sms_id=250 inserted transaction 92393353015
2026-05-29 22:50:19,429 INFO sms_id=251 inserted transaction 70015105006
2026-05-29 22:50:19,431 INFO sms_id=252 inserted transaction 11901062453
2026-05-29 22:50:19,433 WARNING sms_id=253 unrecognized transaction type
2026-05-29 22:50:19,435 INFO sms_id=254 inserted transaction 14443130677
2026-05-29 22:50:19,438 INFO sms_id=255 inserted transaction 63115508240
2026-05-29 22:50:19,440 INFO sms_id=256 inserted transaction 248
2026-05-29 22:50:19,443 INFO sms_id=257 inserted transaction 249
2026-05-29 22:50:19,446 INFO sms_id=258 inserted transaction 250
2026-05-29 22:50:19,449 INFO sms_id=259 inserted transaction 251
2026-05-29 22:50:19,452 INFO sms_id=260 inserted transaction 90311838363
2026-05-29 22:50:19,456 INFO sms_id=261 inserted transaction 65472821949
2026-05-29 22:50:19,459 INFO sms_id=262 inserted transaction 14469963984
2026-05-29 22:50:19,464 INFO sms_id=263 inserted transaction 255
2026-05-29 22:50:19,467 INFO sms_id=264 inserted transaction 256
2026-05-29 22:50:19,470 INFO sms_id=265 inserted transaction 18526546570
2026-05-29 22:50:19,472 INFO sms_id=266 inserted transaction 90823104833
2026-05-29 22:50:19,476 INFO sms_id=267 inserted transaction 94029377235
2026-05-29 22:50:19,478 INFO sms_id=268 inserted transaction 260
2026-05-29 22:50:19,480 INFO sms_id=269 inserted transaction 261
2026-05-29 22:50:19,481 INFO sms_id=270 inserted transaction 38074910818
2026-05-29 22:50:19,483 INFO sms_id=271 inserted transaction 263
2026-05-29 22:50:19,485 INFO sms_id=272 inserted transaction 264
2026-05-29 22:50:19,487 INFO sms_id=273 inserted transaction 43333418094
2026-05-29 22:50:19,490 INFO sms_id=274 inserted transaction 266
2026-05-29 22:50:19,494 INFO sms_id=275 inserted transaction 43349533054
2026-05-29 22:50:19,496 INFO sms_id=276 inserted transaction 268
2026-05-29 22:50:19,498 INFO sms_id=277 inserted transaction 72288050689
2026-05-29 22:50:19,501 INFO sms_id=278 inserted transaction 12723317674
2026-05-29 22:50:19,502 INFO sms_id=279 inserted transaction 29081551536
2026-05-29 22:50:19,505 INFO sms_id=280 inserted transaction 272
2026-05-29 22:50:19,506 INFO sms_id=281 inserted transaction 273
2026-05-29 22:50:19,508 INFO sms_id=282 inserted transaction 55981011420
2026-05-29 22:50:19,510 INFO sms_id=283 inserted transaction 275
2026-05-29 22:50:19,512 INFO sms_id=284 inserted transaction 276
2026-05-29 22:50:19,514 INFO sms_id=285 inserted transaction 67456128847
2026-05-29 22:50:19,517 INFO sms_id=286 inserted transaction 278
2026-05-29 22:50:19,520 INFO sms_id=287 inserted transaction 279
2026-05-29 22:50:19,523 INFO sms_id=288 inserted transaction 280
2026-05-29 22:50:19,525 INFO sms_id=289 inserted transaction 45238324104
2026-05-29 22:50:19,528 INFO sms_id=290 inserted transaction 31373267832
2026-05-29 22:50:19,530 INFO sms_id=291 inserted transaction 283
2026-05-29 22:50:19,532 INFO sms_id=292 inserted transaction 284
2026-05-29 22:50:19,534 INFO sms_id=293 inserted transaction 99439041781
2026-05-29 22:50:19,537 INFO sms_id=294 inserted transaction 286
2026-05-29 22:50:19,539 INFO sms_id=295 inserted transaction 91628513434
2026-05-29 22:50:19,541 INFO sms_id=296 inserted transaction 288
2026-05-29 22:50:19,543 INFO sms_id=297 inserted transaction 289
2026-05-29 22:50:19,545 INFO sms_id=298 inserted transaction 290
2026-05-29 22:50:19,548 INFO sms_id=299 inserted transaction 95997298432
2026-05-29 22:50:19,552 INFO sms_id=300 inserted transaction 292
2026-05-29 22:50:19,553 INFO Committed batch size=300 inserted=291 skipped_unknown=9 skipped_invalid=0 failed=0
2026-05-29 22:50:19,554 INFO sms_id=301 inserted transaction 93272208136
2026-05-29 22:50:19,557 INFO sms_id=302 inserted transaction 294
2026-05-29 22:50:19,560 INFO sms_id=303 inserted transaction 76500239822
2026-05-29 22:50:19,563 INFO sms_id=304 inserted transaction 296
2026-05-29 22:50:19,566 INFO sms_id=305 inserted transaction 297
2026-05-29 22:50:19,570 INFO sms_id=306 inserted transaction 62680813443
2026-05-29 22:50:19,573 INFO sms_id=307 inserted transaction 60128198918
2026-05-29 22:50:19,576 INFO sms_id=308 inserted transaction 300
2026-05-29 22:50:19,579 INFO sms_id=309 inserted transaction 45944658885
2026-05-29 22:50:19,581 INFO sms_id=310 inserted transaction 95262102019
2026-05-29 22:50:19,584 INFO sms_id=311 inserted transaction 303
2026-05-29 22:50:19,586 INFO sms_id=312 inserted transaction 304
2026-05-29 22:50:19,588 INFO sms_id=313 inserted transaction 305
2026-05-29 22:50:19,592 INFO sms_id=314 inserted transaction 87006296823
2026-05-29 22:50:19,595 INFO sms_id=315 inserted transaction 307
2026-05-29 22:50:19,599 INFO sms_id=316 inserted transaction 308
2026-05-29 22:50:19,602 INFO sms_id=317 inserted transaction 309
2026-05-29 22:50:19,605 INFO sms_id=318 inserted transaction 14540224719
2026-05-29 22:50:19,607 INFO sms_id=319 inserted transaction 311
2026-05-29 22:50:19,610 INFO sms_id=320 inserted transaction 31576470196
2026-05-29 22:50:19,613 INFO sms_id=321 inserted transaction 313
2026-05-29 22:50:19,616 INFO sms_id=322 inserted transaction 73458718592
2026-05-29 22:50:19,619 INFO sms_id=323 inserted transaction 38607418037
2026-05-29 22:50:19,623 INFO sms_id=324 inserted transaction 316
2026-05-29 22:50:19,625 INFO sms_id=325 inserted transaction 74528093189
2026-05-29 22:50:19,628 INFO sms_id=326 inserted transaction 14551117248
2026-05-29 22:50:19,631 INFO sms_id=327 inserted transaction 319
2026-05-29 22:50:19,633 INFO sms_id=328 inserted transaction 320
2026-05-29 22:50:19,635 INFO sms_id=329 inserted transaction 321
2026-05-29 22:50:19,638 INFO sms_id=330 inserted transaction 322
2026-05-29 22:50:19,641 INFO sms_id=331 inserted transaction 36124196268
2026-05-29 22:50:19,643 INFO sms_id=332 inserted transaction 324
2026-05-29 22:50:19,645 INFO sms_id=333 inserted transaction 12278530897
2026-05-29 22:50:19,648 INFO sms_id=334 inserted transaction 326
2026-05-29 22:50:19,651 INFO sms_id=335 inserted transaction 327
2026-05-29 22:50:19,654 INFO sms_id=336 inserted transaction 328
2026-05-29 22:50:19,656 INFO sms_id=337 inserted transaction 14568668252
2026-05-29 22:50:19,659 INFO sms_id=338 inserted transaction 14569120894
2026-05-29 22:50:19,661 WARNING sms_id=339 unrecognized transaction type
2026-05-29 22:50:19,664 INFO sms_id=340 inserted transaction 331
2026-05-29 22:50:19,668 INFO sms_id=341 inserted transaction 80699538135
2026-05-29 22:50:19,672 INFO sms_id=342 inserted transaction 333
2026-05-29 22:50:19,675 INFO sms_id=343 inserted transaction 14574631016
2026-05-29 22:50:19,678 INFO sms_id=344 inserted transaction 76219803114
2026-05-29 22:50:19,681 INFO sms_id=345 inserted transaction 336
2026-05-29 22:50:19,684 INFO sms_id=346 inserted transaction 49444119897
2026-05-29 22:50:19,688 INFO sms_id=347 inserted transaction 23617183914
2026-05-29 22:50:19,691 INFO sms_id=348 inserted transaction 77242964085
2026-05-29 22:50:19,695 INFO sms_id=349 inserted transaction 46513194998
2026-05-29 22:50:19,697 INFO sms_id=350 inserted transaction 341
2026-05-29 22:50:19,700 INFO sms_id=351 inserted transaction 342
2026-05-29 22:50:19,702 INFO sms_id=352 inserted transaction 91434725399
2026-05-29 22:50:19,705 INFO sms_id=353 inserted transaction 344
2026-05-29 22:50:19,708 INFO sms_id=354 inserted transaction 92465449198
2026-05-29 22:50:19,711 INFO sms_id=355 inserted transaction 14582579702
2026-05-29 22:50:19,714 INFO sms_id=356 inserted transaction 347
2026-05-29 22:50:19,716 INFO sms_id=357 inserted transaction 348
2026-05-29 22:50:19,718 INFO sms_id=358 inserted transaction 73443153836
2026-05-29 22:50:19,720 INFO sms_id=359 inserted transaction 350
2026-05-29 22:50:19,722 INFO sms_id=360 inserted transaction 351
2026-05-29 22:50:19,725 INFO sms_id=361 inserted transaction 36547564090
2026-05-29 22:50:19,727 INFO sms_id=362 inserted transaction 74110530634
2026-05-29 22:50:19,730 INFO sms_id=363 inserted transaction 13627937199
2026-05-29 22:50:19,732 INFO sms_id=364 inserted transaction 72441399952
2026-05-29 22:50:19,734 INFO sms_id=365 inserted transaction 61734495932
2026-05-29 22:50:19,737 INFO sms_id=366 inserted transaction 60128358762
2026-05-29 22:50:19,739 INFO sms_id=367 inserted transaction 65198686588
2026-05-29 22:50:19,741 INFO sms_id=368 inserted transaction 74637643766
2026-05-29 22:50:19,744 INFO sms_id=369 inserted transaction 19291503186
2026-05-29 22:50:19,746 INFO sms_id=370 inserted transaction 361
2026-05-29 22:50:19,748 INFO sms_id=371 inserted transaction 362
2026-05-29 22:50:19,751 INFO sms_id=372 inserted transaction 89343929108
2026-05-29 22:50:19,754 INFO sms_id=373 inserted transaction 59302716963
2026-05-29 22:50:19,757 INFO sms_id=374 inserted transaction 365
2026-05-29 22:50:19,760 INFO sms_id=375 inserted transaction 26484890740
2026-05-29 22:50:19,762 INFO sms_id=376 inserted transaction 367
2026-05-29 22:50:19,765 INFO sms_id=377 inserted transaction 28014849597
2026-05-29 22:50:19,769 INFO sms_id=378 inserted transaction 369
2026-05-29 22:50:19,771 INFO sms_id=379 inserted transaction 370
2026-05-29 22:50:19,774 INFO sms_id=380 inserted transaction 371
2026-05-29 22:50:19,776 INFO sms_id=381 inserted transaction 65226318623
2026-05-29 22:50:19,778 INFO sms_id=382 inserted transaction 373
2026-05-29 22:50:19,781 INFO sms_id=383 inserted transaction 374
2026-05-29 22:50:19,784 INFO sms_id=384 inserted transaction 26330194128
2026-05-29 22:50:19,788 INFO sms_id=385 inserted transaction 376
2026-05-29 22:50:19,790 INFO sms_id=386 inserted transaction 377
2026-05-29 22:50:19,793 INFO sms_id=387 inserted transaction 55580359590
2026-05-29 22:50:19,796 INFO sms_id=388 inserted transaction 379
2026-05-29 22:50:19,800 INFO sms_id=389 inserted transaction 15722120949
2026-05-29 22:50:19,803 INFO sms_id=390 inserted transaction 381
2026-05-29 22:50:19,807 INFO sms_id=391 inserted transaction 13515849108
2026-05-29 22:50:19,810 INFO sms_id=392 inserted transaction 383
2026-05-29 22:50:19,813 INFO sms_id=393 inserted transaction 91762592039
2026-05-29 22:50:19,816 INFO sms_id=394 inserted transaction 10806359835
2026-05-29 22:50:19,820 INFO sms_id=395 inserted transaction 72418341683
2026-05-29 22:50:19,823 INFO sms_id=396 inserted transaction 36585848121
2026-05-29 22:50:19,827 INFO sms_id=397 inserted transaction 388
2026-05-29 22:50:19,830 INFO sms_id=398 inserted transaction 389
2026-05-29 22:50:19,832 INFO sms_id=399 inserted transaction 58456925124
2026-05-29 22:50:19,836 INFO sms_id=400 inserted transaction 14628107159
2026-05-29 22:50:19,839 INFO sms_id=401 inserted transaction 52596922232
2026-05-29 22:50:19,842 INFO sms_id=402 inserted transaction 15105279544
2026-05-29 22:50:19,845 INFO sms_id=403 inserted transaction 394
2026-05-29 22:50:19,848 INFO sms_id=404 inserted transaction 30881509437
2026-05-29 22:50:19,850 INFO sms_id=405 inserted transaction 75410293151
2026-05-29 22:50:19,852 INFO sms_id=406 inserted transaction 397
2026-05-29 22:50:19,855 INFO sms_id=407 inserted transaction 62824215473
2026-05-29 22:50:19,858 INFO sms_id=408 inserted transaction 399
2026-05-29 22:50:19,861 INFO sms_id=409 inserted transaction 400
2026-05-29 22:50:19,863 INFO sms_id=410 inserted transaction 401
2026-05-29 22:50:19,866 INFO sms_id=411 inserted transaction 402
2026-05-29 22:50:19,868 INFO sms_id=412 inserted transaction 45688985882
2026-05-29 22:50:19,870 INFO sms_id=413 inserted transaction 16694058718
2026-05-29 22:50:19,872 INFO sms_id=414 inserted transaction 14655104674
2026-05-29 22:50:19,874 WARNING sms_id=415 unrecognized transaction type
2026-05-29 22:50:19,876 INFO sms_id=416 inserted transaction 406
2026-05-29 22:50:19,879 INFO sms_id=417 inserted transaction 407
2026-05-29 22:50:19,881 INFO sms_id=418 inserted transaction 99848480430
2026-05-29 22:50:19,884 INFO sms_id=419 inserted transaction 409
2026-05-29 22:50:19,886 INFO sms_id=420 inserted transaction 410
2026-05-29 22:50:19,889 INFO sms_id=421 inserted transaction 411
2026-05-29 22:50:19,891 INFO sms_id=422 inserted transaction 35153028513
2026-05-29 22:50:19,894 INFO sms_id=423 inserted transaction 67511009036
2026-05-29 22:50:19,896 INFO sms_id=424 inserted transaction 34707153443
2026-05-29 22:50:19,898 INFO sms_id=425 inserted transaction 415
2026-05-29 22:50:19,900 INFO sms_id=426 inserted transaction 416
2026-05-29 22:50:19,902 INFO sms_id=427 inserted transaction 417
2026-05-29 22:50:19,904 INFO sms_id=428 inserted transaction 418
2026-05-29 22:50:19,906 INFO sms_id=429 inserted transaction 419
2026-05-29 22:50:19,908 INFO sms_id=430 inserted transaction 38508422103
2026-05-29 22:50:19,911 INFO sms_id=431 inserted transaction 34521857854
2026-05-29 22:50:19,914 INFO sms_id=432 inserted transaction 422
2026-05-29 22:50:19,916 INFO sms_id=433 inserted transaction 41545470202
2026-05-29 22:50:19,919 INFO sms_id=434 inserted transaction 424
2026-05-29 22:50:19,921 INFO sms_id=435 inserted transaction 425
2026-05-29 22:50:19,924 INFO sms_id=436 inserted transaction 11475000639
2026-05-29 22:50:19,926 INFO sms_id=437 inserted transaction 427
2026-05-29 22:50:19,928 INFO sms_id=438 inserted transaction 428
2026-05-29 22:50:19,930 INFO sms_id=439 inserted transaction 56884759672
2026-05-29 22:50:19,932 INFO sms_id=440 inserted transaction 89252038095
2026-05-29 22:50:19,934 INFO sms_id=441 inserted transaction 431
2026-05-29 22:50:19,936 INFO sms_id=442 inserted transaction 432
2026-05-29 22:50:19,939 INFO sms_id=443 inserted transaction 433
2026-05-29 22:50:19,942 INFO sms_id=444 inserted transaction 78679877816
2026-05-29 22:50:19,945 INFO sms_id=445 inserted transaction 435
2026-05-29 22:50:19,947 INFO sms_id=446 inserted transaction 436
2026-05-29 22:50:19,949 INFO sms_id=447 inserted transaction 437
2026-05-29 22:50:19,951 INFO sms_id=448 inserted transaction 81915290006
2026-05-29 22:50:19,955 INFO sms_id=449 inserted transaction 72699451485
2026-05-29 22:50:19,961 INFO sms_id=450 inserted transaction 440
2026-05-29 22:50:19,965 INFO sms_id=451 inserted transaction 441
2026-05-29 22:50:19,967 INFO sms_id=452 inserted transaction 442
2026-05-29 22:50:19,970 INFO sms_id=453 inserted transaction 443
2026-05-29 22:50:19,972 INFO sms_id=454 inserted transaction 80209257569
2026-05-29 22:50:19,975 INFO sms_id=455 inserted transaction 98284235113
2026-05-29 22:50:19,979 INFO sms_id=456 inserted transaction 446
2026-05-29 22:50:19,981 INFO sms_id=457 inserted transaction 84747563706
2026-05-29 22:50:19,983 INFO sms_id=458 inserted transaction 448
2026-05-29 22:50:19,986 INFO sms_id=459 inserted transaction 449
2026-05-29 22:50:19,989 INFO sms_id=460 inserted transaction 450
2026-05-29 22:50:19,992 INFO sms_id=461 inserted transaction 90348213649
2026-05-29 22:50:19,995 INFO sms_id=462 inserted transaction 69649307640
2026-05-29 22:50:19,999 INFO sms_id=463 inserted transaction 53891623812
2026-05-29 22:50:20,003 INFO sms_id=464 inserted transaction 50912955416
2026-05-29 22:50:20,006 INFO sms_id=465 inserted transaction 74932161869
2026-05-29 22:50:20,010 INFO sms_id=466 inserted transaction 12528494674
2026-05-29 22:50:20,013 INFO sms_id=467 inserted transaction 14756781450
2026-05-29 22:50:20,016 WARNING sms_id=468 unrecognized transaction type
2026-05-29 22:50:20,021 INFO sms_id=469 inserted transaction 458
2026-05-29 22:50:20,024 INFO sms_id=470 inserted transaction 87090810360
2026-05-29 22:50:20,028 INFO sms_id=471 inserted transaction 12980825408
2026-05-29 22:50:20,032 INFO sms_id=472 inserted transaction 461
2026-05-29 22:50:20,037 INFO sms_id=473 inserted transaction 87304861537
2026-05-29 22:50:20,041 INFO sms_id=474 inserted transaction 16850663914
2026-05-29 22:50:20,045 INFO sms_id=475 inserted transaction 464
2026-05-29 22:50:20,047 INFO sms_id=476 inserted transaction 85764457767
2026-05-29 22:50:20,050 INFO sms_id=477 inserted transaction 29430841892
2026-05-29 22:50:20,053 INFO sms_id=478 inserted transaction 467
2026-05-29 22:50:20,057 INFO sms_id=479 inserted transaction 468
2026-05-29 22:50:20,060 INFO sms_id=480 inserted transaction 469
2026-05-29 22:50:20,063 INFO sms_id=481 inserted transaction 470
2026-05-29 22:50:20,066 INFO sms_id=482 inserted transaction 14807754878
2026-05-29 22:50:20,069 INFO sms_id=483 inserted transaction 72553027719
2026-05-29 22:50:20,072 INFO sms_id=484 inserted transaction 473
2026-05-29 22:50:20,075 INFO sms_id=485 inserted transaction 23386885212
2026-05-29 22:50:20,077 INFO sms_id=486 inserted transaction 475
2026-05-29 22:50:20,080 INFO sms_id=487 inserted transaction 476
2026-05-29 22:50:20,082 INFO sms_id=488 inserted transaction 477
2026-05-29 22:50:20,085 INFO sms_id=489 inserted transaction 44609370529
2026-05-29 22:50:20,088 INFO sms_id=490 inserted transaction 90206827638
2026-05-29 22:50:20,091 INFO sms_id=491 inserted transaction 22146060402
2026-05-29 22:50:20,093 INFO sms_id=492 inserted transaction 52332988443
2026-05-29 22:50:20,096 INFO sms_id=493 inserted transaction 482
2026-05-29 22:50:20,099 INFO sms_id=494 inserted transaction 483
2026-05-29 22:50:20,101 INFO sms_id=495 inserted transaction 484
2026-05-29 22:50:20,104 INFO sms_id=496 inserted transaction 485
2026-05-29 22:50:20,107 INFO sms_id=497 inserted transaction 486
2026-05-29 22:50:20,110 INFO sms_id=498 inserted transaction 59668582919
2026-05-29 22:50:20,113 INFO sms_id=499 inserted transaction 89908606372
2026-05-29 22:50:20,117 INFO sms_id=500 inserted transaction 489
2026-05-29 22:50:20,121 INFO sms_id=501 inserted transaction 490
2026-05-29 22:50:20,126 INFO sms_id=502 inserted transaction 491
2026-05-29 22:50:20,130 INFO sms_id=503 inserted transaction 492
2026-05-29 22:50:20,133 INFO sms_id=504 inserted transaction 493
2026-05-29 22:50:20,136 INFO sms_id=505 inserted transaction 494
2026-05-29 22:50:20,139 INFO sms_id=506 inserted transaction 495
2026-05-29 22:50:20,142 INFO sms_id=507 inserted transaction 46934619518
2026-05-29 22:50:20,144 INFO sms_id=508 inserted transaction 66395034050
2026-05-29 22:50:20,147 INFO sms_id=509 inserted transaction 69887702746
2026-05-29 22:50:20,150 INFO sms_id=510 inserted transaction 499
2026-05-29 22:50:20,152 INFO sms_id=511 inserted transaction 63310525007
2026-05-29 22:50:20,154 INFO sms_id=512 inserted transaction 95583860245
2026-05-29 22:50:20,156 INFO sms_id=513 inserted transaction 66819031167
2026-05-29 22:50:20,159 INFO sms_id=514 inserted transaction 56567422826
2026-05-29 22:50:20,161 INFO sms_id=515 inserted transaction 504
2026-05-29 22:50:20,164 INFO sms_id=516 inserted transaction 21105102493
2026-05-29 22:50:20,167 INFO sms_id=517 inserted transaction 506
2026-05-29 22:50:20,170 INFO sms_id=518 inserted transaction 63176850070
2026-05-29 22:50:20,173 INFO sms_id=519 inserted transaction 508
2026-05-29 22:50:20,177 INFO sms_id=520 inserted transaction 55265011853
2026-05-29 22:50:20,180 INFO sms_id=521 inserted transaction 510
2026-05-29 22:50:20,183 INFO sms_id=522 inserted transaction 37017834113
2026-05-29 22:50:20,186 INFO sms_id=523 inserted transaction 512
2026-05-29 22:50:20,189 INFO sms_id=524 inserted transaction 513
2026-05-29 22:50:20,192 INFO sms_id=525 inserted transaction 60895608806
2026-05-29 22:50:20,195 INFO sms_id=526 inserted transaction 87797195810
2026-05-29 22:50:20,199 INFO sms_id=527 inserted transaction 516
2026-05-29 22:50:20,202 INFO sms_id=528 inserted transaction 517
2026-05-29 22:50:20,206 INFO sms_id=529 inserted transaction 518
2026-05-29 22:50:20,211 INFO sms_id=530 inserted transaction 21296060708
2026-05-29 22:50:20,214 INFO sms_id=531 inserted transaction 520
2026-05-29 22:50:20,217 INFO sms_id=532 inserted transaction 521
2026-05-29 22:50:20,219 INFO sms_id=533 inserted transaction 522
2026-05-29 22:50:20,221 INFO sms_id=534 inserted transaction 523
2026-05-29 22:50:20,224 INFO sms_id=535 inserted transaction 524
2026-05-29 22:50:20,226 INFO sms_id=536 inserted transaction 14909215103
2026-05-29 22:50:20,229 WARNING sms_id=537 unrecognized transaction type
2026-05-29 22:50:20,231 INFO sms_id=538 inserted transaction 526
2026-05-29 22:50:20,234 INFO sms_id=539 inserted transaction 35751352205
2026-05-29 22:50:20,236 INFO sms_id=540 inserted transaction 528
2026-05-29 22:50:20,239 INFO sms_id=541 inserted transaction 90362526943
2026-05-29 22:50:20,241 INFO sms_id=542 inserted transaction 41432289875
2026-05-29 22:50:20,244 INFO sms_id=543 inserted transaction 44149221556
2026-05-29 22:50:20,248 INFO sms_id=544 inserted transaction 33565890577
2026-05-29 22:50:20,250 INFO sms_id=545 inserted transaction 533
2026-05-29 22:50:20,253 INFO sms_id=546 inserted transaction 534
2026-05-29 22:50:20,255 INFO sms_id=547 inserted transaction 535
2026-05-29 22:50:20,258 INFO sms_id=548 inserted transaction 536
2026-05-29 22:50:20,261 INFO sms_id=549 inserted transaction 537
2026-05-29 22:50:20,265 INFO sms_id=550 inserted transaction 41602878997
2026-05-29 22:50:20,267 WARNING sms_id=551 unrecognized transaction type
2026-05-29 22:50:20,270 INFO sms_id=552 inserted transaction 14940294542
2026-05-29 22:50:20,273 INFO sms_id=553 inserted transaction 540
2026-05-29 22:50:20,276 INFO sms_id=554 inserted transaction 541
2026-05-29 22:50:20,279 INFO sms_id=555 inserted transaction 542
2026-05-29 22:50:20,283 INFO sms_id=556 inserted transaction 14739625447
2026-05-29 22:50:20,287 INFO sms_id=557 inserted transaction 76672344043
2026-05-29 22:50:20,291 INFO sms_id=558 inserted transaction 545
2026-05-29 22:50:20,294 INFO sms_id=559 inserted transaction 60173686359
2026-05-29 22:50:20,296 INFO sms_id=560 inserted transaction 92109248895
2026-05-29 22:50:20,299 INFO sms_id=561 inserted transaction 548
2026-05-29 22:50:20,302 INFO sms_id=562 inserted transaction 71788861419
2026-05-29 22:50:20,305 INFO sms_id=563 inserted transaction 550
2026-05-29 22:50:20,308 INFO sms_id=564 inserted transaction 88491836419
2026-05-29 22:50:20,310 INFO sms_id=565 inserted transaction 91472495825
2026-05-29 22:50:20,314 INFO sms_id=566 inserted transaction 34195714002
2026-05-29 22:50:20,317 INFO sms_id=567 inserted transaction 554
2026-05-29 22:50:20,321 INFO sms_id=568 inserted transaction 555
2026-05-29 22:50:20,325 INFO sms_id=569 inserted transaction 556
2026-05-29 22:50:20,328 INFO sms_id=570 inserted transaction 67819295386
2026-05-29 22:50:20,330 INFO sms_id=571 inserted transaction 558
2026-05-29 22:50:20,333 INFO sms_id=572 inserted transaction 82065623976
2026-05-29 22:50:20,335 INFO sms_id=573 inserted transaction 42285606353
2026-05-29 22:50:20,338 WARNING sms_id=574 unrecognized transaction type
2026-05-29 22:50:20,340 INFO sms_id=575 inserted transaction 14969968017
2026-05-29 22:50:20,343 INFO sms_id=576 inserted transaction 562
2026-05-29 22:50:20,345 INFO sms_id=577 inserted transaction 36437958017
2026-05-29 22:50:20,348 INFO sms_id=578 inserted transaction 85850951309
2026-05-29 22:50:20,350 INFO sms_id=579 inserted transaction 10296908600
2026-05-29 22:50:20,352 INFO sms_id=580 inserted transaction 566
2026-05-29 22:50:20,354 INFO sms_id=581 inserted transaction 567
2026-05-29 22:50:20,357 INFO sms_id=582 inserted transaction 568
2026-05-29 22:50:20,359 INFO sms_id=583 inserted transaction 81424789154
2026-05-29 22:50:20,362 INFO sms_id=584 inserted transaction 60914783301
2026-05-29 22:50:20,365 INFO sms_id=585 inserted transaction 571
2026-05-29 22:50:20,368 INFO sms_id=586 inserted transaction 572
2026-05-29 22:50:20,372 INFO sms_id=587 inserted transaction 14977177408
2026-05-29 22:50:20,376 INFO sms_id=588 inserted transaction 574
2026-05-29 22:50:20,379 INFO sms_id=589 inserted transaction 14977293553
2026-05-29 22:50:20,381 INFO sms_id=590 inserted transaction 576
2026-05-29 22:50:20,384 INFO sms_id=591 inserted transaction 14977386817
2026-05-29 22:50:20,386 INFO sms_id=592 inserted transaction 578
2026-05-29 22:50:20,388 INFO sms_id=593 inserted transaction 579
2026-05-29 22:50:20,391 INFO sms_id=594 inserted transaction 580
2026-05-29 22:50:20,393 INFO sms_id=595 inserted transaction 581
2026-05-29 22:50:20,395 INFO sms_id=596 inserted transaction 582
2026-05-29 22:50:20,397 INFO sms_id=597 inserted transaction 583
2026-05-29 22:50:20,399 INFO sms_id=598 inserted transaction 584
2026-05-29 22:50:20,401 INFO sms_id=599 inserted transaction 585
2026-05-29 22:50:20,403 INFO sms_id=600 inserted transaction 586
2026-05-29 22:50:20,405 INFO Committed batch size=300 inserted=294 skipped_unknown=6 skipped_invalid=0 failed=0
2026-05-29 22:50:20,406 INFO sms_id=601 inserted transaction 82008869453
2026-05-29 22:50:20,409 INFO sms_id=602 inserted transaction 588
2026-05-29 22:50:20,411 INFO sms_id=603 inserted transaction 40600429643
2026-05-29 22:50:20,414 INFO sms_id=604 inserted transaction 590
2026-05-29 22:50:20,416 INFO sms_id=605 inserted transaction 64055047273
2026-05-29 22:50:20,419 INFO sms_id=606 inserted transaction 89491266162
2026-05-29 22:50:20,422 INFO sms_id=607 inserted transaction 55841829409
2026-05-29 22:50:20,425 INFO sms_id=608 inserted transaction 88560738072
2026-05-29 22:50:20,428 INFO sms_id=609 inserted transaction 30752287352
2026-05-29 22:50:20,432 INFO sms_id=610 inserted transaction 53255374349
2026-05-29 22:50:20,435 INFO sms_id=611 inserted transaction 51995555513
2026-05-29 22:50:20,438 INFO sms_id=612 inserted transaction 82523323504
2026-05-29 22:50:20,440 INFO sms_id=613 inserted transaction 83243497448
2026-05-29 22:50:20,443 INFO sms_id=614 inserted transaction 600
2026-05-29 22:50:20,446 INFO sms_id=615 inserted transaction 18412104580
2026-05-29 22:50:20,449 INFO sms_id=616 inserted transaction 37742687948
2026-05-29 22:50:20,452 INFO sms_id=617 inserted transaction 88339887283
2026-05-29 22:50:20,455 INFO sms_id=618 inserted transaction 36652345884
2026-05-29 22:50:20,457 INFO sms_id=619 inserted transaction 97102681312
2026-05-29 22:50:20,460 INFO sms_id=620 inserted transaction 69262787089
2026-05-29 22:50:20,463 INFO sms_id=621 inserted transaction 84450540041
2026-05-29 22:50:20,465 INFO sms_id=622 inserted transaction 29940304846
2026-05-29 22:50:20,467 INFO sms_id=623 inserted transaction 609
2026-05-29 22:50:20,469 INFO sms_id=624 inserted transaction 15064161618
2026-05-29 22:50:20,471 WARNING sms_id=625 unrecognized transaction type
2026-05-29 22:50:20,473 INFO sms_id=626 inserted transaction 76571849631
2026-05-29 22:50:20,475 INFO sms_id=627 inserted transaction 612
2026-05-29 22:50:20,478 INFO sms_id=628 inserted transaction 84613735727
2026-05-29 22:50:20,480 WARNING sms_id=629 unrecognized transaction type
2026-05-29 22:50:20,482 INFO sms_id=630 inserted transaction 15070248766
2026-05-29 22:50:20,485 INFO sms_id=631 inserted transaction 615
2026-05-29 22:50:20,488 INFO sms_id=632 inserted transaction 67758041409
2026-05-29 22:50:20,490 INFO sms_id=633 inserted transaction 37095118662
2026-05-29 22:50:20,493 INFO sms_id=634 inserted transaction 618
2026-05-29 22:50:20,495 INFO sms_id=635 inserted transaction 619
2026-05-29 22:50:20,498 INFO sms_id=636 inserted transaction 620
2026-05-29 22:50:20,500 INFO sms_id=637 inserted transaction 621
2026-05-29 22:50:20,502 INFO sms_id=638 inserted transaction 54529107912
2026-05-29 22:50:20,504 INFO sms_id=639 inserted transaction 623
2026-05-29 22:50:20,506 INFO sms_id=640 inserted transaction 624
2026-05-29 22:50:20,509 INFO sms_id=641 inserted transaction 15097735991
2026-05-29 22:50:20,510 WARNING sms_id=642 unrecognized transaction type
2026-05-29 22:50:20,513 INFO sms_id=643 inserted transaction 626
2026-05-29 22:50:20,515 INFO sms_id=644 inserted transaction 627
2026-05-29 22:50:20,518 INFO sms_id=645 inserted transaction 17312696676
2026-05-29 22:50:20,520 INFO sms_id=646 inserted transaction 629
2026-05-29 22:50:20,524 INFO sms_id=647 inserted transaction 630
2026-05-29 22:50:20,527 INFO sms_id=648 inserted transaction 44828677354
2026-05-29 22:50:20,530 INFO sms_id=649 inserted transaction 632
2026-05-29 22:50:20,532 INFO sms_id=650 inserted transaction 633
2026-05-29 22:50:20,535 INFO sms_id=651 inserted transaction 634
2026-05-29 22:50:20,537 INFO sms_id=652 inserted transaction 635
2026-05-29 22:50:20,539 INFO sms_id=653 inserted transaction 636
2026-05-29 22:50:20,540 INFO sms_id=654 inserted transaction 81849854541
2026-05-29 22:50:20,542 INFO sms_id=655 inserted transaction 638
2026-05-29 22:50:20,544 INFO sms_id=656 inserted transaction 15126906031
2026-05-29 22:50:20,546 WARNING sms_id=657 unrecognized transaction type
2026-05-29 22:50:20,547 INFO sms_id=658 inserted transaction 640
2026-05-29 22:50:20,550 INFO sms_id=659 inserted transaction 641
2026-05-29 22:50:20,552 INFO sms_id=660 inserted transaction 68702182375
2026-05-29 22:50:20,554 INFO sms_id=661 inserted transaction 35397483220
2026-05-29 22:50:20,556 INFO sms_id=662 inserted transaction 644
2026-05-29 22:50:20,558 INFO sms_id=663 inserted transaction 61050966433
2026-05-29 22:50:20,560 WARNING sms_id=664 unrecognized transaction type
2026-05-29 22:50:20,562 INFO sms_id=665 inserted transaction 15146128209
2026-05-29 22:50:20,564 INFO sms_id=666 inserted transaction 17146568940
2026-05-29 22:50:20,567 INFO sms_id=667 inserted transaction 648
2026-05-29 22:50:20,569 INFO sms_id=668 inserted transaction 51244172238
2026-05-29 22:50:20,572 INFO sms_id=669 inserted transaction 42404795768
2026-05-29 22:50:20,575 INFO sms_id=670 inserted transaction 651
2026-05-29 22:50:20,577 INFO sms_id=671 inserted transaction 28724945380
2026-05-29 22:50:20,579 INFO sms_id=672 inserted transaction 653
2026-05-29 22:50:20,582 INFO sms_id=673 inserted transaction 654
2026-05-29 22:50:20,585 INFO sms_id=674 inserted transaction 84355626350
2026-05-29 22:50:20,587 INFO sms_id=675 inserted transaction 656
2026-05-29 22:50:20,589 INFO sms_id=676 inserted transaction 66942812945
2026-05-29 22:50:20,591 INFO sms_id=677 inserted transaction 44686423914
2026-05-29 22:50:20,593 INFO sms_id=678 inserted transaction 659
2026-05-29 22:50:20,595 INFO sms_id=679 inserted transaction 660
2026-05-29 22:50:20,598 INFO sms_id=680 inserted transaction 661
2026-05-29 22:50:20,600 INFO sms_id=681 inserted transaction 90009446652
2026-05-29 22:50:20,603 INFO sms_id=682 inserted transaction 39711811703
2026-05-29 22:50:20,605 INFO sms_id=683 inserted transaction 664
2026-05-29 22:50:20,607 INFO sms_id=684 inserted transaction 43449848103
2026-05-29 22:50:20,609 INFO sms_id=685 inserted transaction 36806257641
2026-05-29 22:50:20,611 INFO sms_id=686 inserted transaction 85705805836
2026-05-29 22:50:20,614 INFO sms_id=687 inserted transaction 98718398488
2026-05-29 22:50:20,616 INFO sms_id=688 inserted transaction 669
2026-05-29 22:50:20,618 INFO sms_id=689 inserted transaction 670
2026-05-29 22:50:20,620 INFO sms_id=690 inserted transaction 15178525743
2026-05-29 22:50:20,622 WARNING sms_id=691 unrecognized transaction type
2026-05-29 22:50:20,625 INFO sms_id=692 inserted transaction 15180796103
2026-05-29 22:50:20,627 INFO sms_id=693 inserted transaction 15183763430
2026-05-29 22:50:20,630 INFO sms_id=694 inserted transaction 674
2026-05-29 22:50:20,632 INFO sms_id=695 inserted transaction 15204526240
2026-05-29 22:50:20,634 WARNING sms_id=696 unrecognized transaction type
2026-05-29 22:50:20,635 WARNING sms_id=697 unrecognized transaction type
2026-05-29 22:50:20,637 WARNING sms_id=698 category code missing in DB: CASH_DEP
2026-05-29 22:50:20,640 INFO sms_id=699 inserted transaction 676
2026-05-29 22:50:20,642 INFO sms_id=700 inserted transaction 65794486507
2026-05-29 22:50:20,644 INFO sms_id=701 inserted transaction 54527566978
2026-05-29 22:50:20,646 INFO sms_id=702 inserted transaction 679
2026-05-29 22:50:20,648 INFO sms_id=703 inserted transaction 680
2026-05-29 22:50:20,649 INFO sms_id=704 inserted transaction 44085722067
2026-05-29 22:50:20,651 INFO sms_id=705 inserted transaction 34840236831
2026-05-29 22:50:20,653 INFO sms_id=706 inserted transaction 33807026334
2026-05-29 22:50:20,654 INFO sms_id=707 inserted transaction 17685290715
2026-05-29 22:50:20,656 INFO sms_id=708 inserted transaction 685
2026-05-29 22:50:20,658 INFO sms_id=709 inserted transaction 686
2026-05-29 22:50:20,660 INFO sms_id=710 inserted transaction 687
2026-05-29 22:50:20,662 INFO sms_id=711 inserted transaction 30421279676
2026-05-29 22:50:20,664 INFO sms_id=712 inserted transaction 689
2026-05-29 22:50:20,666 INFO sms_id=713 inserted transaction 67810322933
2026-05-29 22:50:20,668 INFO sms_id=714 inserted transaction 16477334750
2026-05-29 22:50:20,671 INFO sms_id=715 inserted transaction 63168026131
2026-05-29 22:50:20,673 INFO sms_id=716 inserted transaction 37958581135
2026-05-29 22:50:20,675 INFO sms_id=717 inserted transaction 32776707801
2026-05-29 22:50:20,678 INFO sms_id=718 inserted transaction 16642246344
2026-05-29 22:50:20,680 INFO sms_id=719 inserted transaction 696
2026-05-29 22:50:20,682 INFO sms_id=720 inserted transaction 697
2026-05-29 22:50:20,684 INFO sms_id=721 inserted transaction 698
2026-05-29 22:50:20,686 INFO sms_id=722 inserted transaction 699
2026-05-29 22:50:20,688 INFO sms_id=723 inserted transaction 51287161721
2026-05-29 22:50:20,691 INFO sms_id=724 inserted transaction 42143703095
2026-05-29 22:50:20,693 INFO sms_id=725 inserted transaction 19778042081
2026-05-29 22:50:20,695 INFO sms_id=726 inserted transaction 703
2026-05-29 22:50:20,698 INFO sms_id=727 inserted transaction 704
2026-05-29 22:50:20,700 INFO sms_id=728 inserted transaction 65847057882
2026-05-29 22:50:20,702 INFO sms_id=729 inserted transaction 50837825539
2026-05-29 22:50:20,705 INFO sms_id=730 inserted transaction 707
2026-05-29 22:50:20,707 INFO sms_id=731 inserted transaction 72819907564
2026-05-29 22:50:20,709 INFO sms_id=732 inserted transaction 53433821307
2026-05-29 22:50:20,712 INFO sms_id=733 inserted transaction 58247627931
2026-05-29 22:50:20,713 INFO sms_id=734 inserted transaction 15475262766
2026-05-29 22:50:20,715 WARNING sms_id=735 unrecognized transaction type
2026-05-29 22:50:20,717 INFO sms_id=736 inserted transaction 712
2026-05-29 22:50:20,718 INFO sms_id=737 inserted transaction 713
2026-05-29 22:50:20,720 INFO sms_id=738 inserted transaction 714
2026-05-29 22:50:20,722 INFO sms_id=739 inserted transaction 715
2026-05-29 22:50:20,724 INFO sms_id=740 inserted transaction 19153266137
2026-05-29 22:50:20,727 INFO sms_id=741 inserted transaction 717
2026-05-29 22:50:20,729 INFO sms_id=742 inserted transaction 39270807010
2026-05-29 22:50:20,732 INFO sms_id=743 inserted transaction 99076325019
2026-05-29 22:50:20,734 INFO sms_id=744 inserted transaction 720
2026-05-29 22:50:20,736 INFO sms_id=745 inserted transaction 721
2026-05-29 22:50:20,738 INFO sms_id=746 inserted transaction 722
2026-05-29 22:50:20,740 INFO sms_id=747 inserted transaction 34261953989
2026-05-29 22:50:20,742 INFO sms_id=748 inserted transaction 96185760887
2026-05-29 22:50:20,744 INFO sms_id=749 inserted transaction 725
2026-05-29 22:50:20,746 INFO sms_id=750 inserted transaction 15507397966
2026-05-29 22:50:20,748 INFO sms_id=751 inserted transaction 15512525928
2026-05-29 22:50:20,750 INFO sms_id=752 inserted transaction 97313704025
2026-05-29 22:50:20,751 INFO sms_id=753 inserted transaction 77555076585
2026-05-29 22:50:20,753 INFO sms_id=754 inserted transaction 84510391939
2026-05-29 22:50:20,755 INFO sms_id=755 inserted transaction 22766907160
2026-05-29 22:50:20,758 INFO sms_id=756 inserted transaction 732
2026-05-29 22:50:20,760 INFO sms_id=757 inserted transaction 733
2026-05-29 22:50:20,763 INFO sms_id=758 inserted transaction 734
2026-05-29 22:50:20,765 INFO sms_id=759 inserted transaction 65203206628
2026-05-29 22:50:20,768 INFO sms_id=760 inserted transaction 28158968182
2026-05-29 22:50:20,772 INFO sms_id=761 inserted transaction 46906409049
2026-05-29 22:50:20,774 INFO sms_id=762 inserted transaction 54566717014
2026-05-29 22:50:20,778 INFO sms_id=763 inserted transaction 15538355693
2026-05-29 22:50:20,781 INFO sms_id=764 inserted transaction 740
2026-05-29 22:50:20,784 INFO sms_id=765 inserted transaction 18226776468
2026-05-29 22:50:20,787 INFO sms_id=766 inserted transaction 54349163900
2026-05-29 22:50:20,790 INFO sms_id=767 inserted transaction 78378077317
2026-05-29 22:50:20,792 INFO sms_id=768 inserted transaction 744
2026-05-29 22:50:20,795 INFO sms_id=769 inserted transaction 745
2026-05-29 22:50:20,797 INFO sms_id=770 inserted transaction 746
2026-05-29 22:50:20,800 INFO sms_id=771 inserted transaction 747
2026-05-29 22:50:20,803 INFO sms_id=772 inserted transaction 71235033735
2026-05-29 22:50:20,806 INFO sms_id=773 inserted transaction 71779593744
2026-05-29 22:50:20,809 INFO sms_id=774 inserted transaction 17120559943
2026-05-29 22:50:20,811 INFO sms_id=775 inserted transaction 751
2026-05-29 22:50:20,814 INFO sms_id=776 inserted transaction 60424907269
2026-05-29 22:50:20,817 INFO sms_id=777 inserted transaction 753
2026-05-29 22:50:20,820 INFO sms_id=778 inserted transaction 49794854165
2026-05-29 22:50:20,823 INFO sms_id=779 inserted transaction 83422016891
2026-05-29 22:50:20,826 INFO sms_id=780 inserted transaction 63961191384
2026-05-29 22:50:20,828 INFO sms_id=781 inserted transaction 15812096064
2026-05-29 22:50:20,831 INFO sms_id=782 inserted transaction 67353135596
2026-05-29 22:50:20,834 INFO sms_id=783 inserted transaction 57527013791
2026-05-29 22:50:20,837 INFO sms_id=784 inserted transaction 61863630305
2026-05-29 22:50:20,839 INFO sms_id=785 inserted transaction 761
2026-05-29 22:50:20,842 INFO sms_id=786 inserted transaction 80939174580
2026-05-29 22:50:20,845 INFO sms_id=787 inserted transaction 29253592859
2026-05-29 22:50:20,848 INFO sms_id=788 inserted transaction 95155933276
2026-05-29 22:50:20,850 INFO sms_id=789 inserted transaction 15594922933
2026-05-29 22:50:20,853 INFO sms_id=790 inserted transaction 52713686775
2026-05-29 22:50:20,855 INFO sms_id=791 inserted transaction 767
2026-05-29 22:50:20,857 INFO sms_id=792 inserted transaction 18813391203
2026-05-29 22:50:20,860 INFO sms_id=793 inserted transaction 15606505500
2026-05-29 22:50:20,862 INFO sms_id=794 inserted transaction 770
2026-05-29 22:50:20,864 INFO sms_id=795 inserted transaction 14741959916
2026-05-29 22:50:20,866 INFO sms_id=796 inserted transaction 67974931091
2026-05-29 22:50:20,869 INFO sms_id=797 inserted transaction 773
2026-05-29 22:50:20,871 INFO sms_id=798 inserted transaction 15611958408
2026-05-29 22:50:20,874 INFO sms_id=799 inserted transaction 14513684578
2026-05-29 22:50:20,876 INFO sms_id=800 inserted transaction 776
2026-05-29 22:50:20,878 INFO sms_id=801 inserted transaction 777
2026-05-29 22:50:20,881 INFO sms_id=802 inserted transaction 778
2026-05-29 22:50:20,883 INFO sms_id=803 inserted transaction 779
2026-05-29 22:50:20,885 INFO sms_id=804 inserted transaction 780
2026-05-29 22:50:20,887 INFO sms_id=805 inserted transaction 781
2026-05-29 22:50:20,890 INFO sms_id=806 inserted transaction 782
2026-05-29 22:50:20,892 INFO sms_id=807 inserted transaction 783
2026-05-29 22:50:20,894 INFO sms_id=808 inserted transaction 37507241088
2026-05-29 22:50:20,897 INFO sms_id=809 inserted transaction 88126214143
2026-05-29 22:50:20,899 INFO sms_id=810 inserted transaction 786
2026-05-29 22:50:20,901 INFO sms_id=811 inserted transaction 15628862865
2026-05-29 22:50:20,904 INFO sms_id=812 inserted transaction 95649567862
2026-05-29 22:50:20,906 INFO sms_id=813 inserted transaction 789
2026-05-29 22:50:20,908 INFO sms_id=814 inserted transaction 790
2026-05-29 22:50:20,911 INFO sms_id=815 inserted transaction 10083689781
2026-05-29 22:50:20,913 INFO sms_id=816 inserted transaction 792
2026-05-29 22:50:20,915 INFO sms_id=817 inserted transaction 793
2026-05-29 22:50:20,918 INFO sms_id=818 inserted transaction 68925556497
2026-05-29 22:50:20,920 INFO sms_id=819 inserted transaction 90275359445
2026-05-29 22:50:20,923 INFO sms_id=820 inserted transaction 796
2026-05-29 22:50:20,925 INFO sms_id=821 inserted transaction 797
2026-05-29 22:50:20,927 INFO sms_id=822 inserted transaction 798
2026-05-29 22:50:20,929 INFO sms_id=823 inserted transaction 799
2026-05-29 22:50:20,931 INFO sms_id=824 inserted transaction 800
2026-05-29 22:50:20,933 INFO sms_id=825 inserted transaction 801
2026-05-29 22:50:20,936 INFO sms_id=826 inserted transaction 87571566840
2026-05-29 22:50:20,938 INFO sms_id=827 inserted transaction 803
2026-05-29 22:50:20,940 INFO sms_id=828 inserted transaction 804
2026-05-29 22:50:20,942 INFO sms_id=829 inserted transaction 805
2026-05-29 22:50:20,945 INFO sms_id=830 inserted transaction 806
2026-05-29 22:50:20,947 INFO sms_id=831 inserted transaction 13774628019
2026-05-29 22:50:20,950 INFO sms_id=832 inserted transaction 808
2026-05-29 22:50:20,952 INFO sms_id=833 inserted transaction 65478956735
2026-05-29 22:50:20,955 INFO sms_id=834 inserted transaction 96684440213
2026-05-29 22:50:20,957 INFO sms_id=835 inserted transaction 811
2026-05-29 22:50:20,960 INFO sms_id=836 inserted transaction 10893465854
2026-05-29 22:50:20,962 INFO sms_id=837 inserted transaction 813
2026-05-29 22:50:20,965 INFO sms_id=838 inserted transaction 18269992033
2026-05-29 22:50:20,967 INFO sms_id=839 inserted transaction 815
2026-05-29 22:50:20,970 INFO sms_id=840 inserted transaction 816
2026-05-29 22:50:20,974 INFO sms_id=841 inserted transaction 817
2026-05-29 22:50:20,977 INFO sms_id=842 inserted transaction 818
2026-05-29 22:50:20,980 INFO sms_id=843 inserted transaction 819
2026-05-29 22:50:20,983 INFO sms_id=844 inserted transaction 79540204158
2026-05-29 22:50:20,986 INFO sms_id=845 inserted transaction 821
2026-05-29 22:50:20,988 INFO sms_id=846 inserted transaction 822
2026-05-29 22:50:20,991 INFO sms_id=847 inserted transaction 21123163485
2026-05-29 22:50:20,994 INFO sms_id=848 inserted transaction 824
2026-05-29 22:50:20,997 INFO sms_id=849 inserted transaction 825
2026-05-29 22:50:20,999 INFO sms_id=850 inserted transaction 67195404064
2026-05-29 22:50:21,003 INFO sms_id=851 inserted transaction 52003402612
2026-05-29 22:50:21,005 INFO sms_id=852 inserted transaction 828
2026-05-29 22:50:21,008 INFO sms_id=853 inserted transaction 70460358419
2026-05-29 22:50:21,011 INFO sms_id=854 inserted transaction 15681666953
2026-05-29 22:50:21,013 WARNING sms_id=855 unrecognized transaction type
2026-05-29 22:50:21,016 INFO sms_id=856 inserted transaction 14667936406
2026-05-29 22:50:21,019 INFO sms_id=857 inserted transaction 20823828008
2026-05-29 22:50:21,021 INFO sms_id=858 inserted transaction 833
2026-05-29 22:50:21,023 INFO sms_id=859 inserted transaction 834
2026-05-29 22:50:21,025 INFO sms_id=860 inserted transaction 835
2026-05-29 22:50:21,026 INFO sms_id=861 inserted transaction 40728069150
2026-05-29 22:50:21,028 INFO sms_id=862 inserted transaction 837
2026-05-29 22:50:21,030 INFO sms_id=863 inserted transaction 838
2026-05-29 22:50:21,033 INFO sms_id=864 inserted transaction 839
2026-05-29 22:50:21,035 INFO sms_id=865 inserted transaction 840
2026-05-29 22:50:21,038 INFO sms_id=866 inserted transaction 60033930579
2026-05-29 22:50:21,041 INFO sms_id=867 inserted transaction 90380679208
2026-05-29 22:50:21,045 INFO sms_id=868 inserted transaction 843
2026-05-29 22:50:21,048 INFO sms_id=869 inserted transaction 844
2026-05-29 22:50:21,051 INFO sms_id=870 inserted transaction 12313178673
2026-05-29 22:50:21,053 INFO sms_id=871 inserted transaction 846
2026-05-29 22:50:21,056 INFO sms_id=872 inserted transaction 847
2026-05-29 22:50:21,059 INFO sms_id=873 inserted transaction 848
2026-05-29 22:50:21,061 INFO sms_id=874 inserted transaction 849
2026-05-29 22:50:21,064 INFO sms_id=875 inserted transaction 57207221830
2026-05-29 22:50:21,067 INFO sms_id=876 inserted transaction 851
2026-05-29 22:50:21,071 INFO sms_id=877 inserted transaction 72944989836
2026-05-29 22:50:21,074 INFO sms_id=878 inserted transaction 853
2026-05-29 22:50:21,077 INFO sms_id=879 inserted transaction 854
2026-05-29 22:50:21,080 INFO sms_id=880 inserted transaction 97178498053
2026-05-29 22:50:21,083 INFO sms_id=881 inserted transaction 11967814854
2026-05-29 22:50:21,086 INFO sms_id=882 inserted transaction 857
2026-05-29 22:50:21,088 INFO sms_id=883 inserted transaction 858
2026-05-29 22:50:21,090 INFO sms_id=884 inserted transaction 859
2026-05-29 22:50:21,092 INFO sms_id=885 inserted transaction 80693378371
2026-05-29 22:50:21,094 INFO sms_id=886 inserted transaction 861
2026-05-29 22:50:21,095 INFO sms_id=887 inserted transaction 77217198389
2026-05-29 22:50:21,097 INFO sms_id=888 inserted transaction 863
2026-05-29 22:50:21,100 INFO sms_id=889 inserted transaction 864
2026-05-29 22:50:21,103 INFO sms_id=890 inserted transaction 91279986205
2026-05-29 22:50:21,106 INFO sms_id=891 inserted transaction 866
2026-05-29 22:50:21,109 INFO sms_id=892 inserted transaction 28826953210
2026-05-29 22:50:21,112 INFO sms_id=893 inserted transaction 17948439353
2026-05-29 22:50:21,115 INFO sms_id=894 inserted transaction 36356336397
2026-05-29 22:50:21,117 INFO sms_id=895 inserted transaction 69586541013
2026-05-29 22:50:21,120 INFO sms_id=896 inserted transaction 15747282067
2026-05-29 22:50:21,123 INFO sms_id=897 inserted transaction 872
2026-05-29 22:50:21,125 INFO sms_id=898 inserted transaction 94012583928
2026-05-29 22:50:21,128 INFO sms_id=899 inserted transaction 874
2026-05-29 22:50:21,131 INFO sms_id=900 inserted transaction 875
2026-05-29 22:50:21,133 INFO Committed batch size=300 inserted=289 skipped_unknown=11 skipped_invalid=0 failed=0
2026-05-29 22:50:21,135 INFO sms_id=901 inserted transaction 876
2026-05-29 22:50:21,138 INFO sms_id=902 inserted transaction 877
2026-05-29 22:50:21,141 INFO sms_id=903 inserted transaction 37418547572
2026-05-29 22:50:21,143 INFO sms_id=904 inserted transaction 879
2026-05-29 22:50:21,146 INFO sms_id=905 inserted transaction 880
2026-05-29 22:50:21,148 INFO sms_id=906 inserted transaction 881
2026-05-29 22:50:21,152 INFO sms_id=907 inserted transaction 31576458916
2026-05-29 22:50:21,154 INFO sms_id=908 inserted transaction 36553832778
2026-05-29 22:50:21,157 INFO sms_id=909 inserted transaction 15783543056
2026-05-29 22:50:21,159 WARNING sms_id=910 unrecognized transaction type
2026-05-29 22:50:21,161 INFO sms_id=911 inserted transaction 885
2026-05-29 22:50:21,164 INFO sms_id=912 inserted transaction 67555624275
2026-05-29 22:50:21,167 INFO sms_id=913 inserted transaction 89855734028
2026-05-29 22:50:21,170 INFO sms_id=914 inserted transaction 82996055356
2026-05-29 22:50:21,172 INFO sms_id=915 inserted transaction 889
2026-05-29 22:50:21,176 INFO sms_id=916 inserted transaction 97916279369
2026-05-29 22:50:21,178 INFO sms_id=917 inserted transaction 891
2026-05-29 22:50:21,181 INFO sms_id=918 inserted transaction 892
2026-05-29 22:50:21,184 INFO sms_id=919 inserted transaction 893
2026-05-29 22:50:21,188 INFO sms_id=920 inserted transaction 48524994396
2026-05-29 22:50:21,191 INFO sms_id=921 inserted transaction 895
2026-05-29 22:50:21,193 INFO sms_id=922 inserted transaction 78688834340
2026-05-29 22:50:21,196 INFO sms_id=923 inserted transaction 60193532268
2026-05-29 22:50:21,199 INFO sms_id=924 inserted transaction 93881514225
2026-05-29 22:50:21,202 INFO sms_id=925 inserted transaction 60158780091
2026-05-29 22:50:21,204 INFO sms_id=926 inserted transaction 35202815280
2026-05-29 22:50:21,206 INFO sms_id=927 inserted transaction 901
2026-05-29 22:50:21,209 INFO sms_id=928 inserted transaction 902
2026-05-29 22:50:21,212 INFO sms_id=929 inserted transaction 32371477638
2026-05-29 22:50:21,214 INFO sms_id=930 inserted transaction 15188663338
2026-05-29 22:50:21,217 INFO sms_id=931 inserted transaction 46064965737
2026-05-29 22:50:21,220 INFO sms_id=932 inserted transaction 906
2026-05-29 22:50:21,223 INFO sms_id=933 inserted transaction 907
2026-05-29 22:50:21,226 INFO sms_id=934 inserted transaction 908
2026-05-29 22:50:21,229 INFO sms_id=935 inserted transaction 909
2026-05-29 22:50:21,232 INFO sms_id=936 inserted transaction 910
2026-05-29 22:50:21,234 INFO sms_id=937 inserted transaction 911
2026-05-29 22:50:21,236 INFO sms_id=938 inserted transaction 912
2026-05-29 22:50:21,239 INFO sms_id=939 inserted transaction 13372675354
2026-05-29 22:50:21,241 INFO sms_id=940 inserted transaction 17063216498
2026-05-29 22:50:21,244 INFO sms_id=941 inserted transaction 915
2026-05-29 22:50:21,246 INFO sms_id=942 inserted transaction 916
2026-05-29 22:50:21,249 INFO sms_id=943 inserted transaction 35450739966
2026-05-29 22:50:21,251 INFO sms_id=944 inserted transaction 918
2026-05-29 22:50:21,254 INFO sms_id=945 inserted transaction 62962558714
2026-05-29 22:50:21,257 INFO sms_id=946 inserted transaction 920
2026-05-29 22:50:21,261 INFO sms_id=947 inserted transaction 921
2026-05-29 22:50:21,263 INFO sms_id=948 inserted transaction 922
2026-05-29 22:50:21,267 INFO sms_id=949 inserted transaction 37376382898
2026-05-29 22:50:21,269 INFO sms_id=950 inserted transaction 924
2026-05-29 22:50:21,271 INFO sms_id=951 inserted transaction 925
2026-05-29 22:50:21,274 INFO sms_id=952 inserted transaction 926
2026-05-29 22:50:21,276 INFO sms_id=953 inserted transaction 927
2026-05-29 22:50:21,279 INFO sms_id=954 inserted transaction 68217644339
2026-05-29 22:50:21,281 INFO sms_id=955 inserted transaction 929
2026-05-29 22:50:21,284 INFO sms_id=956 inserted transaction 930
2026-05-29 22:50:21,286 INFO sms_id=957 inserted transaction 931
2026-05-29 22:50:21,288 INFO sms_id=958 inserted transaction 932
2026-05-29 22:50:21,291 INFO sms_id=959 inserted transaction 24296251142
2026-05-29 22:50:21,293 INFO sms_id=960 inserted transaction 90644334751
2026-05-29 22:50:21,296 INFO sms_id=961 inserted transaction 935
2026-05-29 22:50:21,299 INFO sms_id=962 inserted transaction 936
2026-05-29 22:50:21,303 INFO sms_id=963 inserted transaction 15874896437
2026-05-29 22:50:21,305 INFO sms_id=964 inserted transaction 938
2026-05-29 22:50:21,308 INFO sms_id=965 inserted transaction 79921659205
2026-05-29 22:50:21,312 INFO sms_id=966 inserted transaction 940
2026-05-29 22:50:21,315 INFO sms_id=967 inserted transaction 75401767322
2026-05-29 22:50:21,319 INFO sms_id=968 inserted transaction 942
2026-05-29 22:50:21,323 INFO sms_id=969 inserted transaction 94510396651
2026-05-29 22:50:21,326 INFO sms_id=970 inserted transaction 55341611618
2026-05-29 22:50:21,329 INFO sms_id=971 inserted transaction 945
2026-05-29 22:50:21,332 INFO sms_id=972 inserted transaction 78265898230
2026-05-29 22:50:21,335 INFO sms_id=973 inserted transaction 947
2026-05-29 22:50:21,338 INFO sms_id=974 inserted transaction 948
2026-05-29 22:50:21,340 INFO sms_id=975 inserted transaction 949
2026-05-29 22:50:21,343 INFO sms_id=976 inserted transaction 51862934722
2026-05-29 22:50:21,346 INFO sms_id=977 inserted transaction 951
2026-05-29 22:50:21,349 INFO sms_id=978 inserted transaction 91477230630
2026-05-29 22:50:21,352 INFO sms_id=979 inserted transaction 98785716472
2026-05-29 22:50:21,355 INFO sms_id=980 inserted transaction 60169531477
2026-05-29 22:50:21,357 INFO sms_id=981 inserted transaction 18182747024
2026-05-29 22:50:21,360 INFO sms_id=982 inserted transaction 33085803334
2026-05-29 22:50:21,362 INFO sms_id=983 inserted transaction 957
2026-05-29 22:50:21,366 INFO sms_id=984 inserted transaction 958
2026-05-29 22:50:21,369 INFO sms_id=985 inserted transaction 15930732191
2026-05-29 22:50:21,371 INFO sms_id=986 inserted transaction 960
2026-05-29 22:50:21,373 INFO sms_id=987 inserted transaction 961
2026-05-29 22:50:21,376 INFO sms_id=988 inserted transaction 15940915096
2026-05-29 22:50:21,379 INFO sms_id=989 inserted transaction 39214139430
2026-05-29 22:50:21,381 INFO sms_id=990 inserted transaction 964
2026-05-29 22:50:21,383 INFO sms_id=991 inserted transaction 965
2026-05-29 22:50:21,386 INFO sms_id=992 inserted transaction 966
2026-05-29 22:50:21,389 INFO sms_id=993 inserted transaction 967
2026-05-29 22:50:21,391 INFO sms_id=994 inserted transaction 968
2026-05-29 22:50:21,393 INFO sms_id=995 inserted transaction 969
2026-05-29 22:50:21,396 INFO sms_id=996 inserted transaction 90902383993
2026-05-29 22:50:21,398 INFO sms_id=997 inserted transaction 971
2026-05-29 22:50:21,400 INFO sms_id=998 inserted transaction 10659235728
2026-05-29 22:50:21,402 INFO sms_id=999 inserted transaction 973
2026-05-29 22:50:21,404 INFO sms_id=1000 inserted transaction 974
2026-05-29 22:50:21,406 INFO sms_id=1001 inserted transaction 39663280584
2026-05-29 22:50:21,409 INFO sms_id=1002 inserted transaction 976
2026-05-29 22:50:21,412 INFO sms_id=1003 inserted transaction 81871013229
2026-05-29 22:50:21,416 INFO sms_id=1004 inserted transaction 44506228015
2026-05-29 22:50:21,419 INFO sms_id=1005 inserted transaction 83067244660
2026-05-29 22:50:21,422 INFO sms_id=1006 inserted transaction 10730013424
2026-05-29 22:50:21,426 INFO sms_id=1007 inserted transaction 20546538645
2026-05-29 22:50:21,428 INFO sms_id=1008 inserted transaction 982
2026-05-29 22:50:21,431 INFO sms_id=1009 inserted transaction 16016087305
2026-05-29 22:50:21,433 INFO sms_id=1010 inserted transaction 35245414129
2026-05-29 22:50:21,436 INFO sms_id=1011 inserted transaction 22096990635
2026-05-29 22:50:21,439 INFO sms_id=1012 inserted transaction 986
2026-05-29 22:50:21,442 INFO sms_id=1013 inserted transaction 987
2026-05-29 22:50:21,445 INFO sms_id=1014 inserted transaction 988
2026-05-29 22:50:21,448 INFO sms_id=1015 inserted transaction 989
2026-05-29 22:50:21,452 INFO sms_id=1016 inserted transaction 32286024625
2026-05-29 22:50:21,455 INFO sms_id=1017 inserted transaction 991
2026-05-29 22:50:21,459 INFO sms_id=1018 inserted transaction 16030998575
2026-05-29 22:50:21,462 INFO sms_id=1019 inserted transaction 993
2026-05-29 22:50:21,465 INFO sms_id=1020 inserted transaction 994
2026-05-29 22:50:21,467 INFO sms_id=1021 inserted transaction 995
2026-05-29 22:50:21,470 INFO sms_id=1022 inserted transaction 996
2026-05-29 22:50:21,473 INFO sms_id=1023 inserted transaction 16040688508
2026-05-29 22:50:21,477 INFO sms_id=1024 inserted transaction 90308181228
2026-05-29 22:50:21,480 INFO sms_id=1025 inserted transaction 999
2026-05-29 22:50:21,483 INFO sms_id=1026 inserted transaction 18477975094
2026-05-29 22:50:21,487 INFO sms_id=1027 inserted transaction 85146339192
2026-05-29 22:50:21,489 INFO sms_id=1028 inserted transaction 1002
2026-05-29 22:50:21,492 INFO sms_id=1029 inserted transaction 1003
2026-05-29 22:50:21,495 INFO sms_id=1030 inserted transaction 1004
2026-05-29 22:50:21,498 INFO sms_id=1031 inserted transaction 82638981577
2026-05-29 22:50:21,501 INFO sms_id=1032 inserted transaction 1006
2026-05-29 22:50:21,503 INFO sms_id=1033 inserted transaction 24060951845
2026-05-29 22:50:21,505 INFO sms_id=1034 inserted transaction 48231394901
2026-05-29 22:50:21,508 INFO sms_id=1035 inserted transaction 1009
2026-05-29 22:50:21,510 INFO sms_id=1036 inserted transaction 1010
2026-05-29 22:50:21,513 INFO sms_id=1037 inserted transaction 77445681586
2026-05-29 22:50:21,515 INFO sms_id=1038 inserted transaction 22996639471
2026-05-29 22:50:21,518 INFO sms_id=1039 inserted transaction 1013
2026-05-29 22:50:21,520 INFO sms_id=1040 inserted transaction 1014
2026-05-29 22:50:21,523 INFO sms_id=1041 inserted transaction 89752753163
2026-05-29 22:50:21,525 INFO sms_id=1042 inserted transaction 1016
2026-05-29 22:50:21,528 INFO sms_id=1043 inserted transaction 43532820450
2026-05-29 22:50:21,530 INFO sms_id=1044 inserted transaction 58196919753
2026-05-29 22:50:21,532 INFO sms_id=1045 inserted transaction 1019
2026-05-29 22:50:21,535 INFO sms_id=1046 inserted transaction 37468876171
2026-05-29 22:50:21,538 INFO sms_id=1047 inserted transaction 1021
2026-05-29 22:50:21,540 INFO sms_id=1048 inserted transaction 1022
2026-05-29 22:50:21,542 INFO sms_id=1049 inserted transaction 88108852426
2026-05-29 22:50:21,544 INFO sms_id=1050 inserted transaction 31762210000
2026-05-29 22:50:21,546 INFO sms_id=1051 inserted transaction 1025
2026-05-29 22:50:21,549 INFO sms_id=1052 inserted transaction 1026
2026-05-29 22:50:21,551 INFO sms_id=1053 inserted transaction 1027
2026-05-29 22:50:21,554 INFO sms_id=1054 inserted transaction 13398096034
2026-05-29 22:50:21,557 INFO sms_id=1055 inserted transaction 67853860784
2026-05-29 22:50:21,559 INFO sms_id=1056 inserted transaction 1030
2026-05-29 22:50:21,562 INFO sms_id=1057 inserted transaction 59663284115
2026-05-29 22:50:21,564 INFO sms_id=1058 inserted transaction 1032
2026-05-29 22:50:21,566 INFO sms_id=1059 inserted transaction 1033
2026-05-29 22:50:21,569 INFO sms_id=1060 inserted transaction 60978680783
2026-05-29 22:50:21,571 INFO sms_id=1061 inserted transaction 11340322119
2026-05-29 22:50:21,574 INFO sms_id=1062 inserted transaction 1036
2026-05-29 22:50:21,577 INFO sms_id=1063 inserted transaction 1037
2026-05-29 22:50:21,579 INFO sms_id=1064 inserted transaction 1038
2026-05-29 22:50:21,581 INFO sms_id=1065 inserted transaction 53889847709
2026-05-29 22:50:21,584 INFO sms_id=1066 inserted transaction 1040
2026-05-29 22:50:21,586 INFO sms_id=1067 inserted transaction 16178728333
2026-05-29 22:50:21,589 INFO sms_id=1068 inserted transaction 77321308899
2026-05-29 22:50:21,592 INFO sms_id=1069 inserted transaction 16181431637
2026-05-29 22:50:21,595 INFO sms_id=1070 inserted transaction 79562421324
2026-05-29 22:50:21,597 INFO sms_id=1071 inserted transaction 13398775256
2026-05-29 22:50:21,600 INFO sms_id=1072 inserted transaction 1046
2026-05-29 22:50:21,602 INFO sms_id=1073 inserted transaction 1047
2026-05-29 22:50:21,604 INFO sms_id=1074 inserted transaction 1048
2026-05-29 22:50:21,607 INFO sms_id=1075 inserted transaction 1049
2026-05-29 22:50:21,610 INFO sms_id=1076 inserted transaction 1050
2026-05-29 22:50:21,612 INFO sms_id=1077 inserted transaction 1051
2026-05-29 22:50:21,614 INFO sms_id=1078 inserted transaction 1052
2026-05-29 22:50:21,617 INFO sms_id=1079 inserted transaction 83779362556
2026-05-29 22:50:21,619 INFO sms_id=1080 inserted transaction 15010571728
2026-05-29 22:50:21,621 INFO sms_id=1081 inserted transaction 69826234262
2026-05-29 22:50:21,623 WARNING sms_id=1082 unrecognized transaction type
2026-05-29 22:50:21,626 INFO sms_id=1083 inserted transaction 16211799078
2026-05-29 22:50:21,629 INFO sms_id=1084 inserted transaction 64182407557
2026-05-29 22:50:21,632 INFO sms_id=1085 inserted transaction 22165640182
2026-05-29 22:50:21,634 INFO sms_id=1086 inserted transaction 1059
2026-05-29 22:50:21,637 INFO sms_id=1087 inserted transaction 1060
2026-05-29 22:50:21,640 INFO sms_id=1088 inserted transaction 83014570594
2026-05-29 22:50:21,642 INFO sms_id=1089 inserted transaction 1062
2026-05-29 22:50:21,645 INFO sms_id=1090 inserted transaction 88832399279
2026-05-29 22:50:21,647 INFO sms_id=1091 inserted transaction 1064
2026-05-29 22:50:21,649 INFO sms_id=1092 inserted transaction 1065
2026-05-29 22:50:21,651 INFO sms_id=1093 inserted transaction 66464178798
2026-05-29 22:50:21,654 INFO sms_id=1094 inserted transaction 16269196928
2026-05-29 22:50:21,657 INFO sms_id=1095 inserted transaction 52293280519
2026-05-29 22:50:21,659 INFO sms_id=1096 inserted transaction 38148168525
2026-05-29 22:50:21,662 INFO sms_id=1097 inserted transaction 81760735419
2026-05-29 22:50:21,665 INFO sms_id=1098 inserted transaction 1071
2026-05-29 22:50:21,667 INFO sms_id=1099 inserted transaction 53606315017
2026-05-29 22:50:21,670 INFO sms_id=1100 inserted transaction 1073
2026-05-29 22:50:21,673 INFO sms_id=1101 inserted transaction 59905850736
2026-05-29 22:50:21,675 INFO sms_id=1102 inserted transaction 1075
2026-05-29 22:50:21,677 INFO sms_id=1103 inserted transaction 54242334327
2026-05-29 22:50:21,679 INFO sms_id=1104 inserted transaction 1077
2026-05-29 22:50:21,681 INFO sms_id=1105 inserted transaction 1078
2026-05-29 22:50:21,684 INFO sms_id=1106 inserted transaction 88072671762
2026-05-29 22:50:21,686 INFO sms_id=1107 inserted transaction 45748335313
2026-05-29 22:50:21,689 INFO sms_id=1108 inserted transaction 29637659542
2026-05-29 22:50:21,692 INFO sms_id=1109 inserted transaction 59362114751
2026-05-29 22:50:21,694 INFO sms_id=1110 inserted transaction 16327063889
2026-05-29 22:50:21,696 INFO sms_id=1111 inserted transaction 31169956538
2026-05-29 22:50:21,699 INFO sms_id=1112 inserted transaction 50533019574
2026-05-29 22:50:21,702 INFO sms_id=1113 inserted transaction 18750556052
2026-05-29 22:50:21,704 INFO sms_id=1114 inserted transaction 89091466523
2026-05-29 22:50:21,707 INFO sms_id=1115 inserted transaction 16356106165
2026-05-29 22:50:21,710 INFO sms_id=1116 inserted transaction 1089
2026-05-29 22:50:21,712 INFO sms_id=1117 inserted transaction 15223201812
2026-05-29 22:50:21,715 INFO sms_id=1118 inserted transaction 68316839601
2026-05-29 22:50:21,718 INFO sms_id=1119 inserted transaction 76509859651
2026-05-29 22:50:21,720 INFO sms_id=1120 inserted transaction 93902902643
2026-05-29 22:50:21,722 INFO sms_id=1121 inserted transaction 75970255069
2026-05-29 22:50:21,724 INFO sms_id=1122 inserted transaction 43332595746
2026-05-29 22:50:21,727 INFO sms_id=1123 inserted transaction 83978461332
2026-05-29 22:50:21,729 INFO sms_id=1124 inserted transaction 66774240369
2026-05-29 22:50:21,732 INFO sms_id=1125 inserted transaction 18510016190
2026-05-29 22:50:21,734 INFO sms_id=1126 inserted transaction 11365396250
2026-05-29 22:50:21,737 INFO sms_id=1127 inserted transaction 14589884783
2026-05-29 22:50:21,738 INFO sms_id=1128 inserted transaction 16400028923
2026-05-29 22:50:21,740 INFO sms_id=1129 inserted transaction 80264064542
2026-05-29 22:50:21,742 INFO sms_id=1130 inserted transaction 1103
2026-05-29 22:50:21,744 INFO sms_id=1131 inserted transaction 1104
2026-05-29 22:50:21,746 INFO sms_id=1132 inserted transaction 27880925520
2026-05-29 22:50:21,748 INFO sms_id=1133 inserted transaction 16406794518
2026-05-29 22:50:21,750 INFO sms_id=1134 inserted transaction 1107
2026-05-29 22:50:21,752 INFO sms_id=1135 inserted transaction 95337556627
2026-05-29 22:50:21,754 INFO sms_id=1136 inserted transaction 1109
2026-05-29 22:50:21,757 INFO sms_id=1137 inserted transaction 1110
2026-05-29 22:50:21,760 INFO sms_id=1138 inserted transaction 44650869478
2026-05-29 22:50:21,762 INFO sms_id=1139 inserted transaction 30398814444
2026-05-29 22:50:21,764 INFO sms_id=1140 inserted transaction 31630879946
2026-05-29 22:50:21,766 INFO sms_id=1141 inserted transaction 1114
2026-05-29 22:50:21,768 INFO sms_id=1142 inserted transaction 87927056212
2026-05-29 22:50:21,770 INFO sms_id=1143 inserted transaction 1116
2026-05-29 22:50:21,773 INFO sms_id=1144 inserted transaction 24961498802
2026-05-29 22:50:21,775 INFO sms_id=1145 inserted transaction 96078845608
2026-05-29 22:50:21,778 INFO sms_id=1146 inserted transaction 27937789255
2026-05-29 22:50:21,780 INFO sms_id=1147 inserted transaction 35915635698
2026-05-29 22:50:21,783 INFO sms_id=1148 inserted transaction 1121
2026-05-29 22:50:21,785 INFO sms_id=1149 inserted transaction 10412500030
2026-05-29 22:50:21,787 INFO sms_id=1150 inserted transaction 16433471329
2026-05-29 22:50:21,790 INFO sms_id=1151 inserted transaction 87101311151
2026-05-29 22:50:21,793 INFO sms_id=1152 inserted transaction 1125
2026-05-29 22:50:21,795 INFO sms_id=1153 inserted transaction 1126
2026-05-29 22:50:21,799 INFO sms_id=1154 inserted transaction 81660358206
2026-05-29 22:50:21,803 INFO sms_id=1155 inserted transaction 16434717507
2026-05-29 22:50:21,805 INFO sms_id=1156 inserted transaction 1129
2026-05-29 22:50:21,807 INFO sms_id=1157 inserted transaction 11060379377
2026-05-29 22:50:21,809 INFO sms_id=1158 inserted transaction 63847414444
2026-05-29 22:50:21,811 INFO sms_id=1159 inserted transaction 93824792341
2026-05-29 22:50:21,814 INFO sms_id=1160 inserted transaction 16471170286
2026-05-29 22:50:21,816 INFO sms_id=1161 inserted transaction 53085798464
2026-05-29 22:50:21,818 INFO sms_id=1162 inserted transaction 12026466377
2026-05-29 22:50:21,820 INFO sms_id=1163 inserted transaction 1136
2026-05-29 22:50:21,822 INFO sms_id=1164 inserted transaction 84906022239
2026-05-29 22:50:21,825 INFO sms_id=1165 inserted transaction 1138
2026-05-29 22:50:21,827 INFO sms_id=1166 inserted transaction 1139
2026-05-29 22:50:21,830 INFO sms_id=1167 inserted transaction 63406615894
2026-05-29 22:50:21,832 INFO sms_id=1168 inserted transaction 79191608492
2026-05-29 22:50:21,835 INFO sms_id=1169 inserted transaction 1142
2026-05-29 22:50:21,837 INFO sms_id=1170 inserted transaction 97616156692
2026-05-29 22:50:21,839 INFO sms_id=1171 inserted transaction 76120536586
2026-05-29 22:50:21,841 INFO sms_id=1172 inserted transaction 16519345888
2026-05-29 22:50:21,844 INFO sms_id=1173 inserted transaction 1146
2026-05-29 22:50:21,846 INFO sms_id=1174 inserted transaction 1147
2026-05-29 22:50:21,848 INFO sms_id=1175 inserted transaction 1148
2026-05-29 22:50:21,851 INFO sms_id=1176 inserted transaction 16530676798
2026-05-29 22:50:21,853 INFO sms_id=1177 inserted transaction 87234068654
2026-05-29 22:50:21,855 INFO sms_id=1178 inserted transaction 81838722855
2026-05-29 22:50:21,857 INFO sms_id=1179 inserted transaction 63710134665
2026-05-29 22:50:21,858 INFO sms_id=1180 inserted transaction 22834010377
2026-05-29 22:50:21,860 INFO sms_id=1181 inserted transaction 1154
2026-05-29 22:50:21,862 INFO sms_id=1182 inserted transaction 28043130256
2026-05-29 22:50:21,865 INFO sms_id=1183 inserted transaction 1156
2026-05-29 22:50:21,867 INFO sms_id=1184 inserted transaction 1157
2026-05-29 22:50:21,869 INFO sms_id=1185 inserted transaction 1158
2026-05-29 22:50:21,871 INFO sms_id=1186 inserted transaction 1159
2026-05-29 22:50:21,874 INFO sms_id=1187 inserted transaction 19221386945
2026-05-29 22:50:21,876 INFO sms_id=1188 inserted transaction 95154102352
2026-05-29 22:50:21,879 INFO sms_id=1189 inserted transaction 1162
2026-05-29 22:50:21,882 INFO sms_id=1190 inserted transaction 1163
2026-05-29 22:50:21,884 INFO sms_id=1191 inserted transaction 85450886922
2026-05-29 22:50:21,886 INFO sms_id=1192 inserted transaction 1165
2026-05-29 22:50:21,888 INFO sms_id=1193 inserted transaction 91900163647
2026-05-29 22:50:21,889 INFO sms_id=1194 inserted transaction 1167
2026-05-29 22:50:21,891 INFO sms_id=1195 inserted transaction 1168
2026-05-29 22:50:21,892 INFO sms_id=1196 inserted transaction 1169
2026-05-29 22:50:21,894 INFO sms_id=1197 inserted transaction 1170
2026-05-29 22:50:21,895 INFO sms_id=1198 inserted transaction 1171
2026-05-29 22:50:21,897 INFO sms_id=1199 inserted transaction 1172
2026-05-29 22:50:21,899 INFO sms_id=1200 inserted transaction 1173
2026-05-29 22:50:21,900 INFO Committed batch size=300 inserted=298 skipped_unknown=2 skipped_invalid=0 failed=0
2026-05-29 22:50:21,900 INFO sms_id=1201 inserted transaction 1174
2026-05-29 22:50:21,902 INFO sms_id=1202 inserted transaction 16591010120
2026-05-29 22:50:21,904 INFO sms_id=1203 inserted transaction 27925177838
2026-05-29 22:50:21,906 INFO sms_id=1204 inserted transaction 1177
2026-05-29 22:50:21,908 INFO sms_id=1205 inserted transaction 32029523207
2026-05-29 22:50:21,910 INFO sms_id=1206 inserted transaction 1179
2026-05-29 22:50:21,913 INFO sms_id=1207 inserted transaction 31684502107
2026-05-29 22:50:21,915 INFO sms_id=1208 inserted transaction 1181
2026-05-29 22:50:21,918 INFO sms_id=1209 inserted transaction 98072616886
2026-05-29 22:50:21,920 INFO sms_id=1210 inserted transaction 1183
2026-05-29 22:50:21,922 INFO sms_id=1211 inserted transaction 1184
2026-05-29 22:50:21,924 INFO sms_id=1212 inserted transaction 1185
2026-05-29 22:50:21,926 INFO sms_id=1213 inserted transaction 74940646559
2026-05-29 22:50:21,928 INFO sms_id=1214 inserted transaction 1187
2026-05-29 22:50:21,930 INFO sms_id=1215 inserted transaction 1188
2026-05-29 22:50:21,932 INFO sms_id=1216 inserted transaction 1189
2026-05-29 22:50:21,934 INFO sms_id=1217 inserted transaction 1190
2026-05-29 22:50:21,936 INFO sms_id=1218 inserted transaction 1191
2026-05-29 22:50:21,940 INFO sms_id=1219 inserted transaction 1192
2026-05-29 22:50:21,942 INFO sms_id=1220 inserted transaction 1193
2026-05-29 22:50:21,944 INFO sms_id=1221 inserted transaction 1194
2026-05-29 22:50:21,946 INFO sms_id=1222 inserted transaction 76489114849
2026-05-29 22:50:21,948 INFO sms_id=1223 inserted transaction 90771619158
2026-05-29 22:50:21,951 INFO sms_id=1224 inserted transaction 1197
2026-05-29 22:50:21,953 INFO sms_id=1225 inserted transaction 1198
2026-05-29 22:50:21,956 INFO sms_id=1226 inserted transaction 1199
2026-05-29 22:50:21,958 INFO sms_id=1227 inserted transaction 96847302038
2026-05-29 22:50:21,961 INFO sms_id=1228 inserted transaction 52306931698
2026-05-29 22:50:21,964 INFO sms_id=1229 inserted transaction 84422936261
2026-05-29 22:50:21,966 INFO sms_id=1230 inserted transaction 80762432902
2026-05-29 22:50:21,968 INFO sms_id=1231 inserted transaction 12941586465
2026-05-29 22:50:21,969 INFO sms_id=1232 inserted transaction 32932185216
2026-05-29 22:50:21,971 INFO sms_id=1233 inserted transaction 16664315282
2026-05-29 22:50:21,973 INFO sms_id=1234 inserted transaction 74467206314
2026-05-29 22:50:21,975 INFO sms_id=1235 inserted transaction 22620644869
2026-05-29 22:50:21,977 INFO sms_id=1236 inserted transaction 26843508772
2026-05-29 22:50:21,978 INFO sms_id=1237 inserted transaction 1210
2026-05-29 22:50:21,980 INFO sms_id=1238 inserted transaction 12285281137
2026-05-29 22:50:21,982 INFO sms_id=1239 inserted transaction 1212
2026-05-29 22:50:21,983 INFO sms_id=1240 inserted transaction 72077076399
2026-05-29 22:50:21,985 INFO sms_id=1241 inserted transaction 17695655335
2026-05-29 22:50:21,987 INFO sms_id=1242 inserted transaction 47323864863
2026-05-29 22:50:21,989 INFO sms_id=1243 inserted transaction 16684572153
2026-05-29 22:50:21,990 INFO sms_id=1244 inserted transaction 1217
2026-05-29 22:50:21,992 INFO sms_id=1245 inserted transaction 51185805957
2026-05-29 22:50:21,995 INFO sms_id=1246 inserted transaction 1219
2026-05-29 22:50:21,997 INFO sms_id=1247 inserted transaction 64693883303
2026-05-29 22:50:21,999 INFO sms_id=1248 inserted transaction 32239374076
2026-05-29 22:50:22,001 INFO sms_id=1249 inserted transaction 1222
2026-05-29 22:50:22,003 INFO sms_id=1250 inserted transaction 41292933584
2026-05-29 22:50:22,005 INFO sms_id=1251 inserted transaction 57030093247
2026-05-29 22:50:22,007 INFO sms_id=1252 inserted transaction 1225
2026-05-29 22:50:22,009 INFO sms_id=1253 inserted transaction 68677426758
2026-05-29 22:50:22,012 INFO sms_id=1254 inserted transaction 1227
2026-05-29 22:50:22,014 INFO sms_id=1255 inserted transaction 1228
2026-05-29 22:50:22,017 INFO sms_id=1256 inserted transaction 29539835456
2026-05-29 22:50:22,020 INFO sms_id=1257 inserted transaction 1230
2026-05-29 22:50:22,022 INFO sms_id=1258 inserted transaction 53740527535
2026-05-29 22:50:22,024 INFO sms_id=1259 inserted transaction 1232
2026-05-29 22:50:22,026 INFO sms_id=1260 inserted transaction 55287216793
2026-05-29 22:50:22,028 INFO sms_id=1261 inserted transaction 61476126603
2026-05-29 22:50:22,031 INFO sms_id=1262 inserted transaction 1235
2026-05-29 22:50:22,033 INFO sms_id=1263 inserted transaction 1236
2026-05-29 22:50:22,035 INFO sms_id=1264 inserted transaction 1237
2026-05-29 22:50:22,038 INFO sms_id=1265 inserted transaction 97375149913
2026-05-29 22:50:22,040 INFO sms_id=1266 inserted transaction 23756291424
2026-05-29 22:50:22,043 INFO sms_id=1267 inserted transaction 1240
2026-05-29 22:50:22,045 INFO sms_id=1268 inserted transaction 67973089801
2026-05-29 22:50:22,047 INFO sms_id=1269 inserted transaction 79800269407
2026-05-29 22:50:22,050 INFO sms_id=1270 inserted transaction 1243
2026-05-29 22:50:22,052 INFO sms_id=1271 inserted transaction 62769441387
2026-05-29 22:50:22,055 INFO sms_id=1272 inserted transaction 57206973697
2026-05-29 22:50:22,057 INFO sms_id=1273 inserted transaction 1246
2026-05-29 22:50:22,059 INFO sms_id=1274 inserted transaction 67320713042
2026-05-29 22:50:22,063 INFO sms_id=1275 inserted transaction 56966147157
2026-05-29 22:50:22,065 INFO sms_id=1276 inserted transaction 1249
2026-05-29 22:50:22,067 INFO sms_id=1277 inserted transaction 1250
2026-05-29 22:50:22,069 INFO sms_id=1278 inserted transaction 1251
2026-05-29 22:50:22,071 INFO sms_id=1279 inserted transaction 1252
2026-05-29 22:50:22,072 INFO sms_id=1280 inserted transaction 1253
2026-05-29 22:50:22,074 INFO sms_id=1281 inserted transaction 96703530751
2026-05-29 22:50:22,076 INFO sms_id=1282 inserted transaction 50100917269
2026-05-29 22:50:22,077 INFO sms_id=1283 inserted transaction 62656383062
2026-05-29 22:50:22,079 INFO sms_id=1284 inserted transaction 1257
2026-05-29 22:50:22,080 INFO sms_id=1285 inserted transaction 94631078749
2026-05-29 22:50:22,082 INFO sms_id=1286 inserted transaction 1259
2026-05-29 22:50:22,084 INFO sms_id=1287 inserted transaction 16803066185
2026-05-29 22:50:22,085 INFO sms_id=1288 inserted transaction 16803076383
2026-05-29 22:50:22,087 INFO sms_id=1289 inserted transaction 16803083833
2026-05-29 22:50:22,088 INFO sms_id=1290 inserted transaction 1263
2026-05-29 22:50:22,090 INFO sms_id=1291 inserted transaction 76861068912
2026-05-29 22:50:22,091 INFO sms_id=1292 inserted transaction 16811450681
2026-05-29 22:50:22,093 WARNING sms_id=1293 unrecognized transaction type
2026-05-29 22:50:22,094 INFO sms_id=1294 inserted transaction 16813007600
2026-05-29 22:50:22,096 INFO sms_id=1295 inserted transaction 68167518530
2026-05-29 22:50:22,098 INFO sms_id=1296 inserted transaction 91027288469
2026-05-29 22:50:22,099 INFO sms_id=1297 inserted transaction 1269
2026-05-29 22:50:22,101 INFO sms_id=1298 inserted transaction 53670708085
2026-05-29 22:50:22,104 INFO sms_id=1299 inserted transaction 60464892197
2026-05-29 22:50:22,106 INFO sms_id=1300 inserted transaction 1272
2026-05-29 22:50:22,108 INFO sms_id=1301 inserted transaction 1273
2026-05-29 22:50:22,110 INFO sms_id=1302 inserted transaction 16283271112
2026-05-29 22:50:22,112 INFO sms_id=1303 inserted transaction 77064133585
2026-05-29 22:50:22,114 INFO sms_id=1304 inserted transaction 1276
2026-05-29 22:50:22,116 INFO sms_id=1305 inserted transaction 54178902109
2026-05-29 22:50:22,118 INFO sms_id=1306 inserted transaction 54792622020
2026-05-29 22:50:22,121 INFO sms_id=1307 inserted transaction 49452512289
2026-05-29 22:50:22,123 INFO sms_id=1308 inserted transaction 82479923721
2026-05-29 22:50:22,124 INFO sms_id=1309 inserted transaction 1281
2026-05-29 22:50:22,127 INFO sms_id=1310 inserted transaction 1282
2026-05-29 22:50:22,129 INFO sms_id=1311 inserted transaction 16870426837
2026-05-29 22:50:22,131 INFO sms_id=1312 inserted transaction 63834300936
2026-05-29 22:50:22,133 INFO sms_id=1313 inserted transaction 75381717541
2026-05-29 22:50:22,136 INFO sms_id=1314 inserted transaction 35179537922
2026-05-29 22:50:22,138 INFO sms_id=1315 inserted transaction 19451958132
2026-05-29 22:50:22,140 INFO sms_id=1316 inserted transaction 70271999796
2026-05-29 22:50:22,142 INFO sms_id=1317 inserted transaction 1289
2026-05-29 22:50:22,144 INFO sms_id=1318 inserted transaction 50182287789
2026-05-29 22:50:22,147 INFO sms_id=1319 inserted transaction 52735784344
2026-05-29 22:50:22,149 INFO sms_id=1320 inserted transaction 1292
2026-05-29 22:50:22,151 INFO sms_id=1321 inserted transaction 69693617235
2026-05-29 22:50:22,153 INFO sms_id=1322 inserted transaction 81939407545
2026-05-29 22:50:22,155 INFO sms_id=1323 inserted transaction 1295
2026-05-29 22:50:22,157 INFO sms_id=1324 inserted transaction 15146134181
2026-05-29 22:50:22,159 INFO sms_id=1325 inserted transaction 91836203944
2026-05-29 22:50:22,161 INFO sms_id=1326 inserted transaction 1298
2026-05-29 22:50:22,163 INFO sms_id=1327 inserted transaction 1299
2026-05-29 22:50:22,164 INFO sms_id=1328 inserted transaction 1300
2026-05-29 22:50:22,166 INFO sms_id=1329 inserted transaction 35247235522
2026-05-29 22:50:22,168 INFO sms_id=1330 inserted transaction 1302
2026-05-29 22:50:22,170 INFO sms_id=1331 inserted transaction 51960195659
2026-05-29 22:50:22,172 INFO sms_id=1332 inserted transaction 1304
2026-05-29 22:50:22,174 INFO sms_id=1333 inserted transaction 51637767958
2026-05-29 22:50:22,177 INFO sms_id=1334 inserted transaction 63832588568
2026-05-29 22:50:22,179 INFO sms_id=1335 inserted transaction 55787996640
2026-05-29 22:50:22,181 INFO sms_id=1336 inserted transaction 1308
2026-05-29 22:50:22,182 INFO sms_id=1337 inserted transaction 1309
2026-05-29 22:50:22,184 INFO sms_id=1338 inserted transaction 17739493764
2026-05-29 22:50:22,186 INFO sms_id=1339 inserted transaction 1311
2026-05-29 22:50:22,188 INFO sms_id=1340 inserted transaction 1312
2026-05-29 22:50:22,190 INFO sms_id=1341 inserted transaction 58201924130
2026-05-29 22:50:22,193 INFO sms_id=1342 inserted transaction 71572076549
2026-05-29 22:50:22,196 INFO sms_id=1343 inserted transaction 36782365869
2026-05-29 22:50:22,199 INFO sms_id=1344 inserted transaction 43160125858
2026-05-29 22:50:22,201 INFO sms_id=1345 inserted transaction 70636809967
2026-05-29 22:50:22,204 INFO sms_id=1346 inserted transaction 1318
2026-05-29 22:50:22,206 INFO sms_id=1347 inserted transaction 1319
2026-05-29 22:50:22,208 INFO sms_id=1348 inserted transaction 34697085121
2026-05-29 22:50:22,211 INFO sms_id=1349 inserted transaction 1321
2026-05-29 22:50:22,214 INFO sms_id=1350 inserted transaction 1322
2026-05-29 22:50:22,217 INFO sms_id=1351 inserted transaction 44041838566
2026-05-29 22:50:22,221 INFO sms_id=1352 inserted transaction 22997289029
2026-05-29 22:50:22,223 INFO sms_id=1353 inserted transaction 82106121513
2026-05-29 22:50:22,226 INFO sms_id=1354 inserted transaction 10620670791
2026-05-29 22:50:22,228 WARNING sms_id=1355 category code missing in DB: WITHDRAWAL
2026-05-29 22:50:22,231 INFO sms_id=1356 inserted transaction 52261254503
2026-05-29 22:50:22,233 INFO sms_id=1357 inserted transaction 1328
2026-05-29 22:50:22,236 INFO sms_id=1358 inserted transaction 1329
2026-05-29 22:50:22,239 WARNING sms_id=1359 category code missing in DB: WITHDRAWAL
2026-05-29 22:50:22,242 INFO sms_id=1360 inserted transaction 1330
2026-05-29 22:50:22,244 INFO sms_id=1361 inserted transaction 1331
2026-05-29 22:50:22,246 INFO sms_id=1362 inserted transaction 1332
2026-05-29 22:50:22,248 INFO sms_id=1363 inserted transaction 1333
2026-05-29 22:50:22,250 INFO sms_id=1364 inserted transaction 1334
2026-05-29 22:50:22,253 INFO sms_id=1365 inserted transaction 1335
2026-05-29 22:50:22,256 INFO sms_id=1366 inserted transaction 1336
2026-05-29 22:50:22,258 INFO sms_id=1367 inserted transaction 1337
2026-05-29 22:50:22,260 INFO sms_id=1368 inserted transaction 1338
2026-05-29 22:50:22,263 INFO sms_id=1369 inserted transaction 35896509195
2026-05-29 22:50:22,265 INFO sms_id=1370 inserted transaction 84035130850
2026-05-29 22:50:22,267 INFO sms_id=1371 inserted transaction 96504237860
2026-05-29 22:50:22,269 INFO sms_id=1372 inserted transaction 78289351585
2026-05-29 22:50:22,272 INFO sms_id=1373 inserted transaction 72378502864
2026-05-29 22:50:22,274 INFO sms_id=1374 inserted transaction 48478800335
2026-05-29 22:50:22,277 INFO sms_id=1375 inserted transaction 1345
2026-05-29 22:50:22,281 INFO sms_id=1376 inserted transaction 55816563993
2026-05-29 22:50:22,285 INFO sms_id=1377 inserted transaction 71214421293
2026-05-29 22:50:22,289 INFO sms_id=1378 inserted transaction 1348
2026-05-29 22:50:22,292 INFO sms_id=1379 inserted transaction 1349
2026-05-29 22:50:22,295 INFO sms_id=1380 inserted transaction 1350
2026-05-29 22:50:22,299 INFO sms_id=1381 inserted transaction 48536966202
2026-05-29 22:50:22,302 INFO sms_id=1382 inserted transaction 1352
2026-05-29 22:50:22,307 INFO sms_id=1383 inserted transaction 38897384275
2026-05-29 22:50:22,311 INFO sms_id=1384 inserted transaction 42838068588
2026-05-29 22:50:22,316 INFO sms_id=1385 inserted transaction 39305056580
2026-05-29 22:50:22,319 INFO sms_id=1386 inserted transaction 1356
2026-05-29 22:50:22,322 INFO sms_id=1387 inserted transaction 1357
2026-05-29 22:50:22,324 INFO sms_id=1388 inserted transaction 1358
2026-05-29 22:50:22,327 INFO sms_id=1389 inserted transaction 38740551775
2026-05-29 22:50:22,329 INFO sms_id=1390 inserted transaction 1360
2026-05-29 22:50:22,332 INFO sms_id=1391 inserted transaction 1361
2026-05-29 22:50:22,335 INFO sms_id=1392 inserted transaction 23077076861
2026-05-29 22:50:22,337 INFO sms_id=1393 inserted transaction 1363
2026-05-29 22:50:22,340 INFO sms_id=1394 inserted transaction 66106452523
2026-05-29 22:50:22,343 INFO sms_id=1395 inserted transaction 20585797761
2026-05-29 22:50:22,346 INFO sms_id=1396 inserted transaction 1366
2026-05-29 22:50:22,349 INFO sms_id=1397 inserted transaction 1367
2026-05-29 22:50:22,351 INFO sms_id=1398 inserted transaction 48062023691
2026-05-29 22:50:22,355 INFO sms_id=1399 inserted transaction 56257770091
2026-05-29 22:50:22,357 INFO sms_id=1400 inserted transaction 1370
2026-05-29 22:50:22,360 INFO sms_id=1401 inserted transaction 1371
2026-05-29 22:50:22,362 INFO sms_id=1402 inserted transaction 1372
2026-05-29 22:50:22,365 INFO sms_id=1403 inserted transaction 1373
2026-05-29 22:50:22,367 INFO sms_id=1404 inserted transaction 1374
2026-05-29 22:50:22,369 INFO sms_id=1405 inserted transaction 21855529824
2026-05-29 22:50:22,372 INFO sms_id=1406 inserted transaction 1376
2026-05-29 22:50:22,375 INFO sms_id=1407 inserted transaction 35022569513
2026-05-29 22:50:22,379 INFO sms_id=1408 inserted transaction 55628760506
2026-05-29 22:50:22,382 INFO sms_id=1409 inserted transaction 17140081149
2026-05-29 22:50:22,385 INFO sms_id=1410 inserted transaction 17146971568
2026-05-29 22:50:22,388 INFO sms_id=1411 inserted transaction 1381
2026-05-29 22:50:22,390 INFO sms_id=1412 inserted transaction 1382
2026-05-29 22:50:22,393 INFO sms_id=1413 inserted transaction 89671501317
2026-05-29 22:50:22,396 INFO sms_id=1414 inserted transaction 11135974601
2026-05-29 22:50:22,399 INFO sms_id=1415 inserted transaction 17149096701
2026-05-29 22:50:22,402 INFO sms_id=1416 inserted transaction 1386
2026-05-29 22:50:22,405 INFO sms_id=1417 inserted transaction 21899972101
2026-05-29 22:50:22,408 INFO sms_id=1418 inserted transaction 1388
2026-05-29 22:50:22,411 INFO sms_id=1419 inserted transaction 1389
2026-05-29 22:50:22,414 INFO sms_id=1420 inserted transaction 41127800959
2026-05-29 22:50:22,417 INFO sms_id=1421 inserted transaction 36071803053
2026-05-29 22:50:22,420 INFO sms_id=1422 inserted transaction 1392
2026-05-29 22:50:22,422 INFO sms_id=1423 inserted transaction 1393
2026-05-29 22:50:22,425 INFO sms_id=1424 inserted transaction 1394
2026-05-29 22:50:22,428 INFO sms_id=1425 inserted transaction 1395
2026-05-29 22:50:22,430 INFO sms_id=1426 inserted transaction 1396
2026-05-29 22:50:22,432 INFO sms_id=1427 inserted transaction 1397
2026-05-29 22:50:22,434 INFO sms_id=1428 inserted transaction 17192081844
2026-05-29 22:50:22,438 INFO sms_id=1429 inserted transaction 1399
2026-05-29 22:50:22,441 INFO sms_id=1430 inserted transaction 17194680435
2026-05-29 22:50:22,443 INFO sms_id=1431 inserted transaction 46181498529
2026-05-29 22:50:22,446 INFO sms_id=1432 inserted transaction 1402
2026-05-29 22:50:22,448 INFO sms_id=1433 inserted transaction 39367315432
2026-05-29 22:50:22,451 INFO sms_id=1434 inserted transaction 54832853783
2026-05-29 22:50:22,455 INFO sms_id=1435 inserted transaction 49470186297
2026-05-29 22:50:22,459 INFO sms_id=1436 inserted transaction 1406
2026-05-29 22:50:22,463 INFO sms_id=1437 inserted transaction 58399013847
2026-05-29 22:50:22,466 INFO sms_id=1438 inserted transaction 1408
2026-05-29 22:50:22,469 INFO sms_id=1439 inserted transaction 32104617984
2026-05-29 22:50:22,473 INFO sms_id=1440 inserted transaction 70799475893
2026-05-29 22:50:22,476 INFO sms_id=1441 inserted transaction 1411
2026-05-29 22:50:22,478 INFO sms_id=1442 inserted transaction 1412
2026-05-29 22:50:22,481 INFO sms_id=1443 inserted transaction 1413
2026-05-29 22:50:22,485 INFO sms_id=1444 inserted transaction 17219848993
2026-05-29 22:50:22,488 INFO sms_id=1445 inserted transaction 1415
2026-05-29 22:50:22,491 INFO sms_id=1446 inserted transaction 17236283233
2026-05-29 22:50:22,495 INFO sms_id=1447 inserted transaction 47209547707
2026-05-29 22:50:22,498 INFO sms_id=1448 inserted transaction 93029036539
2026-05-29 22:50:22,500 INFO sms_id=1449 inserted transaction 1419
2026-05-29 22:50:22,504 INFO sms_id=1450 inserted transaction 1420
2026-05-29 22:50:22,507 INFO sms_id=1451 inserted transaction 99213721569
2026-05-29 22:50:22,509 INFO sms_id=1452 inserted transaction 15669847093
2026-05-29 22:50:22,512 INFO sms_id=1453 inserted transaction 17278839589
2026-05-29 22:50:22,513 INFO sms_id=1454 inserted transaction 1424
2026-05-29 22:50:22,516 INFO sms_id=1455 inserted transaction 89862603085
2026-05-29 22:50:22,518 INFO sms_id=1456 inserted transaction 1426
2026-05-29 22:50:22,522 INFO sms_id=1457 inserted transaction 33953051219
2026-05-29 22:50:22,525 INFO sms_id=1458 inserted transaction 41885909187
2026-05-29 22:50:22,528 INFO sms_id=1459 inserted transaction 1429
2026-05-29 22:50:22,531 INFO sms_id=1460 inserted transaction 95870127706
2026-05-29 22:50:22,534 INFO sms_id=1461 inserted transaction 1431
2026-05-29 22:50:22,537 INFO sms_id=1462 inserted transaction 37194978837
2026-05-29 22:50:22,540 INFO sms_id=1463 inserted transaction 71359588682
2026-05-29 22:50:22,542 INFO sms_id=1464 inserted transaction 1434
2026-05-29 22:50:22,545 INFO sms_id=1465 inserted transaction 37711041058
2026-05-29 22:50:22,548 INFO sms_id=1466 inserted transaction 1436
2026-05-29 22:50:22,550 INFO sms_id=1467 inserted transaction 94221988885
2026-05-29 22:50:22,553 INFO sms_id=1468 inserted transaction 17344287393
2026-05-29 22:50:22,555 INFO sms_id=1469 inserted transaction 1439
2026-05-29 22:50:22,557 INFO sms_id=1470 inserted transaction 1440
2026-05-29 22:50:22,560 INFO sms_id=1471 inserted transaction 72231619373
2026-05-29 22:50:22,562 INFO sms_id=1472 inserted transaction 66539582201
2026-05-29 22:50:22,565 INFO sms_id=1473 inserted transaction 46343939313
2026-05-29 22:50:22,567 INFO sms_id=1474 inserted transaction 1444
2026-05-29 22:50:22,569 INFO sms_id=1475 inserted transaction 1445
2026-05-29 22:50:22,572 INFO sms_id=1476 inserted transaction 1446
2026-05-29 22:50:22,575 INFO sms_id=1477 inserted transaction 1447
2026-05-29 22:50:22,579 INFO sms_id=1478 inserted transaction 1448
2026-05-29 22:50:22,582 INFO sms_id=1479 inserted transaction 1449
2026-05-29 22:50:22,586 INFO sms_id=1480 inserted transaction 86771299813
2026-05-29 22:50:22,589 INFO sms_id=1481 inserted transaction 1451
2026-05-29 22:50:22,592 INFO sms_id=1482 inserted transaction 1452
2026-05-29 22:50:22,594 INFO sms_id=1483 inserted transaction 1453
2026-05-29 22:50:22,597 INFO sms_id=1484 inserted transaction 45962008824
2026-05-29 22:50:22,599 INFO sms_id=1485 inserted transaction 1455
2026-05-29 22:50:22,603 INFO sms_id=1486 inserted transaction 1456
2026-05-29 22:50:22,605 WARNING sms_id=1487 unrecognized transaction type
2026-05-29 22:50:22,608 INFO sms_id=1488 inserted transaction 17417124626
2026-05-29 22:50:22,613 INFO sms_id=1489 inserted transaction 1458
2026-05-29 22:50:22,617 INFO sms_id=1490 inserted transaction 1459
2026-05-29 22:50:22,621 INFO sms_id=1491 inserted transaction 64379934012
2026-05-29 22:50:22,624 INFO sms_id=1492 inserted transaction 1461
2026-05-29 22:50:22,627 INFO sms_id=1493 inserted transaction 1462
2026-05-29 22:50:22,630 INFO sms_id=1494 inserted transaction 1463
2026-05-29 22:50:22,634 INFO sms_id=1495 inserted transaction 1464
2026-05-29 22:50:22,638 INFO sms_id=1496 inserted transaction 1465
2026-05-29 22:50:22,642 INFO sms_id=1497 inserted transaction 1466
2026-05-29 22:50:22,645 INFO sms_id=1498 inserted transaction 1467
2026-05-29 22:50:22,647 INFO sms_id=1499 inserted transaction 16767909062
2026-05-29 22:50:22,651 INFO sms_id=1500 inserted transaction 96265284937
2026-05-29 22:50:22,653 INFO Committed batch size=300 inserted=296 skipped_unknown=4 skipped_invalid=0 failed=0
2026-05-29 22:50:22,654 INFO sms_id=1501 inserted transaction 84054827778
2026-05-29 22:50:22,658 INFO sms_id=1502 inserted transaction 88725319180
2026-05-29 22:50:22,661 INFO sms_id=1503 inserted transaction 1472
2026-05-29 22:50:22,665 INFO sms_id=1504 inserted transaction 1473
2026-05-29 22:50:22,669 INFO sms_id=1505 inserted transaction 1474
2026-05-29 22:50:22,672 INFO sms_id=1506 inserted transaction 56170688559
2026-05-29 22:50:22,676 INFO sms_id=1507 inserted transaction 77222748548
2026-05-29 22:50:22,679 INFO sms_id=1508 inserted transaction 25634019489
2026-05-29 22:50:22,682 INFO sms_id=1509 inserted transaction 17878271668
2026-05-29 22:50:22,685 INFO sms_id=1510 inserted transaction 1479
2026-05-29 22:50:22,688 INFO sms_id=1511 inserted transaction 17469774285
2026-05-29 22:50:22,692 INFO sms_id=1512 inserted transaction 1481
2026-05-29 22:50:22,695 INFO sms_id=1513 inserted transaction 35727276550
2026-05-29 22:50:22,698 INFO sms_id=1514 inserted transaction 1483
2026-05-29 22:50:22,701 INFO sms_id=1515 inserted transaction 1484
2026-05-29 22:50:22,704 INFO sms_id=1516 inserted transaction 31316222684
2026-05-29 22:50:22,708 INFO sms_id=1517 inserted transaction 1486
2026-05-29 22:50:22,711 INFO sms_id=1518 inserted transaction 34560987595
2026-05-29 22:50:22,714 INFO sms_id=1519 inserted transaction 64898321363
2026-05-29 22:50:22,717 INFO sms_id=1520 inserted transaction 76380162722
2026-05-29 22:50:22,720 INFO sms_id=1521 inserted transaction 1490
2026-05-29 22:50:22,722 INFO sms_id=1522 inserted transaction 1491
2026-05-29 22:50:22,724 INFO sms_id=1523 inserted transaction 1492
2026-05-29 22:50:22,727 INFO sms_id=1524 inserted transaction 82617046769
2026-05-29 22:50:22,730 INFO sms_id=1525 inserted transaction 57516315891
2026-05-29 22:50:22,732 INFO sms_id=1526 inserted transaction 1495
2026-05-29 22:50:22,735 INFO sms_id=1527 inserted transaction 60930083503
2026-05-29 22:50:22,737 INFO sms_id=1528 inserted transaction 1497
2026-05-29 22:50:22,740 INFO sms_id=1529 inserted transaction 1498
2026-05-29 22:50:22,742 INFO sms_id=1530 inserted transaction 15885497602
2026-05-29 22:50:22,745 INFO sms_id=1531 inserted transaction 1500
2026-05-29 22:50:22,748 INFO sms_id=1532 inserted transaction 19391512835
2026-05-29 22:50:22,751 INFO sms_id=1533 inserted transaction 1502
2026-05-29 22:50:22,753 INFO sms_id=1534 inserted transaction 1503
2026-05-29 22:50:22,756 INFO sms_id=1535 inserted transaction 1504
2026-05-29 22:50:22,758 INFO sms_id=1536 inserted transaction 1505
2026-05-29 22:50:22,761 INFO sms_id=1537 inserted transaction 17798210186
2026-05-29 22:50:22,764 INFO sms_id=1538 inserted transaction 1507
2026-05-29 22:50:22,766 INFO sms_id=1539 inserted transaction 1508
2026-05-29 22:50:22,769 INFO sms_id=1540 inserted transaction 1509
2026-05-29 22:50:22,771 INFO sms_id=1541 inserted transaction 1510
2026-05-29 22:50:22,774 INFO sms_id=1542 inserted transaction 1511
2026-05-29 22:50:22,777 INFO sms_id=1543 inserted transaction 94602885416
2026-05-29 22:50:22,781 INFO sms_id=1544 inserted transaction 40325712376
2026-05-29 22:50:22,786 INFO sms_id=1545 inserted transaction 88953152367
2026-05-29 22:50:22,789 INFO sms_id=1546 inserted transaction 70853207718
2026-05-29 22:50:22,791 INFO sms_id=1547 inserted transaction 1516
2026-05-29 22:50:22,793 INFO sms_id=1548 inserted transaction 1517
2026-05-29 22:50:22,796 INFO sms_id=1549 inserted transaction 1518
2026-05-29 22:50:22,798 INFO sms_id=1550 inserted transaction 1519
2026-05-29 22:50:22,801 INFO sms_id=1551 inserted transaction 1520
2026-05-29 22:50:22,805 INFO sms_id=1552 inserted transaction 86091303323
2026-05-29 22:50:22,808 INFO sms_id=1553 inserted transaction 1522
2026-05-29 22:50:22,811 INFO sms_id=1554 inserted transaction 76924527055
2026-05-29 22:50:22,815 INFO sms_id=1555 inserted transaction 86101897464
2026-05-29 22:50:22,818 INFO sms_id=1556 inserted transaction 26959913460
2026-05-29 22:50:22,820 INFO sms_id=1557 inserted transaction 1526
2026-05-29 22:50:22,823 INFO sms_id=1558 inserted transaction 1527
2026-05-29 22:50:22,827 INFO sms_id=1559 inserted transaction 1528
2026-05-29 22:50:22,830 INFO sms_id=1560 inserted transaction 1529
2026-05-29 22:50:22,833 INFO sms_id=1561 inserted transaction 1530
2026-05-29 22:50:22,836 INFO sms_id=1562 inserted transaction 47314034059
2026-05-29 22:50:22,839 INFO sms_id=1563 inserted transaction 18331674229
2026-05-29 22:50:22,841 INFO sms_id=1564 inserted transaction 97521447595
2026-05-29 22:50:22,844 INFO sms_id=1565 inserted transaction 1534
2026-05-29 22:50:22,847 INFO sms_id=1566 inserted transaction 1535
2026-05-29 22:50:22,850 INFO sms_id=1567 inserted transaction 38286062599
2026-05-29 22:50:22,853 INFO sms_id=1568 inserted transaction 24101990460
2026-05-29 22:50:22,855 INFO sms_id=1569 inserted transaction 1538
2026-05-29 22:50:22,858 INFO sms_id=1570 inserted transaction 19512741503
2026-05-29 22:50:22,861 INFO sms_id=1571 inserted transaction 36173508232
2026-05-29 22:50:22,863 INFO sms_id=1572 inserted transaction 83297515675
2026-05-29 22:50:22,866 INFO sms_id=1573 inserted transaction 1542
2026-05-29 22:50:22,869 INFO sms_id=1574 inserted transaction 91646737384
2026-05-29 22:50:22,872 INFO sms_id=1575 inserted transaction 17708814651
2026-05-29 22:50:22,874 INFO sms_id=1576 inserted transaction 32322247458
2026-05-29 22:50:22,877 INFO sms_id=1577 inserted transaction 1546
2026-05-29 22:50:22,879 INFO sms_id=1578 inserted transaction 1547
2026-05-29 22:50:22,882 INFO sms_id=1579 inserted transaction 1548
2026-05-29 22:50:22,885 INFO sms_id=1580 inserted transaction 1549
2026-05-29 22:50:22,888 INFO sms_id=1581 inserted transaction 25739550229
2026-05-29 22:50:22,891 INFO sms_id=1582 inserted transaction 1551
2026-05-29 22:50:22,894 INFO sms_id=1583 inserted transaction 99751172452
2026-05-29 22:50:22,897 INFO sms_id=1584 inserted transaction 50448841591
2026-05-29 22:50:22,900 INFO sms_id=1585 inserted transaction 1554
2026-05-29 22:50:22,902 INFO sms_id=1586 inserted transaction 17725876735
2026-05-29 22:50:22,905 INFO sms_id=1587 inserted transaction 1556
2026-05-29 22:50:22,907 INFO sms_id=1588 inserted transaction 46963818865
2026-05-29 22:50:22,910 INFO sms_id=1589 inserted transaction 78301179486
2026-05-29 22:50:22,913 INFO sms_id=1590 inserted transaction 1559
2026-05-29 22:50:22,915 INFO sms_id=1591 inserted transaction 34561368106
2026-05-29 22:50:22,918 INFO sms_id=1592 inserted transaction 1561
2026-05-29 22:50:22,920 INFO sms_id=1593 inserted transaction 87189301259
2026-05-29 22:50:22,923 INFO sms_id=1594 inserted transaction 32473306579
2026-05-29 22:50:22,925 INFO sms_id=1595 inserted transaction 1564
2026-05-29 22:50:22,930 INFO sms_id=1596 inserted transaction 1565
2026-05-29 22:50:22,932 INFO sms_id=1597 inserted transaction 1566
2026-05-29 22:50:22,936 INFO sms_id=1598 inserted transaction 1567
2026-05-29 22:50:22,940 INFO sms_id=1599 inserted transaction 60612987867
2026-05-29 22:50:22,943 INFO sms_id=1600 inserted transaction 1569
2026-05-29 22:50:22,946 INFO sms_id=1601 inserted transaction 1570
2026-05-29 22:50:22,949 INFO sms_id=1602 inserted transaction 1571
2026-05-29 22:50:22,953 INFO sms_id=1603 inserted transaction 11332825043
2026-05-29 22:50:22,956 INFO sms_id=1604 inserted transaction 1573
2026-05-29 22:50:22,960 INFO sms_id=1605 inserted transaction 58861772799
2026-05-29 22:50:22,963 INFO sms_id=1606 inserted transaction 79491078117
2026-05-29 22:50:22,967 INFO sms_id=1607 inserted transaction 42280278088
2026-05-29 22:50:22,970 INFO sms_id=1608 inserted transaction 1577
2026-05-29 22:50:22,973 INFO sms_id=1609 inserted transaction 26480204749
2026-05-29 22:50:22,975 INFO sms_id=1610 inserted transaction 11336164483
2026-05-29 22:50:22,978 INFO sms_id=1611 inserted transaction 1580
2026-05-29 22:50:22,980 INFO sms_id=1612 inserted transaction 1581
2026-05-29 22:50:22,983 INFO sms_id=1613 inserted transaction 11689124968
2026-05-29 22:50:22,985 INFO sms_id=1614 inserted transaction 1583
2026-05-29 22:50:22,989 INFO sms_id=1615 inserted transaction 35592207581
2026-05-29 22:50:22,991 INFO sms_id=1616 inserted transaction 66251081197
2026-05-29 22:50:22,994 INFO sms_id=1617 inserted transaction 17841214930
2026-05-29 22:50:22,996 INFO sms_id=1618 inserted transaction 1587
2026-05-29 22:50:22,999 INFO sms_id=1619 inserted transaction 48873092706
2026-05-29 22:50:23,001 INFO sms_id=1620 inserted transaction 56839942126
2026-05-29 22:50:23,003 INFO sms_id=1621 inserted transaction 82394883480
2026-05-29 22:50:23,006 INFO sms_id=1622 inserted transaction 1591
2026-05-29 22:50:23,008 INFO sms_id=1623 inserted transaction 1592
2026-05-29 22:50:23,010 INFO sms_id=1624 inserted transaction 1593
2026-05-29 22:50:23,013 INFO sms_id=1625 inserted transaction 93254937757
2026-05-29 22:50:23,015 INFO sms_id=1626 inserted transaction 1595
2026-05-29 22:50:23,018 INFO sms_id=1627 inserted transaction 1596
2026-05-29 22:50:23,021 INFO sms_id=1628 inserted transaction 17868470140
2026-05-29 22:50:23,023 INFO sms_id=1629 inserted transaction 1598
2026-05-29 22:50:23,026 INFO sms_id=1630 inserted transaction 1599
2026-05-29 22:50:23,029 INFO sms_id=1631 inserted transaction 31144936614
2026-05-29 22:50:23,031 INFO sms_id=1632 inserted transaction 47955567230
2026-05-29 22:50:23,034 INFO sms_id=1633 inserted transaction 51461434870
2026-05-29 22:50:23,036 INFO sms_id=1634 inserted transaction 1603
2026-05-29 22:50:23,039 INFO sms_id=1635 inserted transaction 1604
2026-05-29 22:50:23,042 INFO sms_id=1636 inserted transaction 31288108568
2026-05-29 22:50:23,044 INFO sms_id=1637 inserted transaction 26095846303
2026-05-29 22:50:23,047 INFO sms_id=1638 inserted transaction 1607
2026-05-29 22:50:23,049 INFO sms_id=1639 inserted transaction 29138578472
2026-05-29 22:50:23,051 INFO sms_id=1640 inserted transaction 42047000517
2026-05-29 22:50:23,053 INFO sms_id=1641 inserted transaction 93141088379
2026-05-29 22:50:23,055 INFO sms_id=1642 inserted transaction 1611
2026-05-29 22:50:23,057 INFO sms_id=1643 inserted transaction 1612
2026-05-29 22:50:23,059 INFO sms_id=1644 inserted transaction 50185533867
2026-05-29 22:50:23,061 INFO sms_id=1645 inserted transaction 30614825696
2026-05-29 22:50:23,063 INFO sms_id=1646 inserted transaction 1615
2026-05-29 22:50:23,065 INFO sms_id=1647 inserted transaction 1616
2026-05-29 22:50:23,067 INFO sms_id=1648 inserted transaction 1617
2026-05-29 22:50:23,070 INFO sms_id=1649 inserted transaction 12490495576
2026-05-29 22:50:23,072 INFO sms_id=1650 inserted transaction 1619
2026-05-29 22:50:23,075 INFO sms_id=1651 inserted transaction 64907673038
2026-05-29 22:50:23,078 INFO sms_id=1652 inserted transaction 32539170420
2026-05-29 22:50:23,080 INFO sms_id=1653 inserted transaction 1622
2026-05-29 22:50:23,084 INFO sms_id=1654 inserted transaction 78103204977
2026-05-29 22:50:23,086 INFO sms_id=1655 inserted transaction 31387192219
2026-05-29 22:50:23,090 INFO sms_id=1656 inserted transaction 57476994247
2026-05-29 22:50:23,092 INFO sms_id=1657 inserted transaction 1626
2026-05-29 22:50:23,095 INFO sms_id=1658 inserted transaction 1627
2026-05-29 22:50:23,098 INFO sms_id=1659 inserted transaction 98632277447
2026-05-29 22:50:23,100 INFO sms_id=1660 inserted transaction 40588162053
2026-05-29 22:50:23,103 INFO sms_id=1661 inserted transaction 29067172393
2026-05-29 22:50:23,105 INFO sms_id=1662 inserted transaction 1631
2026-05-29 22:50:23,108 INFO sms_id=1663 inserted transaction 45609632088
2026-05-29 22:50:23,110 INFO sms_id=1664 inserted transaction 85530195772
2026-05-29 22:50:23,112 INFO sms_id=1665 inserted transaction 1634
2026-05-29 22:50:23,115 INFO sms_id=1666 inserted transaction 44937760731
2026-05-29 22:50:23,118 INFO sms_id=1667 inserted transaction 65965699498
2026-05-29 22:50:23,120 INFO sms_id=1668 inserted transaction 81626212197
2026-05-29 22:50:23,123 INFO sms_id=1669 inserted transaction 22829152838
2026-05-29 22:50:23,126 INFO sms_id=1670 inserted transaction 1639
2026-05-29 22:50:23,130 INFO sms_id=1671 inserted transaction 18044804543
2026-05-29 22:50:23,133 INFO sms_id=1672 inserted transaction 1641
2026-05-29 22:50:23,136 INFO sms_id=1673 inserted transaction 52225700417
2026-05-29 22:50:23,138 INFO sms_id=1674 inserted transaction 1643
2026-05-29 22:50:23,141 INFO sms_id=1675 inserted transaction 31581671113
2026-05-29 22:50:23,143 INFO sms_id=1676 inserted transaction 88289015616
2026-05-29 22:50:23,146 INFO sms_id=1677 inserted transaction 18064613724
2026-05-29 22:50:23,148 WARNING sms_id=1678 unrecognized transaction type
2026-05-29 22:50:23,150 INFO sms_id=1679 inserted transaction 1647
2026-05-29 22:50:23,152 INFO sms_id=1680 inserted transaction 1648
2026-05-29 22:50:23,155 INFO sms_id=1681 inserted transaction 33961366964
2026-05-29 22:50:23,157 INFO sms_id=1682 inserted transaction 1650
2026-05-29 22:50:23,160 INFO sms_id=1683 inserted transaction 36439238929
2026-05-29 22:50:23,163 INFO sms_id=1684 inserted transaction 18087757600
2026-05-29 22:50:23,165 INFO sms_id=1685 inserted transaction 30801532894
2026-05-29 22:50:23,168 INFO sms_id=1686 inserted transaction 55109401801
2026-05-29 22:50:23,170 INFO sms_id=1687 inserted transaction 1655
2026-05-29 22:50:23,172 INFO sms_id=1688 inserted transaction 1656
2026-05-29 22:50:23,175 INFO sms_id=1689 inserted transaction 26811810649
2026-05-29 22:50:23,177 INFO sms_id=1690 inserted transaction 51350491173
2026-05-29 22:50:23,179 INFO sms_id=1691 inserted transaction 37832903831
2026-05-29 22:50:23,180 INFO Committed final batch size=191 inserted=190 skipped_unknown=1 skipped_invalid=0 failed=0
2026-05-29 22:50:23,180 INFO Batch processing complete
2026-05-29 22:50:23,210 INFO Wrote parsed JSON to data/processed/dashboard.json
2026-05-29 22:50:23,210 INFO Summary total=1691 inserted=1658 skipped_unknown=33 skipped_invalid=0 failed=0
2026-05-29 22:53:46,122 INFO XML import started. Total SMS records: 1691
2026-05-29 22:53:46,147 INFO sms_id=1 inserted transaction 76662021700
2026-05-29 22:53:46,151 INFO sms_id=2 inserted transaction 73214484437
2026-05-29 22:53:46,154 INFO sms_id=3 inserted transaction 51732411227
2026-05-29 22:53:46,157 INFO sms_id=4 inserted transaction 1660
2026-05-29 22:53:46,160 INFO sms_id=5 inserted transaction 17818959211
2026-05-29 22:53:46,164 INFO sms_id=6 inserted transaction 1661
2026-05-29 22:53:46,167 INFO sms_id=7 inserted transaction 1662
2026-05-29 22:53:46,170 INFO sms_id=8 inserted transaction 13913173274
2026-05-29 22:53:46,174 INFO sms_id=9 inserted transaction 45434420466
2026-05-29 22:53:46,179 INFO sms_id=10 inserted transaction 82113964658
2026-05-29 22:53:46,183 INFO sms_id=11 inserted transaction 26614842768
2026-05-29 22:53:46,186 INFO sms_id=12 inserted transaction 70497610538
2026-05-29 22:53:46,189 INFO sms_id=13 inserted transaction 1663
2026-05-29 22:53:46,192 INFO sms_id=14 inserted transaction 1664
2026-05-29 22:53:46,195 INFO sms_id=15 inserted transaction 1665
2026-05-29 22:53:46,198 INFO sms_id=16 inserted transaction 1666
2026-05-29 22:53:46,201 INFO sms_id=17 inserted transaction 1667
2026-05-29 22:53:46,206 INFO sms_id=18 inserted transaction 1668
2026-05-29 22:53:46,209 INFO sms_id=19 inserted transaction 1669
2026-05-29 22:53:46,212 INFO sms_id=20 inserted transaction 1670
2026-05-29 22:53:46,216 INFO sms_id=21 inserted transaction 43668074924
2026-05-29 22:53:46,219 INFO sms_id=22 inserted transaction 13947831685
2026-05-29 22:53:46,223 INFO sms_id=23 inserted transaction 24227321992
2026-05-29 22:53:46,227 INFO sms_id=24 inserted transaction 18249226395
2026-05-29 22:53:46,230 INFO sms_id=25 inserted transaction 1671
2026-05-29 22:53:46,234 INFO sms_id=26 inserted transaction 98755359894
2026-05-29 22:53:46,237 INFO sms_id=27 inserted transaction 1672
2026-05-29 22:53:46,239 INFO sms_id=28 inserted transaction 1673
2026-05-29 22:53:46,242 INFO sms_id=29 inserted transaction 65789139357
2026-05-29 22:53:46,245 INFO sms_id=30 inserted transaction 1674
2026-05-29 22:53:46,248 INFO sms_id=31 inserted transaction 1675
2026-05-29 22:53:46,250 INFO sms_id=32 inserted transaction 1676
2026-05-29 22:53:46,252 INFO sms_id=33 inserted transaction 1677
2026-05-29 22:53:46,254 INFO sms_id=34 inserted transaction 16913786322
2026-05-29 22:53:46,256 INFO sms_id=35 inserted transaction 1678
2026-05-29 22:53:46,259 INFO sms_id=36 inserted transaction 1679
2026-05-29 22:53:46,262 INFO sms_id=37 inserted transaction 1680
2026-05-29 22:53:46,265 INFO sms_id=38 inserted transaction 30173936259
2026-05-29 22:53:46,267 INFO sms_id=39 inserted transaction 1681
2026-05-29 22:53:46,270 INFO sms_id=40 inserted transaction 38084447123
2026-05-29 22:53:46,273 INFO sms_id=41 inserted transaction 45738348638
2026-05-29 22:53:46,275 INFO sms_id=42 inserted transaction 1682
2026-05-29 22:53:46,277 INFO sms_id=43 inserted transaction 32894434269
2026-05-29 22:53:46,280 INFO sms_id=44 inserted transaction 1683
2026-05-29 22:53:46,283 INFO sms_id=45 inserted transaction 1684
2026-05-29 22:53:46,285 INFO sms_id=46 inserted transaction 1685
2026-05-29 22:53:46,288 INFO sms_id=47 inserted transaction 1686
2026-05-29 22:53:46,290 INFO sms_id=48 inserted transaction 1687
2026-05-29 22:53:46,292 INFO sms_id=49 inserted transaction 1688
2026-05-29 22:53:46,295 INFO sms_id=50 inserted transaction 1689
2026-05-29 22:53:46,298 INFO sms_id=51 inserted transaction 1690
2026-05-29 22:53:46,303 INFO sms_id=52 inserted transaction 61189493387
2026-05-29 22:53:46,307 INFO sms_id=53 inserted transaction 37467134419
2026-05-29 22:53:46,310 INFO sms_id=54 inserted transaction 1691
2026-05-29 22:53:46,315 INFO sms_id=55 inserted transaction 1692
2026-05-29 22:53:46,319 INFO sms_id=56 inserted transaction 12131092250
2026-05-29 22:53:46,322 INFO sms_id=57 inserted transaction 35617026753
2026-05-29 22:53:46,326 INFO sms_id=58 inserted transaction 1693
2026-05-29 22:53:46,330 INFO sms_id=59 inserted transaction 1694
2026-05-29 22:53:46,334 INFO sms_id=60 inserted transaction 59168184137
2026-05-29 22:53:46,337 INFO sms_id=61 inserted transaction 47570656030
2026-05-29 22:53:46,340 INFO sms_id=62 inserted transaction 1695
2026-05-29 22:53:46,343 INFO sms_id=63 inserted transaction 95960893947
2026-05-29 22:53:46,347 INFO sms_id=64 inserted transaction 1696
2026-05-29 22:53:46,353 INFO sms_id=65 inserted transaction 1697
2026-05-29 22:53:46,359 INFO sms_id=66 inserted transaction 43786042083
2026-05-29 22:53:46,365 INFO sms_id=67 inserted transaction 51199793551
2026-05-29 22:53:46,374 INFO sms_id=68 inserted transaction 90057863776
2026-05-29 22:53:46,380 INFO sms_id=69 inserted transaction 1698
2026-05-29 22:53:46,385 WARNING sms_id=70 category code missing in DB: WITHDRAWAL
2026-05-29 22:53:46,390 INFO sms_id=71 inserted transaction 1699
2026-05-29 22:53:46,394 WARNING sms_id=72 unrecognized transaction type
2026-05-29 22:53:46,397 WARNING sms_id=73 unrecognized transaction type
2026-05-29 22:53:46,401 WARNING sms_id=74 unrecognized transaction type
2026-05-29 22:53:46,408 INFO sms_id=75 inserted transaction 14103506143
2026-05-29 22:53:46,415 INFO sms_id=76 inserted transaction 1700
2026-05-29 22:53:46,417 WARNING sms_id=77 unrecognized transaction type
2026-05-29 22:53:46,421 INFO sms_id=78 inserted transaction 1701
2026-05-29 22:53:46,424 INFO sms_id=79 inserted transaction 1702
2026-05-29 22:53:46,427 INFO sms_id=80 inserted transaction 1703
2026-05-29 22:53:46,429 WARNING sms_id=81 unrecognized transaction type
2026-05-29 22:53:46,433 INFO sms_id=82 inserted transaction 1704
2026-05-29 22:53:46,436 INFO sms_id=83 inserted transaction 65035082869
2026-05-29 22:53:46,440 INFO sms_id=84 inserted transaction 23112980564
2026-05-29 22:53:46,444 INFO sms_id=85 inserted transaction 1705
2026-05-29 22:53:46,449 INFO sms_id=86 inserted transaction 97391079490
2026-05-29 22:53:46,453 INFO sms_id=87 inserted transaction 1706
2026-05-29 22:53:46,456 WARNING sms_id=88 unrecognized transaction type
2026-05-29 22:53:46,459 INFO sms_id=89 inserted transaction 14121530824
2026-05-29 22:53:46,462 INFO sms_id=90 inserted transaction 1707
2026-05-29 22:53:46,465 INFO sms_id=91 inserted transaction 1708
2026-05-29 22:53:46,468 INFO sms_id=92 inserted transaction 28021128029
2026-05-29 22:53:46,470 INFO sms_id=93 inserted transaction 90281203550
2026-05-29 22:53:46,473 INFO sms_id=94 inserted transaction 1709
2026-05-29 22:53:46,476 INFO sms_id=95 inserted transaction 1710
2026-05-29 22:53:46,480 INFO sms_id=96 inserted transaction 1711
2026-05-29 22:53:46,483 INFO sms_id=97 inserted transaction 1712
2026-05-29 22:53:46,487 INFO sms_id=98 inserted transaction 59054859038
2026-05-29 22:53:46,491 INFO sms_id=99 inserted transaction 1713
2026-05-29 22:53:46,495 INFO sms_id=100 inserted transaction 1714
2026-05-29 22:53:46,501 INFO sms_id=101 inserted transaction 1715
2026-05-29 22:53:46,505 INFO sms_id=102 inserted transaction 49894890981
2026-05-29 22:53:46,509 INFO sms_id=103 inserted transaction 36362293540
2026-05-29 22:53:46,513 INFO sms_id=104 inserted transaction 1716
2026-05-29 22:53:46,516 INFO sms_id=105 inserted transaction 1717
2026-05-29 22:53:46,520 INFO sms_id=106 inserted transaction 1718
2026-05-29 22:53:46,524 INFO sms_id=107 inserted transaction 1719
2026-05-29 22:53:46,527 INFO sms_id=108 inserted transaction 1720
2026-05-29 22:53:46,529 INFO sms_id=109 inserted transaction 38069282043
2026-05-29 22:53:46,531 INFO sms_id=110 inserted transaction 1721
2026-05-29 22:53:46,534 INFO sms_id=111 inserted transaction 66215693108
2026-05-29 22:53:46,537 INFO sms_id=112 inserted transaction 37706238756
2026-05-29 22:53:46,540 INFO sms_id=113 inserted transaction 1722
2026-05-29 22:53:46,544 INFO sms_id=114 inserted transaction 22989641020
2026-05-29 22:53:46,547 INFO sms_id=115 inserted transaction 1723
2026-05-29 22:53:46,550 INFO sms_id=116 inserted transaction 1724
2026-05-29 22:53:46,554 INFO sms_id=117 inserted transaction 28025360855
2026-05-29 22:53:46,556 INFO sms_id=118 inserted transaction 1725
2026-05-29 22:53:46,559 INFO sms_id=119 inserted transaction 1726
2026-05-29 22:53:46,561 INFO sms_id=120 inserted transaction 32615649069
2026-05-29 22:53:46,563 INFO sms_id=121 inserted transaction 1727
2026-05-29 22:53:46,565 INFO sms_id=122 inserted transaction 1728
2026-05-29 22:53:46,567 INFO sms_id=123 inserted transaction 1729
2026-05-29 22:53:46,569 INFO sms_id=124 inserted transaction 1730
2026-05-29 22:53:46,572 INFO sms_id=125 inserted transaction 1731
2026-05-29 22:53:46,575 INFO sms_id=126 inserted transaction 21910499837
2026-05-29 22:53:46,578 INFO sms_id=127 inserted transaction 40412577651
2026-05-29 22:53:46,581 INFO sms_id=128 inserted transaction 44021806588
2026-05-29 22:53:46,583 INFO sms_id=129 inserted transaction 1732
2026-05-29 22:53:46,586 INFO sms_id=130 inserted transaction 70782527436
2026-05-29 22:53:46,590 INFO sms_id=131 inserted transaction 15037119744
2026-05-29 22:53:46,592 INFO sms_id=132 inserted transaction 1733
2026-05-29 22:53:46,596 INFO sms_id=133 inserted transaction 1734
2026-05-29 22:53:46,599 INFO sms_id=134 inserted transaction 1735
2026-05-29 22:53:46,602 INFO sms_id=135 inserted transaction 1736
2026-05-29 22:53:46,605 INFO sms_id=136 inserted transaction 25107231114
2026-05-29 22:53:46,609 INFO sms_id=137 inserted transaction 1737
2026-05-29 22:53:46,613 INFO sms_id=138 inserted transaction 1738
2026-05-29 22:53:46,617 INFO sms_id=139 inserted transaction 1739
2026-05-29 22:53:46,620 INFO sms_id=140 inserted transaction 1740
2026-05-29 22:53:46,623 INFO sms_id=141 inserted transaction 19727516208
2026-05-29 22:53:46,625 INFO sms_id=142 inserted transaction 1741
2026-05-29 22:53:46,628 INFO sms_id=143 inserted transaction 1742
2026-05-29 22:53:46,631 INFO sms_id=144 inserted transaction 1743
2026-05-29 22:53:46,633 INFO sms_id=145 inserted transaction 1744
2026-05-29 22:53:46,637 INFO sms_id=146 inserted transaction 14262449979
2026-05-29 22:53:46,639 INFO sms_id=147 inserted transaction 1745
2026-05-29 22:53:46,642 INFO sms_id=148 inserted transaction 1746
2026-05-29 22:53:46,645 INFO sms_id=149 inserted transaction 36046721654
2026-05-29 22:53:46,648 INFO sms_id=150 inserted transaction 14264876273
2026-05-29 22:53:46,650 INFO sms_id=151 inserted transaction 1747
2026-05-29 22:53:46,652 INFO sms_id=152 inserted transaction 1748
2026-05-29 22:53:46,655 INFO sms_id=153 inserted transaction 41002852845
2026-05-29 22:53:46,657 INFO sms_id=154 inserted transaction 1749
2026-05-29 22:53:46,660 INFO sms_id=155 inserted transaction 1750
2026-05-29 22:53:46,663 INFO sms_id=156 inserted transaction 1751
2026-05-29 22:53:46,666 INFO sms_id=157 inserted transaction 1752
2026-05-29 22:53:46,668 INFO sms_id=158 inserted transaction 1753
2026-05-29 22:53:46,671 INFO sms_id=159 inserted transaction 14303889432
2026-05-29 22:53:46,674 INFO sms_id=160 inserted transaction 14304661948
2026-05-29 22:53:46,675 WARNING sms_id=161 unrecognized transaction type
2026-05-29 22:53:46,678 INFO sms_id=162 inserted transaction 14324965479
2026-05-29 22:53:46,680 INFO sms_id=163 inserted transaction 1754
2026-05-29 22:53:46,682 INFO sms_id=164 inserted transaction 1755
2026-05-29 22:53:46,685 INFO sms_id=165 inserted transaction 1756
2026-05-29 22:53:46,687 INFO sms_id=166 inserted transaction 1757
2026-05-29 22:53:46,690 INFO sms_id=167 inserted transaction 1758
2026-05-29 22:53:46,693 INFO sms_id=168 inserted transaction 1759
2026-05-29 22:53:46,696 INFO sms_id=169 inserted transaction 1760
2026-05-29 22:53:46,698 INFO sms_id=170 inserted transaction 1761
2026-05-29 22:53:46,700 INFO sms_id=171 inserted transaction 1762
2026-05-29 22:53:46,705 INFO sms_id=172 inserted transaction 94257743617
2026-05-29 22:53:46,708 INFO sms_id=173 inserted transaction 1763
2026-05-29 22:53:46,711 INFO sms_id=174 inserted transaction 1764
2026-05-29 22:53:46,715 INFO sms_id=175 inserted transaction 28563784569
2026-05-29 22:53:46,718 INFO sms_id=176 inserted transaction 16877151789
2026-05-29 22:53:46,723 INFO sms_id=177 inserted transaction 1765
2026-05-29 22:53:46,727 INFO sms_id=178 inserted transaction 1766
2026-05-29 22:53:46,731 INFO sms_id=179 inserted transaction 1767
2026-05-29 22:53:46,734 INFO sms_id=180 inserted transaction 1768
2026-05-29 22:53:46,737 INFO sms_id=181 inserted transaction 49766645414
2026-05-29 22:53:46,741 INFO sms_id=182 inserted transaction 91799715733
2026-05-29 22:53:46,744 INFO sms_id=183 inserted transaction 42326639460
2026-05-29 22:53:46,747 INFO sms_id=184 inserted transaction 1769
2026-05-29 22:53:46,749 INFO sms_id=185 inserted transaction 1770
2026-05-29 22:53:46,751 INFO sms_id=186 inserted transaction 1771
2026-05-29 22:53:46,754 INFO sms_id=187 inserted transaction 18893569803
2026-05-29 22:53:46,758 INFO sms_id=188 inserted transaction 1772
2026-05-29 22:53:46,762 INFO sms_id=189 inserted transaction 1773
2026-05-29 22:53:46,766 INFO sms_id=190 inserted transaction 1774
2026-05-29 22:53:46,770 INFO sms_id=191 inserted transaction 1775
2026-05-29 22:53:46,773 INFO sms_id=192 inserted transaction 14366722236
2026-05-29 22:53:46,777 INFO sms_id=193 inserted transaction 10809435113
2026-05-29 22:53:46,781 INFO sms_id=194 inserted transaction 97328486237
2026-05-29 22:53:46,785 INFO sms_id=195 inserted transaction 1776
2026-05-29 22:53:46,790 INFO sms_id=196 inserted transaction 20564153955
2026-05-29 22:53:46,793 INFO sms_id=197 inserted transaction 31051483102
2026-05-29 22:53:46,795 INFO sms_id=198 inserted transaction 1777
2026-05-29 22:53:46,798 INFO sms_id=199 inserted transaction 1778
2026-05-29 22:53:46,801 INFO sms_id=200 inserted transaction 17481776844
2026-05-29 22:53:46,803 INFO sms_id=201 inserted transaction 1779
2026-05-29 22:53:46,806 INFO sms_id=202 inserted transaction 63344530197
2026-05-29 22:53:46,808 INFO sms_id=203 inserted transaction 1780
2026-05-29 22:53:46,810 INFO sms_id=204 inserted transaction 1781
2026-05-29 22:53:46,812 INFO sms_id=205 inserted transaction 1782
2026-05-29 22:53:46,814 INFO sms_id=206 inserted transaction 1783
2026-05-29 22:53:46,816 INFO sms_id=207 inserted transaction 99134996997
2026-05-29 22:53:46,818 INFO sms_id=208 inserted transaction 1784
2026-05-29 22:53:46,820 INFO sms_id=209 inserted transaction 96723699988
2026-05-29 22:53:46,822 INFO sms_id=210 inserted transaction 1785
2026-05-29 22:53:46,824 INFO sms_id=211 inserted transaction 1786
2026-05-29 22:53:46,827 INFO sms_id=212 inserted transaction 16545003631
2026-05-29 22:53:46,829 INFO sms_id=213 inserted transaction 61557468875
2026-05-29 22:53:46,832 INFO sms_id=214 inserted transaction 1787
2026-05-29 22:53:46,835 INFO sms_id=215 inserted transaction 1788
2026-05-29 22:53:46,838 INFO sms_id=216 inserted transaction 81945111303
2026-05-29 22:53:46,840 INFO sms_id=217 inserted transaction 14392932831
2026-05-29 22:53:46,844 INFO sms_id=218 inserted transaction 59979980024
2026-05-29 22:53:46,846 INFO sms_id=219 inserted transaction 1789
2026-05-29 22:53:46,849 INFO sms_id=220 inserted transaction 1790
2026-05-29 22:53:46,851 INFO sms_id=221 inserted transaction 1791
2026-05-29 22:53:46,853 INFO sms_id=222 inserted transaction 1792
2026-05-29 22:53:46,856 INFO sms_id=223 inserted transaction 1793
2026-05-29 22:53:46,859 INFO sms_id=224 inserted transaction 1794
2026-05-29 22:53:46,862 INFO sms_id=225 inserted transaction 14404189056
2026-05-29 22:53:46,864 INFO sms_id=226 inserted transaction 77021305535
2026-05-29 22:53:46,866 INFO sms_id=227 inserted transaction 14405681742
2026-05-29 22:53:46,868 INFO sms_id=228 inserted transaction 59491550845
2026-05-29 22:53:46,870 INFO sms_id=229 inserted transaction 1795
2026-05-29 22:53:46,872 INFO sms_id=230 inserted transaction 14412904724
2026-05-29 22:53:46,874 INFO sms_id=231 inserted transaction 1796
2026-05-29 22:53:46,877 INFO sms_id=232 inserted transaction 14413610551
2026-05-29 22:53:46,879 INFO sms_id=233 inserted transaction 19524019964
2026-05-29 22:53:46,883 INFO sms_id=234 inserted transaction 1797
2026-05-29 22:53:46,885 INFO sms_id=235 inserted transaction 1798
2026-05-29 22:53:46,888 INFO sms_id=236 inserted transaction 1799
2026-05-29 22:53:46,891 INFO sms_id=237 inserted transaction 23764987164
2026-05-29 22:53:46,893 INFO sms_id=238 inserted transaction 41741931224
2026-05-29 22:53:46,896 INFO sms_id=239 inserted transaction 1800
2026-05-29 22:53:46,899 INFO sms_id=240 inserted transaction 1801
2026-05-29 22:53:46,901 INFO sms_id=241 inserted transaction 1802
2026-05-29 22:53:46,904 INFO sms_id=242 inserted transaction 1803
2026-05-29 22:53:46,906 INFO sms_id=243 inserted transaction 1804
2026-05-29 22:53:46,908 INFO sms_id=244 inserted transaction 81779365319
2026-05-29 22:53:46,910 INFO sms_id=245 inserted transaction 1805
2026-05-29 22:53:46,913 INFO sms_id=246 inserted transaction 12093489080
2026-05-29 22:53:46,916 INFO sms_id=247 inserted transaction 10919892030
2026-05-29 22:53:46,919 INFO sms_id=248 inserted transaction 43960900475
2026-05-29 22:53:46,921 INFO sms_id=249 inserted transaction 1806
2026-05-29 22:53:46,923 INFO sms_id=250 inserted transaction 92393353015
2026-05-29 22:53:46,925 INFO sms_id=251 inserted transaction 70015105006
2026-05-29 22:53:46,928 INFO sms_id=252 inserted transaction 11901062453
2026-05-29 22:53:46,929 WARNING sms_id=253 unrecognized transaction type
2026-05-29 22:53:46,931 INFO sms_id=254 inserted transaction 14443130677
2026-05-29 22:53:46,935 INFO sms_id=255 inserted transaction 63115508240
2026-05-29 22:53:46,937 INFO sms_id=256 inserted transaction 1807
2026-05-29 22:53:46,941 INFO sms_id=257 inserted transaction 1808
2026-05-29 22:53:46,944 INFO sms_id=258 inserted transaction 1809
2026-05-29 22:53:46,946 INFO sms_id=259 inserted transaction 1810
2026-05-29 22:53:46,949 INFO sms_id=260 inserted transaction 90311838363
2026-05-29 22:53:46,951 INFO sms_id=261 inserted transaction 65472821949
2026-05-29 22:53:46,954 INFO sms_id=262 inserted transaction 14469963984
2026-05-29 22:53:46,956 INFO sms_id=263 inserted transaction 1811
2026-05-29 22:53:46,959 INFO sms_id=264 inserted transaction 1812
2026-05-29 22:53:46,961 INFO sms_id=265 inserted transaction 18526546570
2026-05-29 22:53:46,964 INFO sms_id=266 inserted transaction 90823104833
2026-05-29 22:53:46,966 INFO sms_id=267 inserted transaction 94029377235
2026-05-29 22:53:46,968 INFO sms_id=268 inserted transaction 1813
2026-05-29 22:53:46,970 INFO sms_id=269 inserted transaction 1814
2026-05-29 22:53:46,973 INFO sms_id=270 inserted transaction 38074910818
2026-05-29 22:53:46,976 INFO sms_id=271 inserted transaction 1815
2026-05-29 22:53:46,978 INFO sms_id=272 inserted transaction 1816
2026-05-29 22:53:46,981 INFO sms_id=273 inserted transaction 43333418094
2026-05-29 22:53:46,984 INFO sms_id=274 inserted transaction 1817
2026-05-29 22:53:46,986 INFO sms_id=275 inserted transaction 43349533054
2026-05-29 22:53:46,989 INFO sms_id=276 inserted transaction 1818
2026-05-29 22:53:46,992 INFO sms_id=277 inserted transaction 72288050689
2026-05-29 22:53:46,994 INFO sms_id=278 inserted transaction 12723317674
2026-05-29 22:53:46,997 INFO sms_id=279 inserted transaction 29081551536
2026-05-29 22:53:46,999 INFO sms_id=280 inserted transaction 1819
2026-05-29 22:53:47,002 INFO sms_id=281 inserted transaction 1820
2026-05-29 22:53:47,004 INFO sms_id=282 inserted transaction 55981011420
2026-05-29 22:53:47,007 INFO sms_id=283 inserted transaction 1821
2026-05-29 22:53:47,011 INFO sms_id=284 inserted transaction 1822
2026-05-29 22:53:47,013 INFO sms_id=285 inserted transaction 67456128847
2026-05-29 22:53:47,015 INFO sms_id=286 inserted transaction 1823
2026-05-29 22:53:47,017 INFO sms_id=287 inserted transaction 1824
2026-05-29 22:53:47,019 INFO sms_id=288 inserted transaction 1825
2026-05-29 22:53:47,022 INFO sms_id=289 inserted transaction 45238324104
2026-05-29 22:53:47,025 INFO sms_id=290 inserted transaction 31373267832
2026-05-29 22:53:47,028 INFO sms_id=291 inserted transaction 1826
2026-05-29 22:53:47,030 INFO sms_id=292 inserted transaction 1827
2026-05-29 22:53:47,034 INFO sms_id=293 inserted transaction 99439041781
2026-05-29 22:53:47,036 INFO sms_id=294 inserted transaction 1828
2026-05-29 22:53:47,040 INFO sms_id=295 inserted transaction 91628513434
2026-05-29 22:53:47,043 INFO sms_id=296 inserted transaction 1829
2026-05-29 22:53:47,046 INFO sms_id=297 inserted transaction 1830
2026-05-29 22:53:47,049 INFO sms_id=298 inserted transaction 1831
2026-05-29 22:53:47,052 INFO sms_id=299 inserted transaction 95997298432
2026-05-29 22:53:47,055 INFO sms_id=300 inserted transaction 1832
2026-05-29 22:53:47,057 INFO Committed batch size=300 inserted=291 skipped_unknown=9 skipped_invalid=0 failed=0
2026-05-29 22:53:47,059 INFO sms_id=301 inserted transaction 93272208136
2026-05-29 22:53:47,062 INFO sms_id=302 inserted transaction 1833
2026-05-29 22:53:47,065 INFO sms_id=303 inserted transaction 76500239822
2026-05-29 22:53:47,068 INFO sms_id=304 inserted transaction 1834
2026-05-29 22:53:47,071 INFO sms_id=305 inserted transaction 1835
2026-05-29 22:53:47,075 INFO sms_id=306 inserted transaction 62680813443
2026-05-29 22:53:47,078 INFO sms_id=307 inserted transaction 60128198918
2026-05-29 22:53:47,081 INFO sms_id=308 inserted transaction 1836
2026-05-29 22:53:47,084 INFO sms_id=309 inserted transaction 45944658885
2026-05-29 22:53:47,086 INFO sms_id=310 inserted transaction 95262102019
2026-05-29 22:53:47,090 INFO sms_id=311 inserted transaction 1837
2026-05-29 22:53:47,093 INFO sms_id=312 inserted transaction 1838
2026-05-29 22:53:47,097 INFO sms_id=313 inserted transaction 1839
2026-05-29 22:53:47,100 INFO sms_id=314 inserted transaction 87006296823
2026-05-29 22:53:47,103 INFO sms_id=315 inserted transaction 1840
2026-05-29 22:53:47,106 INFO sms_id=316 inserted transaction 1841
2026-05-29 22:53:47,109 INFO sms_id=317 inserted transaction 1842
2026-05-29 22:53:47,114 INFO sms_id=318 inserted transaction 14540224719
2026-05-29 22:53:47,117 INFO sms_id=319 inserted transaction 1843
2026-05-29 22:53:47,120 INFO sms_id=320 inserted transaction 31576470196
2026-05-29 22:53:47,124 INFO sms_id=321 inserted transaction 1844
2026-05-29 22:53:47,127 INFO sms_id=322 inserted transaction 73458718592
2026-05-29 22:53:47,130 INFO sms_id=323 inserted transaction 38607418037
2026-05-29 22:53:47,132 INFO sms_id=324 inserted transaction 1845
2026-05-29 22:53:47,135 INFO sms_id=325 inserted transaction 74528093189
2026-05-29 22:53:47,137 INFO sms_id=326 inserted transaction 14551117248
2026-05-29 22:53:47,139 INFO sms_id=327 inserted transaction 1846
2026-05-29 22:53:47,141 INFO sms_id=328 inserted transaction 1847
2026-05-29 22:53:47,144 INFO sms_id=329 inserted transaction 1848
2026-05-29 22:53:47,146 INFO sms_id=330 inserted transaction 1849
2026-05-29 22:53:47,149 INFO sms_id=331 inserted transaction 36124196268
2026-05-29 22:53:47,151 INFO sms_id=332 inserted transaction 1850
2026-05-29 22:53:47,154 INFO sms_id=333 inserted transaction 12278530897
2026-05-29 22:53:47,156 INFO sms_id=334 inserted transaction 1851
2026-05-29 22:53:47,158 INFO sms_id=335 inserted transaction 1852
2026-05-29 22:53:47,160 INFO sms_id=336 inserted transaction 1853
2026-05-29 22:53:47,163 INFO sms_id=337 inserted transaction 14568668252
2026-05-29 22:53:47,165 INFO sms_id=338 inserted transaction 14569120894
2026-05-29 22:53:47,167 WARNING sms_id=339 unrecognized transaction type
2026-05-29 22:53:47,169 INFO sms_id=340 inserted transaction 1854
2026-05-29 22:53:47,172 INFO sms_id=341 inserted transaction 80699538135
2026-05-29 22:53:47,174 INFO sms_id=342 inserted transaction 1855
2026-05-29 22:53:47,178 INFO sms_id=343 inserted transaction 14574631016
2026-05-29 22:53:47,181 INFO sms_id=344 inserted transaction 76219803114
2026-05-29 22:53:47,184 INFO sms_id=345 inserted transaction 1856
2026-05-29 22:53:47,188 INFO sms_id=346 inserted transaction 49444119897
2026-05-29 22:53:47,191 INFO sms_id=347 inserted transaction 23617183914
2026-05-29 22:53:47,194 INFO sms_id=348 inserted transaction 77242964085
2026-05-29 22:53:47,197 INFO sms_id=349 inserted transaction 46513194998
2026-05-29 22:53:47,200 INFO sms_id=350 inserted transaction 1857
2026-05-29 22:53:47,204 INFO sms_id=351 inserted transaction 1858
2026-05-29 22:53:47,208 INFO sms_id=352 inserted transaction 91434725399
2026-05-29 22:53:47,211 INFO sms_id=353 inserted transaction 1859
2026-05-29 22:53:47,214 INFO sms_id=354 inserted transaction 92465449198
2026-05-29 22:53:47,217 INFO sms_id=355 inserted transaction 14582579702
2026-05-29 22:53:47,221 INFO sms_id=356 inserted transaction 1860
2026-05-29 22:53:47,224 INFO sms_id=357 inserted transaction 1861
2026-05-29 22:53:47,227 INFO sms_id=358 inserted transaction 73443153836
2026-05-29 22:53:47,230 INFO sms_id=359 inserted transaction 1862
2026-05-29 22:53:47,233 INFO sms_id=360 inserted transaction 1863
2026-05-29 22:53:47,237 INFO sms_id=361 inserted transaction 36547564090
2026-05-29 22:53:47,240 INFO sms_id=362 inserted transaction 74110530634
2026-05-29 22:53:47,242 INFO sms_id=363 inserted transaction 13627937199
2026-05-29 22:53:47,244 INFO sms_id=364 inserted transaction 72441399952
2026-05-29 22:53:47,247 INFO sms_id=365 inserted transaction 61734495932
2026-05-29 22:53:47,249 INFO sms_id=366 inserted transaction 60128358762
2026-05-29 22:53:47,251 INFO sms_id=367 inserted transaction 65198686588
2026-05-29 22:53:47,256 INFO sms_id=368 inserted transaction 74637643766
2026-05-29 22:53:47,259 INFO sms_id=369 inserted transaction 19291503186
2026-05-29 22:53:47,261 INFO sms_id=370 inserted transaction 1864
2026-05-29 22:53:47,265 INFO sms_id=371 inserted transaction 1865
2026-05-29 22:53:47,269 INFO sms_id=372 inserted transaction 89343929108
2026-05-29 22:53:47,272 INFO sms_id=373 inserted transaction 59302716963
2026-05-29 22:53:47,274 INFO sms_id=374 inserted transaction 1866
2026-05-29 22:53:47,277 INFO sms_id=375 inserted transaction 26484890740
2026-05-29 22:53:47,280 INFO sms_id=376 inserted transaction 1867
2026-05-29 22:53:47,284 INFO sms_id=377 inserted transaction 28014849597
2026-05-29 22:53:47,286 INFO sms_id=378 inserted transaction 1868
2026-05-29 22:53:47,289 INFO sms_id=379 inserted transaction 1869
2026-05-29 22:53:47,291 INFO sms_id=380 inserted transaction 1870
2026-05-29 22:53:47,295 INFO sms_id=381 inserted transaction 65226318623
2026-05-29 22:53:47,297 INFO sms_id=382 inserted transaction 1871
2026-05-29 22:53:47,300 INFO sms_id=383 inserted transaction 1872
2026-05-29 22:53:47,303 INFO sms_id=384 inserted transaction 26330194128
2026-05-29 22:53:47,305 INFO sms_id=385 inserted transaction 1873
2026-05-29 22:53:47,307 INFO sms_id=386 inserted transaction 1874
2026-05-29 22:53:47,310 INFO sms_id=387 inserted transaction 55580359590
2026-05-29 22:53:47,312 INFO sms_id=388 inserted transaction 1875
2026-05-29 22:53:47,314 INFO sms_id=389 inserted transaction 15722120949
2026-05-29 22:53:47,316 INFO sms_id=390 inserted transaction 1876
2026-05-29 22:53:47,319 INFO sms_id=391 inserted transaction 13515849108
2026-05-29 22:53:47,321 INFO sms_id=392 inserted transaction 1877
2026-05-29 22:53:47,324 INFO sms_id=393 inserted transaction 91762592039
2026-05-29 22:53:47,327 INFO sms_id=394 inserted transaction 10806359835
2026-05-29 22:53:47,331 INFO sms_id=395 inserted transaction 72418341683
2026-05-29 22:53:47,334 INFO sms_id=396 inserted transaction 36585848121
2026-05-29 22:53:47,337 INFO sms_id=397 inserted transaction 1878
2026-05-29 22:53:47,340 INFO sms_id=398 inserted transaction 1879
2026-05-29 22:53:47,342 INFO sms_id=399 inserted transaction 58456925124
2026-05-29 22:53:47,345 INFO sms_id=400 inserted transaction 14628107159
2026-05-29 22:53:47,348 INFO sms_id=401 inserted transaction 52596922232
2026-05-29 22:53:47,350 INFO sms_id=402 inserted transaction 15105279544
2026-05-29 22:53:47,352 INFO sms_id=403 inserted transaction 1880
2026-05-29 22:53:47,354 INFO sms_id=404 inserted transaction 30881509437
2026-05-29 22:53:47,357 INFO sms_id=405 inserted transaction 75410293151
2026-05-29 22:53:47,359 INFO sms_id=406 inserted transaction 1881
2026-05-29 22:53:47,363 INFO sms_id=407 inserted transaction 62824215473
2026-05-29 22:53:47,366 INFO sms_id=408 inserted transaction 1882
2026-05-29 22:53:47,369 INFO sms_id=409 inserted transaction 1883
2026-05-29 22:53:47,372 INFO sms_id=410 inserted transaction 1884
2026-05-29 22:53:47,376 INFO sms_id=411 inserted transaction 1885
2026-05-29 22:53:47,379 INFO sms_id=412 inserted transaction 45688985882
2026-05-29 22:53:47,382 INFO sms_id=413 inserted transaction 16694058718
2026-05-29 22:53:47,384 INFO sms_id=414 inserted transaction 14655104674
2026-05-29 22:53:47,386 WARNING sms_id=415 unrecognized transaction type
2026-05-29 22:53:47,388 INFO sms_id=416 inserted transaction 1886
2026-05-29 22:53:47,391 INFO sms_id=417 inserted transaction 1887
2026-05-29 22:53:47,393 INFO sms_id=418 inserted transaction 99848480430
2026-05-29 22:53:47,396 INFO sms_id=419 inserted transaction 1888
2026-05-29 22:53:47,398 INFO sms_id=420 inserted transaction 1889
2026-05-29 22:53:47,400 INFO sms_id=421 inserted transaction 1890
2026-05-29 22:53:47,403 INFO sms_id=422 inserted transaction 35153028513
2026-05-29 22:53:47,405 INFO sms_id=423 inserted transaction 67511009036
2026-05-29 22:53:47,408 INFO sms_id=424 inserted transaction 34707153443
2026-05-29 22:53:47,410 INFO sms_id=425 inserted transaction 1891
2026-05-29 22:53:47,414 INFO sms_id=426 inserted transaction 1892
2026-05-29 22:53:47,417 INFO sms_id=427 inserted transaction 1893
2026-05-29 22:53:47,420 INFO sms_id=428 inserted transaction 1894
2026-05-29 22:53:47,423 INFO sms_id=429 inserted transaction 1895
2026-05-29 22:53:47,425 INFO sms_id=430 inserted transaction 38508422103
2026-05-29 22:53:47,428 INFO sms_id=431 inserted transaction 34521857854
2026-05-29 22:53:47,430 INFO sms_id=432 inserted transaction 1896
2026-05-29 22:53:47,434 INFO sms_id=433 inserted transaction 41545470202
2026-05-29 22:53:47,437 INFO sms_id=434 inserted transaction 1897
2026-05-29 22:53:47,440 INFO sms_id=435 inserted transaction 1898
2026-05-29 22:53:47,444 INFO sms_id=436 inserted transaction 11475000639
2026-05-29 22:53:47,448 INFO sms_id=437 inserted transaction 1899
2026-05-29 22:53:47,451 INFO sms_id=438 inserted transaction 1900
2026-05-29 22:53:47,454 INFO sms_id=439 inserted transaction 56884759672
2026-05-29 22:53:47,457 INFO sms_id=440 inserted transaction 89252038095
2026-05-29 22:53:47,460 INFO sms_id=441 inserted transaction 1901
2026-05-29 22:53:47,463 INFO sms_id=442 inserted transaction 1902
2026-05-29 22:53:47,465 INFO sms_id=443 inserted transaction 1903
2026-05-29 22:53:47,469 INFO sms_id=444 inserted transaction 78679877816
2026-05-29 22:53:47,472 INFO sms_id=445 inserted transaction 1904
2026-05-29 22:53:47,475 INFO sms_id=446 inserted transaction 1905
2026-05-29 22:53:47,479 INFO sms_id=447 inserted transaction 1906
2026-05-29 22:53:47,483 INFO sms_id=448 inserted transaction 81915290006
2026-05-29 22:53:47,486 INFO sms_id=449 inserted transaction 72699451485
2026-05-29 22:53:47,489 INFO sms_id=450 inserted transaction 1907
2026-05-29 22:53:47,492 INFO sms_id=451 inserted transaction 1908
2026-05-29 22:53:47,495 INFO sms_id=452 inserted transaction 1909
2026-05-29 22:53:47,498 INFO sms_id=453 inserted transaction 1910
2026-05-29 22:53:47,501 INFO sms_id=454 inserted transaction 80209257569
2026-05-29 22:53:47,503 INFO sms_id=455 inserted transaction 98284235113
2026-05-29 22:53:47,506 INFO sms_id=456 inserted transaction 1911
2026-05-29 22:53:47,510 INFO sms_id=457 inserted transaction 84747563706
2026-05-29 22:53:47,513 INFO sms_id=458 inserted transaction 1912
2026-05-29 22:53:47,518 INFO sms_id=459 inserted transaction 1913
2026-05-29 22:53:47,521 INFO sms_id=460 inserted transaction 1914
2026-05-29 22:53:47,524 INFO sms_id=461 inserted transaction 90348213649
2026-05-29 22:53:47,527 INFO sms_id=462 inserted transaction 69649307640
2026-05-29 22:53:47,529 INFO sms_id=463 inserted transaction 53891623812
2026-05-29 22:53:47,532 INFO sms_id=464 inserted transaction 50912955416
2026-05-29 22:53:47,534 INFO sms_id=465 inserted transaction 74932161869
2026-05-29 22:53:47,538 INFO sms_id=466 inserted transaction 12528494674
2026-05-29 22:53:47,540 INFO sms_id=467 inserted transaction 14756781450
2026-05-29 22:53:47,542 WARNING sms_id=468 unrecognized transaction type
2026-05-29 22:53:47,544 INFO sms_id=469 inserted transaction 1915
2026-05-29 22:53:47,548 INFO sms_id=470 inserted transaction 87090810360
2026-05-29 22:53:47,551 INFO sms_id=471 inserted transaction 12980825408
2026-05-29 22:53:47,553 INFO sms_id=472 inserted transaction 1916
2026-05-29 22:53:47,556 INFO sms_id=473 inserted transaction 87304861537
2026-05-29 22:53:47,558 INFO sms_id=474 inserted transaction 16850663914
2026-05-29 22:53:47,560 INFO sms_id=475 inserted transaction 1917
2026-05-29 22:53:47,563 INFO sms_id=476 inserted transaction 85764457767
2026-05-29 22:53:47,565 INFO sms_id=477 inserted transaction 29430841892
2026-05-29 22:53:47,567 INFO sms_id=478 inserted transaction 1918
2026-05-29 22:53:47,570 INFO sms_id=479 inserted transaction 1919
2026-05-29 22:53:47,573 INFO sms_id=480 inserted transaction 1920
2026-05-29 22:53:47,575 INFO sms_id=481 inserted transaction 1921
2026-05-29 22:53:47,578 INFO sms_id=482 inserted transaction 14807754878
2026-05-29 22:53:47,580 INFO sms_id=483 inserted transaction 72553027719
2026-05-29 22:53:47,583 INFO sms_id=484 inserted transaction 1922
2026-05-29 22:53:47,586 INFO sms_id=485 inserted transaction 23386885212
2026-05-29 22:53:47,588 INFO sms_id=486 inserted transaction 1923
2026-05-29 22:53:47,590 INFO sms_id=487 inserted transaction 1924
2026-05-29 22:53:47,593 INFO sms_id=488 inserted transaction 1925
2026-05-29 22:53:47,595 INFO sms_id=489 inserted transaction 44609370529
2026-05-29 22:53:47,598 INFO sms_id=490 inserted transaction 90206827638
2026-05-29 22:53:47,600 INFO sms_id=491 inserted transaction 22146060402
2026-05-29 22:53:47,603 INFO sms_id=492 inserted transaction 52332988443
2026-05-29 22:53:47,605 INFO sms_id=493 inserted transaction 1926
2026-05-29 22:53:47,609 INFO sms_id=494 inserted transaction 1927
2026-05-29 22:53:47,611 INFO sms_id=495 inserted transaction 1928
2026-05-29 22:53:47,614 INFO sms_id=496 inserted transaction 1929
2026-05-29 22:53:47,616 INFO sms_id=497 inserted transaction 1930
2026-05-29 22:53:47,619 INFO sms_id=498 inserted transaction 59668582919
2026-05-29 22:53:47,622 INFO sms_id=499 inserted transaction 89908606372
2026-05-29 22:53:47,624 INFO sms_id=500 inserted transaction 1931
2026-05-29 22:53:47,627 INFO sms_id=501 inserted transaction 1932
2026-05-29 22:53:47,629 INFO sms_id=502 inserted transaction 1933
2026-05-29 22:53:47,632 INFO sms_id=503 inserted transaction 1934
2026-05-29 22:53:47,635 INFO sms_id=504 inserted transaction 1935
2026-05-29 22:53:47,638 INFO sms_id=505 inserted transaction 1936
2026-05-29 22:53:47,640 INFO sms_id=506 inserted transaction 1937
2026-05-29 22:53:47,643 INFO sms_id=507 inserted transaction 46934619518
2026-05-29 22:53:47,645 INFO sms_id=508 inserted transaction 66395034050
2026-05-29 22:53:47,648 INFO sms_id=509 inserted transaction 69887702746
2026-05-29 22:53:47,650 INFO sms_id=510 inserted transaction 1938
2026-05-29 22:53:47,653 INFO sms_id=511 inserted transaction 63310525007
2026-05-29 22:53:47,655 INFO sms_id=512 inserted transaction 95583860245
2026-05-29 22:53:47,658 INFO sms_id=513 inserted transaction 66819031167
2026-05-29 22:53:47,661 INFO sms_id=514 inserted transaction 56567422826
2026-05-29 22:53:47,663 INFO sms_id=515 inserted transaction 1939
2026-05-29 22:53:47,665 INFO sms_id=516 inserted transaction 21105102493
2026-05-29 22:53:47,667 INFO sms_id=517 inserted transaction 1940
2026-05-29 22:53:47,670 INFO sms_id=518 inserted transaction 63176850070
2026-05-29 22:53:47,672 INFO sms_id=519 inserted transaction 1941
2026-05-29 22:53:47,675 INFO sms_id=520 inserted transaction 55265011853
2026-05-29 22:53:47,678 INFO sms_id=521 inserted transaction 1942
2026-05-29 22:53:47,683 INFO sms_id=522 inserted transaction 37017834113
2026-05-29 22:53:47,685 INFO sms_id=523 inserted transaction 1943
2026-05-29 22:53:47,688 INFO sms_id=524 inserted transaction 1944
2026-05-29 22:53:47,691 INFO sms_id=525 inserted transaction 60895608806
2026-05-29 22:53:47,694 INFO sms_id=526 inserted transaction 87797195810
2026-05-29 22:53:47,697 INFO sms_id=527 inserted transaction 1945
2026-05-29 22:53:47,700 INFO sms_id=528 inserted transaction 1946
2026-05-29 22:53:47,703 INFO sms_id=529 inserted transaction 1947
2026-05-29 22:53:47,707 INFO sms_id=530 inserted transaction 21296060708
2026-05-29 22:53:47,710 INFO sms_id=531 inserted transaction 1948
2026-05-29 22:53:47,714 INFO sms_id=532 inserted transaction 1949
2026-05-29 22:53:47,717 INFO sms_id=533 inserted transaction 1950
2026-05-29 22:53:47,721 INFO sms_id=534 inserted transaction 1951
2026-05-29 22:53:47,724 INFO sms_id=535 inserted transaction 1952
2026-05-29 22:53:47,728 INFO sms_id=536 inserted transaction 14909215103
2026-05-29 22:53:47,730 WARNING sms_id=537 unrecognized transaction type
2026-05-29 22:53:47,734 INFO sms_id=538 inserted transaction 1953
2026-05-29 22:53:47,737 INFO sms_id=539 inserted transaction 35751352205
2026-05-29 22:53:47,740 INFO sms_id=540 inserted transaction 1954
2026-05-29 22:53:47,743 INFO sms_id=541 inserted transaction 90362526943
2026-05-29 22:53:47,747 INFO sms_id=542 inserted transaction 41432289875
2026-05-29 22:53:47,749 INFO sms_id=543 inserted transaction 44149221556
2026-05-29 22:53:47,751 INFO sms_id=544 inserted transaction 33565890577
2026-05-29 22:53:47,754 INFO sms_id=545 inserted transaction 1955
2026-05-29 22:53:47,757 INFO sms_id=546 inserted transaction 1956
2026-05-29 22:53:47,759 INFO sms_id=547 inserted transaction 1957
2026-05-29 22:53:47,762 INFO sms_id=548 inserted transaction 1958
2026-05-29 22:53:47,764 INFO sms_id=549 inserted transaction 1959
2026-05-29 22:53:47,767 INFO sms_id=550 inserted transaction 41602878997
2026-05-29 22:53:47,769 WARNING sms_id=551 unrecognized transaction type
2026-05-29 22:53:47,771 INFO sms_id=552 inserted transaction 14940294542
2026-05-29 22:53:47,773 INFO sms_id=553 inserted transaction 1960
2026-05-29 22:53:47,776 INFO sms_id=554 inserted transaction 1961
2026-05-29 22:53:47,779 INFO sms_id=555 inserted transaction 1962
2026-05-29 22:53:47,783 INFO sms_id=556 inserted transaction 14739625447
2026-05-29 22:53:47,787 INFO sms_id=557 inserted transaction 76672344043
2026-05-29 22:53:47,789 INFO sms_id=558 inserted transaction 1963
2026-05-29 22:53:47,792 INFO sms_id=559 inserted transaction 60173686359
2026-05-29 22:53:47,794 INFO sms_id=560 inserted transaction 92109248895
2026-05-29 22:53:47,797 INFO sms_id=561 inserted transaction 1964
2026-05-29 22:53:47,799 INFO sms_id=562 inserted transaction 71788861419
2026-05-29 22:53:47,802 INFO sms_id=563 inserted transaction 1965
2026-05-29 22:53:47,805 INFO sms_id=564 inserted transaction 88491836419
2026-05-29 22:53:47,808 INFO sms_id=565 inserted transaction 91472495825
2026-05-29 22:53:47,811 INFO sms_id=566 inserted transaction 34195714002
2026-05-29 22:53:47,814 INFO sms_id=567 inserted transaction 1966
2026-05-29 22:53:47,817 INFO sms_id=568 inserted transaction 1967
2026-05-29 22:53:47,820 INFO sms_id=569 inserted transaction 1968
2026-05-29 22:53:47,823 INFO sms_id=570 inserted transaction 67819295386
2026-05-29 22:53:47,825 INFO sms_id=571 inserted transaction 1969
2026-05-29 22:53:47,828 INFO sms_id=572 inserted transaction 82065623976
2026-05-29 22:53:47,831 INFO sms_id=573 inserted transaction 42285606353
2026-05-29 22:53:47,833 WARNING sms_id=574 unrecognized transaction type
2026-05-29 22:53:47,837 INFO sms_id=575 inserted transaction 14969968017
2026-05-29 22:53:47,841 INFO sms_id=576 inserted transaction 1970
2026-05-29 22:53:47,844 INFO sms_id=577 inserted transaction 36437958017
2026-05-29 22:53:47,848 INFO sms_id=578 inserted transaction 85850951309
2026-05-29 22:53:47,851 INFO sms_id=579 inserted transaction 10296908600
2026-05-29 22:53:47,854 INFO sms_id=580 inserted transaction 1971
2026-05-29 22:53:47,857 INFO sms_id=581 inserted transaction 1972
2026-05-29 22:53:47,860 INFO sms_id=582 inserted transaction 1973
2026-05-29 22:53:47,863 INFO sms_id=583 inserted transaction 81424789154
2026-05-29 22:53:47,867 INFO sms_id=584 inserted transaction 60914783301
2026-05-29 22:53:47,869 INFO sms_id=585 inserted transaction 1974
2026-05-29 22:53:47,872 INFO sms_id=586 inserted transaction 1975
2026-05-29 22:53:47,875 INFO sms_id=587 inserted transaction 14977177408
2026-05-29 22:53:47,878 INFO sms_id=588 inserted transaction 1976
2026-05-29 22:53:47,882 INFO sms_id=589 inserted transaction 14977293553
2026-05-29 22:53:47,885 INFO sms_id=590 inserted transaction 1977
2026-05-29 22:53:47,887 INFO sms_id=591 inserted transaction 14977386817
2026-05-29 22:53:47,889 INFO sms_id=592 inserted transaction 1978
2026-05-29 22:53:47,892 INFO sms_id=593 inserted transaction 1979
2026-05-29 22:53:47,895 INFO sms_id=594 inserted transaction 1980
2026-05-29 22:53:47,898 INFO sms_id=595 inserted transaction 1981
2026-05-29 22:53:47,901 INFO sms_id=596 inserted transaction 1982
2026-05-29 22:53:47,904 INFO sms_id=597 inserted transaction 1983
2026-05-29 22:53:47,907 INFO sms_id=598 inserted transaction 1984
2026-05-29 22:53:47,909 INFO sms_id=599 inserted transaction 1985
2026-05-29 22:53:47,912 INFO sms_id=600 inserted transaction 1986
2026-05-29 22:53:47,914 INFO Committed batch size=300 inserted=294 skipped_unknown=6 skipped_invalid=0 failed=0
2026-05-29 22:53:47,915 INFO sms_id=601 inserted transaction 82008869453
2026-05-29 22:53:47,918 INFO sms_id=602 inserted transaction 1987
2026-05-29 22:53:47,920 INFO sms_id=603 inserted transaction 40600429643
2026-05-29 22:53:47,923 INFO sms_id=604 inserted transaction 1988
2026-05-29 22:53:47,925 INFO sms_id=605 inserted transaction 64055047273
2026-05-29 22:53:47,928 INFO sms_id=606 inserted transaction 89491266162
2026-05-29 22:53:47,931 INFO sms_id=607 inserted transaction 55841829409
2026-05-29 22:53:47,933 INFO sms_id=608 inserted transaction 88560738072
2026-05-29 22:53:47,936 INFO sms_id=609 inserted transaction 30752287352
2026-05-29 22:53:47,938 INFO sms_id=610 inserted transaction 53255374349
2026-05-29 22:53:47,941 INFO sms_id=611 inserted transaction 51995555513
2026-05-29 22:53:47,943 INFO sms_id=612 inserted transaction 82523323504
2026-05-29 22:53:47,945 INFO sms_id=613 inserted transaction 83243497448
2026-05-29 22:53:47,948 INFO sms_id=614 inserted transaction 1989
2026-05-29 22:53:47,950 INFO sms_id=615 inserted transaction 18412104580
2026-05-29 22:53:47,953 INFO sms_id=616 inserted transaction 37742687948
2026-05-29 22:53:47,955 INFO sms_id=617 inserted transaction 88339887283
2026-05-29 22:53:47,957 INFO sms_id=618 inserted transaction 36652345884
2026-05-29 22:53:47,959 INFO sms_id=619 inserted transaction 97102681312
2026-05-29 22:53:47,962 INFO sms_id=620 inserted transaction 69262787089
2026-05-29 22:53:47,964 INFO sms_id=621 inserted transaction 84450540041
2026-05-29 22:53:47,967 INFO sms_id=622 inserted transaction 29940304846
2026-05-29 22:53:47,969 INFO sms_id=623 inserted transaction 1990
2026-05-29 22:53:47,973 INFO sms_id=624 inserted transaction 15064161618
2026-05-29 22:53:47,975 WARNING sms_id=625 unrecognized transaction type
2026-05-29 22:53:47,977 INFO sms_id=626 inserted transaction 76571849631
2026-05-29 22:53:47,980 INFO sms_id=627 inserted transaction 1991
2026-05-29 22:53:47,982 INFO sms_id=628 inserted transaction 84613735727
2026-05-29 22:53:47,984 WARNING sms_id=629 unrecognized transaction type
2026-05-29 22:53:47,986 INFO sms_id=630 inserted transaction 15070248766
2026-05-29 22:53:47,988 INFO sms_id=631 inserted transaction 1992
2026-05-29 22:53:47,990 INFO sms_id=632 inserted transaction 67758041409
2026-05-29 22:53:47,993 INFO sms_id=633 inserted transaction 37095118662
2026-05-29 22:53:47,996 INFO sms_id=634 inserted transaction 1993
2026-05-29 22:53:47,998 INFO sms_id=635 inserted transaction 1994
2026-05-29 22:53:48,001 INFO sms_id=636 inserted transaction 1995
2026-05-29 22:53:48,003 INFO sms_id=637 inserted transaction 1996
2026-05-29 22:53:48,005 INFO sms_id=638 inserted transaction 54529107912
2026-05-29 22:53:48,007 INFO sms_id=639 inserted transaction 1997
2026-05-29 22:53:48,010 INFO sms_id=640 inserted transaction 1998
2026-05-29 22:53:48,013 INFO sms_id=641 inserted transaction 15097735991
2026-05-29 22:53:48,015 WARNING sms_id=642 unrecognized transaction type
2026-05-29 22:53:48,017 INFO sms_id=643 inserted transaction 1999
2026-05-29 22:53:48,019 INFO sms_id=644 inserted transaction 2000
2026-05-29 22:53:48,021 INFO sms_id=645 inserted transaction 17312696676
2026-05-29 22:53:48,024 INFO sms_id=646 inserted transaction 2001
2026-05-29 22:53:48,026 INFO sms_id=647 inserted transaction 2002
2026-05-29 22:53:48,029 INFO sms_id=648 inserted transaction 44828677354
2026-05-29 22:53:48,031 INFO sms_id=649 inserted transaction 2003
2026-05-29 22:53:48,033 INFO sms_id=650 inserted transaction 2004
2026-05-29 22:53:48,036 INFO sms_id=651 inserted transaction 2005
2026-05-29 22:53:48,038 INFO sms_id=652 inserted transaction 2006
2026-05-29 22:53:48,040 INFO sms_id=653 inserted transaction 2007
2026-05-29 22:53:48,042 INFO sms_id=654 inserted transaction 81849854541
2026-05-29 22:53:48,044 INFO sms_id=655 inserted transaction 2008
2026-05-29 22:53:48,046 INFO sms_id=656 inserted transaction 15126906031
2026-05-29 22:53:48,048 WARNING sms_id=657 unrecognized transaction type
2026-05-29 22:53:48,050 INFO sms_id=658 inserted transaction 2009
2026-05-29 22:53:48,053 INFO sms_id=659 inserted transaction 2010
2026-05-29 22:53:48,055 INFO sms_id=660 inserted transaction 68702182375
2026-05-29 22:53:48,057 INFO sms_id=661 inserted transaction 35397483220
2026-05-29 22:53:48,059 INFO sms_id=662 inserted transaction 2011
2026-05-29 22:53:48,062 INFO sms_id=663 inserted transaction 61050966433
2026-05-29 22:53:48,064 WARNING sms_id=664 unrecognized transaction type
2026-05-29 22:53:48,066 INFO sms_id=665 inserted transaction 15146128209
2026-05-29 22:53:48,068 INFO sms_id=666 inserted transaction 17146568940
2026-05-29 22:53:48,071 INFO sms_id=667 inserted transaction 2012
2026-05-29 22:53:48,073 INFO sms_id=668 inserted transaction 51244172238
2026-05-29 22:53:48,076 INFO sms_id=669 inserted transaction 42404795768
2026-05-29 22:53:48,078 INFO sms_id=670 inserted transaction 2013
2026-05-29 22:53:48,081 INFO sms_id=671 inserted transaction 28724945380
2026-05-29 22:53:48,083 INFO sms_id=672 inserted transaction 2014
2026-05-29 22:53:48,085 INFO sms_id=673 inserted transaction 2015
2026-05-29 22:53:48,087 INFO sms_id=674 inserted transaction 84355626350
2026-05-29 22:53:48,089 INFO sms_id=675 inserted transaction 2016
2026-05-29 22:53:48,091 INFO sms_id=676 inserted transaction 66942812945
2026-05-29 22:53:48,093 INFO sms_id=677 inserted transaction 44686423914
2026-05-29 22:53:48,094 INFO sms_id=678 inserted transaction 2017
2026-05-29 22:53:48,096 INFO sms_id=679 inserted transaction 2018
2026-05-29 22:53:48,098 INFO sms_id=680 inserted transaction 2019
2026-05-29 22:53:48,100 INFO sms_id=681 inserted transaction 90009446652
2026-05-29 22:53:48,102 INFO sms_id=682 inserted transaction 39711811703
2026-05-29 22:53:48,104 INFO sms_id=683 inserted transaction 2020
2026-05-29 22:53:48,107 INFO sms_id=684 inserted transaction 43449848103
2026-05-29 22:53:48,109 INFO sms_id=685 inserted transaction 36806257641
2026-05-29 22:53:48,111 INFO sms_id=686 inserted transaction 85705805836
2026-05-29 22:53:48,114 INFO sms_id=687 inserted transaction 98718398488
2026-05-29 22:53:48,116 INFO sms_id=688 inserted transaction 2021
2026-05-29 22:53:48,118 INFO sms_id=689 inserted transaction 2022
2026-05-29 22:53:48,120 INFO sms_id=690 inserted transaction 15178525743
2026-05-29 22:53:48,122 WARNING sms_id=691 unrecognized transaction type
2026-05-29 22:53:48,124 INFO sms_id=692 inserted transaction 15180796103
2026-05-29 22:53:48,125 INFO sms_id=693 inserted transaction 15183763430
2026-05-29 22:53:48,127 INFO sms_id=694 inserted transaction 2023
2026-05-29 22:53:48,129 INFO sms_id=695 inserted transaction 15204526240
2026-05-29 22:53:48,130 WARNING sms_id=696 unrecognized transaction type
2026-05-29 22:53:48,131 WARNING sms_id=697 unrecognized transaction type
2026-05-29 22:53:48,133 WARNING sms_id=698 category code missing in DB: CASH_DEP
2026-05-29 22:53:48,134 INFO sms_id=699 inserted transaction 2024
2026-05-29 22:53:48,136 INFO sms_id=700 inserted transaction 65794486507
2026-05-29 22:53:48,137 INFO sms_id=701 inserted transaction 54527566978
2026-05-29 22:53:48,139 INFO sms_id=702 inserted transaction 2025
2026-05-29 22:53:48,141 INFO sms_id=703 inserted transaction 2026
2026-05-29 22:53:48,143 INFO sms_id=704 inserted transaction 44085722067
2026-05-29 22:53:48,145 INFO sms_id=705 inserted transaction 34840236831
2026-05-29 22:53:48,147 INFO sms_id=706 inserted transaction 33807026334
2026-05-29 22:53:48,148 INFO sms_id=707 inserted transaction 17685290715
2026-05-29 22:53:48,150 INFO sms_id=708 inserted transaction 2027
2026-05-29 22:53:48,153 INFO sms_id=709 inserted transaction 2028
2026-05-29 22:53:48,155 INFO sms_id=710 inserted transaction 2029
2026-05-29 22:53:48,157 INFO sms_id=711 inserted transaction 30421279676
2026-05-29 22:53:48,159 INFO sms_id=712 inserted transaction 2030
2026-05-29 22:53:48,161 INFO sms_id=713 inserted transaction 67810322933
2026-05-29 22:53:48,163 INFO sms_id=714 inserted transaction 16477334750
2026-05-29 22:53:48,165 INFO sms_id=715 inserted transaction 63168026131
2026-05-29 22:53:48,167 INFO sms_id=716 inserted transaction 37958581135
2026-05-29 22:53:48,169 INFO sms_id=717 inserted transaction 32776707801
2026-05-29 22:53:48,171 INFO sms_id=718 inserted transaction 16642246344
2026-05-29 22:53:48,173 INFO sms_id=719 inserted transaction 2031
2026-05-29 22:53:48,175 INFO sms_id=720 inserted transaction 2032
2026-05-29 22:53:48,178 INFO sms_id=721 inserted transaction 2033
2026-05-29 22:53:48,180 INFO sms_id=722 inserted transaction 2034
2026-05-29 22:53:48,182 INFO sms_id=723 inserted transaction 51287161721
2026-05-29 22:53:48,184 INFO sms_id=724 inserted transaction 42143703095
2026-05-29 22:53:48,186 INFO sms_id=725 inserted transaction 19778042081
2026-05-29 22:53:48,188 INFO sms_id=726 inserted transaction 2035
2026-05-29 22:53:48,191 INFO sms_id=727 inserted transaction 2036
2026-05-29 22:53:48,193 INFO sms_id=728 inserted transaction 65847057882
2026-05-29 22:53:48,195 INFO sms_id=729 inserted transaction 50837825539
2026-05-29 22:53:48,197 INFO sms_id=730 inserted transaction 2037
2026-05-29 22:53:48,200 INFO sms_id=731 inserted transaction 72819907564
2026-05-29 22:53:48,202 INFO sms_id=732 inserted transaction 53433821307
2026-05-29 22:53:48,204 INFO sms_id=733 inserted transaction 58247627931
2026-05-29 22:53:48,207 INFO sms_id=734 inserted transaction 15475262766
2026-05-29 22:53:48,208 WARNING sms_id=735 unrecognized transaction type
2026-05-29 22:53:48,211 INFO sms_id=736 inserted transaction 2038
2026-05-29 22:53:48,214 INFO sms_id=737 inserted transaction 2039
2026-05-29 22:53:48,216 INFO sms_id=738 inserted transaction 2040
2026-05-29 22:53:48,218 INFO sms_id=739 inserted transaction 2041
2026-05-29 22:53:48,220 INFO sms_id=740 inserted transaction 19153266137
2026-05-29 22:53:48,221 INFO sms_id=741 inserted transaction 2042
2026-05-29 22:53:48,223 INFO sms_id=742 inserted transaction 39270807010
2026-05-29 22:53:48,224 INFO sms_id=743 inserted transaction 99076325019
2026-05-29 22:53:48,226 INFO sms_id=744 inserted transaction 2043
2026-05-29 22:53:48,227 INFO sms_id=745 inserted transaction 2044
2026-05-29 22:53:48,229 INFO sms_id=746 inserted transaction 2045
2026-05-29 22:53:48,230 INFO sms_id=747 inserted transaction 34261953989
2026-05-29 22:53:48,232 INFO sms_id=748 inserted transaction 96185760887
2026-05-29 22:53:48,233 INFO sms_id=749 inserted transaction 2046
2026-05-29 22:53:48,236 INFO sms_id=750 inserted transaction 15507397966
2026-05-29 22:53:48,238 INFO sms_id=751 inserted transaction 15512525928
2026-05-29 22:53:48,240 INFO sms_id=752 inserted transaction 97313704025
2026-05-29 22:53:48,243 INFO sms_id=753 inserted transaction 77555076585
2026-05-29 22:53:48,244 INFO sms_id=754 inserted transaction 84510391939
2026-05-29 22:53:48,246 INFO sms_id=755 inserted transaction 22766907160
2026-05-29 22:53:48,248 INFO sms_id=756 inserted transaction 2047
2026-05-29 22:53:48,250 INFO sms_id=757 inserted transaction 2048
2026-05-29 22:53:48,252 INFO sms_id=758 inserted transaction 2049
2026-05-29 22:53:48,254 INFO sms_id=759 inserted transaction 65203206628
2026-05-29 22:53:48,255 INFO sms_id=760 inserted transaction 28158968182
2026-05-29 22:53:48,257 INFO sms_id=761 inserted transaction 46906409049
2026-05-29 22:53:48,258 INFO sms_id=762 inserted transaction 54566717014
2026-05-29 22:53:48,259 INFO sms_id=763 inserted transaction 15538355693
2026-05-29 22:53:48,261 INFO sms_id=764 inserted transaction 2050
2026-05-29 22:53:48,262 INFO sms_id=765 inserted transaction 18226776468
2026-05-29 22:53:48,264 INFO sms_id=766 inserted transaction 54349163900
2026-05-29 22:53:48,265 INFO sms_id=767 inserted transaction 78378077317
2026-05-29 22:53:48,266 INFO sms_id=768 inserted transaction 2051
2026-05-29 22:53:48,268 INFO sms_id=769 inserted transaction 2052
2026-05-29 22:53:48,269 INFO sms_id=770 inserted transaction 2053
2026-05-29 22:53:48,271 INFO sms_id=771 inserted transaction 2054
2026-05-29 22:53:48,272 INFO sms_id=772 inserted transaction 71235033735
2026-05-29 22:53:48,273 INFO sms_id=773 inserted transaction 71779593744
2026-05-29 22:53:48,275 INFO sms_id=774 inserted transaction 17120559943
2026-05-29 22:53:48,276 INFO sms_id=775 inserted transaction 2055
2026-05-29 22:53:48,278 INFO sms_id=776 inserted transaction 60424907269
2026-05-29 22:53:48,279 INFO sms_id=777 inserted transaction 2056
2026-05-29 22:53:48,280 INFO sms_id=778 inserted transaction 49794854165
2026-05-29 22:53:48,282 INFO sms_id=779 inserted transaction 83422016891
2026-05-29 22:53:48,283 INFO sms_id=780 inserted transaction 63961191384
2026-05-29 22:53:48,285 INFO sms_id=781 inserted transaction 15812096064
2026-05-29 22:53:48,286 INFO sms_id=782 inserted transaction 67353135596
2026-05-29 22:53:48,288 INFO sms_id=783 inserted transaction 57527013791
2026-05-29 22:53:48,290 INFO sms_id=784 inserted transaction 61863630305
2026-05-29 22:53:48,291 INFO sms_id=785 inserted transaction 2057
2026-05-29 22:53:48,293 INFO sms_id=786 inserted transaction 80939174580
2026-05-29 22:53:48,295 INFO sms_id=787 inserted transaction 29253592859
2026-05-29 22:53:48,297 INFO sms_id=788 inserted transaction 95155933276
2026-05-29 22:53:48,298 INFO sms_id=789 inserted transaction 15594922933
2026-05-29 22:53:48,300 INFO sms_id=790 inserted transaction 52713686775
2026-05-29 22:53:48,301 INFO sms_id=791 inserted transaction 2058
2026-05-29 22:53:48,303 INFO sms_id=792 inserted transaction 18813391203
2026-05-29 22:53:48,304 INFO sms_id=793 inserted transaction 15606505500
2026-05-29 22:53:48,306 INFO sms_id=794 inserted transaction 2059
2026-05-29 22:53:48,307 INFO sms_id=795 inserted transaction 14741959916
2026-05-29 22:53:48,309 INFO sms_id=796 inserted transaction 67974931091
2026-05-29 22:53:48,310 INFO sms_id=797 inserted transaction 2060
2026-05-29 22:53:48,312 INFO sms_id=798 inserted transaction 15611958408
2026-05-29 22:53:48,314 INFO sms_id=799 inserted transaction 14513684578
2026-05-29 22:53:48,315 INFO sms_id=800 inserted transaction 2061
2026-05-29 22:53:48,317 INFO sms_id=801 inserted transaction 2062
2026-05-29 22:53:48,318 INFO sms_id=802 inserted transaction 2063
2026-05-29 22:53:48,320 INFO sms_id=803 inserted transaction 2064
2026-05-29 22:53:48,321 INFO sms_id=804 inserted transaction 2065
2026-05-29 22:53:48,323 INFO sms_id=805 inserted transaction 2066
2026-05-29 22:53:48,324 INFO sms_id=806 inserted transaction 2067
2026-05-29 22:53:48,326 INFO sms_id=807 inserted transaction 2068
2026-05-29 22:53:48,328 INFO sms_id=808 inserted transaction 37507241088
2026-05-29 22:53:48,330 INFO sms_id=809 inserted transaction 88126214143
2026-05-29 22:53:48,332 INFO sms_id=810 inserted transaction 2069
2026-05-29 22:53:48,334 INFO sms_id=811 inserted transaction 15628862865
2026-05-29 22:53:48,336 INFO sms_id=812 inserted transaction 95649567862
2026-05-29 22:53:48,338 INFO sms_id=813 inserted transaction 2070
2026-05-29 22:53:48,341 INFO sms_id=814 inserted transaction 2071
2026-05-29 22:53:48,343 INFO sms_id=815 inserted transaction 10083689781
2026-05-29 22:53:48,345 INFO sms_id=816 inserted transaction 2072
2026-05-29 22:53:48,347 INFO sms_id=817 inserted transaction 2073
2026-05-29 22:53:48,349 INFO sms_id=818 inserted transaction 68925556497
2026-05-29 22:53:48,352 INFO sms_id=819 inserted transaction 90275359445
2026-05-29 22:53:48,354 INFO sms_id=820 inserted transaction 2074
2026-05-29 22:53:48,357 INFO sms_id=821 inserted transaction 2075
2026-05-29 22:53:48,360 INFO sms_id=822 inserted transaction 2076
2026-05-29 22:53:48,362 INFO sms_id=823 inserted transaction 2077
2026-05-29 22:53:48,364 INFO sms_id=824 inserted transaction 2078
2026-05-29 22:53:48,366 INFO sms_id=825 inserted transaction 2079
2026-05-29 22:53:48,369 INFO sms_id=826 inserted transaction 87571566840
2026-05-29 22:53:48,371 INFO sms_id=827 inserted transaction 2080
2026-05-29 22:53:48,373 INFO sms_id=828 inserted transaction 2081
2026-05-29 22:53:48,376 INFO sms_id=829 inserted transaction 2082
2026-05-29 22:53:48,382 INFO sms_id=830 inserted transaction 2083
2026-05-29 22:53:48,385 INFO sms_id=831 inserted transaction 13774628019
2026-05-29 22:53:48,387 INFO sms_id=832 inserted transaction 2084
2026-05-29 22:53:48,389 INFO sms_id=833 inserted transaction 65478956735
2026-05-29 22:53:48,391 INFO sms_id=834 inserted transaction 96684440213
2026-05-29 22:53:48,394 INFO sms_id=835 inserted transaction 2085
2026-05-29 22:53:48,396 INFO sms_id=836 inserted transaction 10893465854
2026-05-29 22:53:48,399 INFO sms_id=837 inserted transaction 2086
2026-05-29 22:53:48,401 INFO sms_id=838 inserted transaction 18269992033
2026-05-29 22:53:48,403 INFO sms_id=839 inserted transaction 2087
2026-05-29 22:53:48,405 INFO sms_id=840 inserted transaction 2088
2026-05-29 22:53:48,407 INFO sms_id=841 inserted transaction 2089
2026-05-29 22:53:48,410 INFO sms_id=842 inserted transaction 2090
2026-05-29 22:53:48,413 INFO sms_id=843 inserted transaction 2091
2026-05-29 22:53:48,415 INFO sms_id=844 inserted transaction 79540204158
2026-05-29 22:53:48,417 INFO sms_id=845 inserted transaction 2092
2026-05-29 22:53:48,420 INFO sms_id=846 inserted transaction 2093
2026-05-29 22:53:48,422 INFO sms_id=847 inserted transaction 21123163485
2026-05-29 22:53:48,424 INFO sms_id=848 inserted transaction 2094
2026-05-29 22:53:48,427 INFO sms_id=849 inserted transaction 2095
2026-05-29 22:53:48,430 INFO sms_id=850 inserted transaction 67195404064
2026-05-29 22:53:48,432 INFO sms_id=851 inserted transaction 52003402612
2026-05-29 22:53:48,435 INFO sms_id=852 inserted transaction 2096
2026-05-29 22:53:48,438 INFO sms_id=853 inserted transaction 70460358419
2026-05-29 22:53:48,440 INFO sms_id=854 inserted transaction 15681666953
2026-05-29 22:53:48,441 WARNING sms_id=855 unrecognized transaction type
2026-05-29 22:53:48,443 INFO sms_id=856 inserted transaction 14667936406
2026-05-29 22:53:48,445 INFO sms_id=857 inserted transaction 20823828008
2026-05-29 22:53:48,447 INFO sms_id=858 inserted transaction 2097
2026-05-29 22:53:48,449 INFO sms_id=859 inserted transaction 2098
2026-05-29 22:53:48,451 INFO sms_id=860 inserted transaction 2099
2026-05-29 22:53:48,453 INFO sms_id=861 inserted transaction 40728069150
2026-05-29 22:53:48,455 INFO sms_id=862 inserted transaction 2100
2026-05-29 22:53:48,457 INFO sms_id=863 inserted transaction 2101
2026-05-29 22:53:48,459 INFO sms_id=864 inserted transaction 2102
2026-05-29 22:53:48,462 INFO sms_id=865 inserted transaction 2103
2026-05-29 22:53:48,465 INFO sms_id=866 inserted transaction 60033930579
2026-05-29 22:53:48,467 INFO sms_id=867 inserted transaction 90380679208
2026-05-29 22:53:48,469 INFO sms_id=868 inserted transaction 2104
2026-05-29 22:53:48,471 INFO sms_id=869 inserted transaction 2105
2026-05-29 22:53:48,474 INFO sms_id=870 inserted transaction 12313178673
2026-05-29 22:53:48,477 INFO sms_id=871 inserted transaction 2106
2026-05-29 22:53:48,479 INFO sms_id=872 inserted transaction 2107
2026-05-29 22:53:48,481 INFO sms_id=873 inserted transaction 2108
2026-05-29 22:53:48,483 INFO sms_id=874 inserted transaction 2109
2026-05-29 22:53:48,486 INFO sms_id=875 inserted transaction 57207221830
2026-05-29 22:53:48,488 INFO sms_id=876 inserted transaction 2110
2026-05-29 22:53:48,491 INFO sms_id=877 inserted transaction 72944989836
2026-05-29 22:53:48,492 INFO sms_id=878 inserted transaction 2111
2026-05-29 22:53:48,496 INFO sms_id=879 inserted transaction 2112
2026-05-29 22:53:48,499 INFO sms_id=880 inserted transaction 97178498053
2026-05-29 22:53:48,501 INFO sms_id=881 inserted transaction 11967814854
2026-05-29 22:53:48,503 INFO sms_id=882 inserted transaction 2113
2026-05-29 22:53:48,505 INFO sms_id=883 inserted transaction 2114
2026-05-29 22:53:48,507 INFO sms_id=884 inserted transaction 2115
2026-05-29 22:53:48,509 INFO sms_id=885 inserted transaction 80693378371
2026-05-29 22:53:48,512 INFO sms_id=886 inserted transaction 2116
2026-05-29 22:53:48,515 INFO sms_id=887 inserted transaction 77217198389
2026-05-29 22:53:48,518 INFO sms_id=888 inserted transaction 2117
2026-05-29 22:53:48,521 INFO sms_id=889 inserted transaction 2118
2026-05-29 22:53:48,524 INFO sms_id=890 inserted transaction 91279986205
2026-05-29 22:53:48,526 INFO sms_id=891 inserted transaction 2119
2026-05-29 22:53:48,529 INFO sms_id=892 inserted transaction 28826953210
2026-05-29 22:53:48,531 INFO sms_id=893 inserted transaction 17948439353
2026-05-29 22:53:48,534 INFO sms_id=894 inserted transaction 36356336397
2026-05-29 22:53:48,536 INFO sms_id=895 inserted transaction 69586541013
2026-05-29 22:53:48,538 INFO sms_id=896 inserted transaction 15747282067
2026-05-29 22:53:48,540 INFO sms_id=897 inserted transaction 2120
2026-05-29 22:53:48,542 INFO sms_id=898 inserted transaction 94012583928
2026-05-29 22:53:48,544 INFO sms_id=899 inserted transaction 2121
2026-05-29 22:53:48,546 INFO sms_id=900 inserted transaction 2122
2026-05-29 22:53:48,548 INFO Committed batch size=300 inserted=289 skipped_unknown=11 skipped_invalid=0 failed=0
2026-05-29 22:53:48,549 INFO sms_id=901 inserted transaction 2123
2026-05-29 22:53:48,551 INFO sms_id=902 inserted transaction 2124
2026-05-29 22:53:48,554 INFO sms_id=903 inserted transaction 37418547572
2026-05-29 22:53:48,556 INFO sms_id=904 inserted transaction 2125
2026-05-29 22:53:48,558 INFO sms_id=905 inserted transaction 2126
2026-05-29 22:53:48,560 INFO sms_id=906 inserted transaction 2127
2026-05-29 22:53:48,562 INFO sms_id=907 inserted transaction 31576458916
2026-05-29 22:53:48,564 INFO sms_id=908 inserted transaction 36553832778
2026-05-29 22:53:48,567 INFO sms_id=909 inserted transaction 15783543056
2026-05-29 22:53:48,568 WARNING sms_id=910 unrecognized transaction type
2026-05-29 22:53:48,571 INFO sms_id=911 inserted transaction 2128
2026-05-29 22:53:48,574 INFO sms_id=912 inserted transaction 67555624275
2026-05-29 22:53:48,576 INFO sms_id=913 inserted transaction 89855734028
2026-05-29 22:53:48,578 INFO sms_id=914 inserted transaction 82996055356
2026-05-29 22:53:48,580 INFO sms_id=915 inserted transaction 2129
2026-05-29 22:53:48,582 INFO sms_id=916 inserted transaction 97916279369
2026-05-29 22:53:48,584 INFO sms_id=917 inserted transaction 2130
2026-05-29 22:53:48,586 INFO sms_id=918 inserted transaction 2131
2026-05-29 22:53:48,589 INFO sms_id=919 inserted transaction 2132
2026-05-29 22:53:48,591 INFO sms_id=920 inserted transaction 48524994396
2026-05-29 22:53:48,593 INFO sms_id=921 inserted transaction 2133
2026-05-29 22:53:48,596 INFO sms_id=922 inserted transaction 78688834340
2026-05-29 22:53:48,599 INFO sms_id=923 inserted transaction 60193532268
2026-05-29 22:53:48,601 INFO sms_id=924 inserted transaction 93881514225
2026-05-29 22:53:48,603 INFO sms_id=925 inserted transaction 60158780091
2026-05-29 22:53:48,606 INFO sms_id=926 inserted transaction 35202815280
2026-05-29 22:53:48,608 INFO sms_id=927 inserted transaction 2134
2026-05-29 22:53:48,610 INFO sms_id=928 inserted transaction 2135
2026-05-29 22:53:48,613 INFO sms_id=929 inserted transaction 32371477638
2026-05-29 22:53:48,616 INFO sms_id=930 inserted transaction 15188663338
2026-05-29 22:53:48,619 INFO sms_id=931 inserted transaction 46064965737
2026-05-29 22:53:48,621 INFO sms_id=932 inserted transaction 2136
2026-05-29 22:53:48,624 INFO sms_id=933 inserted transaction 2137
2026-05-29 22:53:48,626 INFO sms_id=934 inserted transaction 2138
2026-05-29 22:53:48,628 INFO sms_id=935 inserted transaction 2139
2026-05-29 22:53:48,631 INFO sms_id=936 inserted transaction 2140
2026-05-29 22:53:48,633 INFO sms_id=937 inserted transaction 2141
2026-05-29 22:53:48,636 INFO sms_id=938 inserted transaction 2142
2026-05-29 22:53:48,638 INFO sms_id=939 inserted transaction 13372675354
2026-05-29 22:53:48,641 INFO sms_id=940 inserted transaction 17063216498
2026-05-29 22:53:48,643 INFO sms_id=941 inserted transaction 2143
2026-05-29 22:53:48,645 INFO sms_id=942 inserted transaction 2144
2026-05-29 22:53:48,648 INFO sms_id=943 inserted transaction 35450739966
2026-05-29 22:53:48,650 INFO sms_id=944 inserted transaction 2145
2026-05-29 22:53:48,653 INFO sms_id=945 inserted transaction 62962558714
2026-05-29 22:53:48,655 INFO sms_id=946 inserted transaction 2146
2026-05-29 22:53:48,658 INFO sms_id=947 inserted transaction 2147
2026-05-29 22:53:48,660 INFO sms_id=948 inserted transaction 2148
2026-05-29 22:53:48,662 INFO sms_id=949 inserted transaction 37376382898
2026-05-29 22:53:48,664 INFO sms_id=950 inserted transaction 2149
2026-05-29 22:53:48,667 INFO sms_id=951 inserted transaction 2150
2026-05-29 22:53:48,670 INFO sms_id=952 inserted transaction 2151
2026-05-29 22:53:48,673 INFO sms_id=953 inserted transaction 2152
2026-05-29 22:53:48,676 INFO sms_id=954 inserted transaction 68217644339
2026-05-29 22:53:48,678 INFO sms_id=955 inserted transaction 2153
2026-05-29 22:53:48,681 INFO sms_id=956 inserted transaction 2154
2026-05-29 22:53:48,684 INFO sms_id=957 inserted transaction 2155
2026-05-29 22:53:48,686 INFO sms_id=958 inserted transaction 2156
2026-05-29 22:53:48,689 INFO sms_id=959 inserted transaction 24296251142
2026-05-29 22:53:48,691 INFO sms_id=960 inserted transaction 90644334751
2026-05-29 22:53:48,693 INFO sms_id=961 inserted transaction 2157
2026-05-29 22:53:48,695 INFO sms_id=962 inserted transaction 2158
2026-05-29 22:53:48,697 INFO sms_id=963 inserted transaction 15874896437
2026-05-29 22:53:48,700 INFO sms_id=964 inserted transaction 2159
2026-05-29 22:53:48,702 INFO sms_id=965 inserted transaction 79921659205
2026-05-29 22:53:48,705 INFO sms_id=966 inserted transaction 2160
2026-05-29 22:53:48,707 INFO sms_id=967 inserted transaction 75401767322
2026-05-29 22:53:48,709 INFO sms_id=968 inserted transaction 2161
2026-05-29 22:53:48,712 INFO sms_id=969 inserted transaction 94510396651
2026-05-29 22:53:48,714 INFO sms_id=970 inserted transaction 55341611618
2026-05-29 22:53:48,717 INFO sms_id=971 inserted transaction 2162
2026-05-29 22:53:48,719 INFO sms_id=972 inserted transaction 78265898230
2026-05-29 22:53:48,721 INFO sms_id=973 inserted transaction 2163
2026-05-29 22:53:48,723 INFO sms_id=974 inserted transaction 2164
2026-05-29 22:53:48,726 INFO sms_id=975 inserted transaction 2165
2026-05-29 22:53:48,728 INFO sms_id=976 inserted transaction 51862934722
2026-05-29 22:53:48,731 INFO sms_id=977 inserted transaction 2166
2026-05-29 22:53:48,734 INFO sms_id=978 inserted transaction 91477230630
2026-05-29 22:53:48,737 INFO sms_id=979 inserted transaction 98785716472
2026-05-29 22:53:48,740 INFO sms_id=980 inserted transaction 60169531477
2026-05-29 22:53:48,743 INFO sms_id=981 inserted transaction 18182747024
2026-05-29 22:53:48,745 INFO sms_id=982 inserted transaction 33085803334
2026-05-29 22:53:48,747 INFO sms_id=983 inserted transaction 2167
2026-05-29 22:53:48,750 INFO sms_id=984 inserted transaction 2168
2026-05-29 22:53:48,752 INFO sms_id=985 inserted transaction 15930732191
2026-05-29 22:53:48,755 INFO sms_id=986 inserted transaction 2169
2026-05-29 22:53:48,757 INFO sms_id=987 inserted transaction 2170
2026-05-29 22:53:48,760 INFO sms_id=988 inserted transaction 15940915096
2026-05-29 22:53:48,763 INFO sms_id=989 inserted transaction 39214139430
2026-05-29 22:53:48,767 INFO sms_id=990 inserted transaction 2171
2026-05-29 22:53:48,770 INFO sms_id=991 inserted transaction 2172
2026-05-29 22:53:48,772 INFO sms_id=992 inserted transaction 2173
2026-05-29 22:53:48,776 INFO sms_id=993 inserted transaction 2174
2026-05-29 22:53:48,779 INFO sms_id=994 inserted transaction 2175
2026-05-29 22:53:48,782 INFO sms_id=995 inserted transaction 2176
2026-05-29 22:53:48,785 INFO sms_id=996 inserted transaction 90902383993
2026-05-29 22:53:48,787 INFO sms_id=997 inserted transaction 2177
2026-05-29 22:53:48,789 INFO sms_id=998 inserted transaction 10659235728
2026-05-29 22:53:48,792 INFO sms_id=999 inserted transaction 2178
2026-05-29 22:53:48,794 INFO sms_id=1000 inserted transaction 2179
2026-05-29 22:53:48,797 INFO sms_id=1001 inserted transaction 39663280584
2026-05-29 22:53:48,799 INFO sms_id=1002 inserted transaction 2180
2026-05-29 22:53:48,802 INFO sms_id=1003 inserted transaction 81871013229
2026-05-29 22:53:48,805 INFO sms_id=1004 inserted transaction 44506228015
2026-05-29 22:53:48,807 INFO sms_id=1005 inserted transaction 83067244660
2026-05-29 22:53:48,809 INFO sms_id=1006 inserted transaction 10730013424
2026-05-29 22:53:48,811 INFO sms_id=1007 inserted transaction 20546538645
2026-05-29 22:53:48,813 INFO sms_id=1008 inserted transaction 2181
2026-05-29 22:53:48,816 INFO sms_id=1009 inserted transaction 16016087305
2026-05-29 22:53:48,818 INFO sms_id=1010 inserted transaction 35245414129
2026-05-29 22:53:48,821 INFO sms_id=1011 inserted transaction 22096990635
2026-05-29 22:53:48,823 INFO sms_id=1012 inserted transaction 2182
2026-05-29 22:53:48,826 INFO sms_id=1013 inserted transaction 2183
2026-05-29 22:53:48,828 INFO sms_id=1014 inserted transaction 2184
2026-05-29 22:53:48,831 INFO sms_id=1015 inserted transaction 2185
2026-05-29 22:53:48,833 INFO sms_id=1016 inserted transaction 32286024625
2026-05-29 22:53:48,835 INFO sms_id=1017 inserted transaction 2186
2026-05-29 22:53:48,837 INFO sms_id=1018 inserted transaction 16030998575
2026-05-29 22:53:48,839 INFO sms_id=1019 inserted transaction 2187
2026-05-29 22:53:48,842 INFO sms_id=1020 inserted transaction 2188
2026-05-29 22:53:48,844 INFO sms_id=1021 inserted transaction 2189
2026-05-29 22:53:48,847 INFO sms_id=1022 inserted transaction 2190
2026-05-29 22:53:48,849 INFO sms_id=1023 inserted transaction 16040688508
2026-05-29 22:53:48,852 INFO sms_id=1024 inserted transaction 90308181228
2026-05-29 22:53:48,855 INFO sms_id=1025 inserted transaction 2191
2026-05-29 22:53:48,857 INFO sms_id=1026 inserted transaction 18477975094
2026-05-29 22:53:48,860 INFO sms_id=1027 inserted transaction 85146339192
2026-05-29 22:53:48,862 INFO sms_id=1028 inserted transaction 2192
2026-05-29 22:53:48,865 INFO sms_id=1029 inserted transaction 2193
2026-05-29 22:53:48,867 INFO sms_id=1030 inserted transaction 2194
2026-05-29 22:53:48,871 INFO sms_id=1031 inserted transaction 82638981577
2026-05-29 22:53:48,873 INFO sms_id=1032 inserted transaction 2195
2026-05-29 22:53:48,875 INFO sms_id=1033 inserted transaction 24060951845
2026-05-29 22:53:48,878 INFO sms_id=1034 inserted transaction 48231394901
2026-05-29 22:53:48,880 INFO sms_id=1035 inserted transaction 2196
2026-05-29 22:53:48,882 INFO sms_id=1036 inserted transaction 2197
2026-05-29 22:53:48,885 INFO sms_id=1037 inserted transaction 77445681586
2026-05-29 22:53:48,888 INFO sms_id=1038 inserted transaction 22996639471
2026-05-29 22:53:48,890 INFO sms_id=1039 inserted transaction 2198
2026-05-29 22:53:48,892 INFO sms_id=1040 inserted transaction 2199
2026-05-29 22:53:48,894 INFO sms_id=1041 inserted transaction 89752753163
2026-05-29 22:53:48,896 INFO sms_id=1042 inserted transaction 2200
2026-05-29 22:53:48,899 INFO sms_id=1043 inserted transaction 43532820450
2026-05-29 22:53:48,901 INFO sms_id=1044 inserted transaction 58196919753
2026-05-29 22:53:48,904 INFO sms_id=1045 inserted transaction 2201
2026-05-29 22:53:48,907 INFO sms_id=1046 inserted transaction 37468876171
2026-05-29 22:53:48,909 INFO sms_id=1047 inserted transaction 2202
2026-05-29 22:53:48,910 INFO sms_id=1048 inserted transaction 2203
2026-05-29 22:53:48,913 INFO sms_id=1049 inserted transaction 88108852426
2026-05-29 22:53:48,916 INFO sms_id=1050 inserted transaction 31762210000
2026-05-29 22:53:48,918 INFO sms_id=1051 inserted transaction 2204
2026-05-29 22:53:48,921 INFO sms_id=1052 inserted transaction 2205
2026-05-29 22:53:48,923 INFO sms_id=1053 inserted transaction 2206
2026-05-29 22:53:48,926 INFO sms_id=1054 inserted transaction 13398096034
2026-05-29 22:53:48,928 INFO sms_id=1055 inserted transaction 67853860784
2026-05-29 22:53:48,930 INFO sms_id=1056 inserted transaction 2207
2026-05-29 22:53:48,932 INFO sms_id=1057 inserted transaction 59663284115
2026-05-29 22:53:48,934 INFO sms_id=1058 inserted transaction 2208
2026-05-29 22:53:48,937 INFO sms_id=1059 inserted transaction 2209
2026-05-29 22:53:48,941 INFO sms_id=1060 inserted transaction 60978680783
2026-05-29 22:53:48,943 INFO sms_id=1061 inserted transaction 11340322119
2026-05-29 22:53:48,945 INFO sms_id=1062 inserted transaction 2210
2026-05-29 22:53:48,947 INFO sms_id=1063 inserted transaction 2211
2026-05-29 22:53:48,949 INFO sms_id=1064 inserted transaction 2212
2026-05-29 22:53:48,951 INFO sms_id=1065 inserted transaction 53889847709
2026-05-29 22:53:48,954 INFO sms_id=1066 inserted transaction 2213
2026-05-29 22:53:48,956 INFO sms_id=1067 inserted transaction 16178728333
2026-05-29 22:53:48,959 INFO sms_id=1068 inserted transaction 77321308899
2026-05-29 22:53:48,961 INFO sms_id=1069 inserted transaction 16181431637
2026-05-29 22:53:48,963 INFO sms_id=1070 inserted transaction 79562421324
2026-05-29 22:53:48,965 INFO sms_id=1071 inserted transaction 13398775256
2026-05-29 22:53:48,967 INFO sms_id=1072 inserted transaction 2214
2026-05-29 22:53:48,969 INFO sms_id=1073 inserted transaction 2215
2026-05-29 22:53:48,972 INFO sms_id=1074 inserted transaction 2216
2026-05-29 22:53:48,974 INFO sms_id=1075 inserted transaction 2217
2026-05-29 22:53:48,976 INFO sms_id=1076 inserted transaction 2218
2026-05-29 22:53:48,979 INFO sms_id=1077 inserted transaction 2219
2026-05-29 22:53:48,981 INFO sms_id=1078 inserted transaction 2220
2026-05-29 22:53:48,984 INFO sms_id=1079 inserted transaction 83779362556
2026-05-29 22:53:48,987 INFO sms_id=1080 inserted transaction 15010571728
2026-05-29 22:53:48,989 INFO sms_id=1081 inserted transaction 69826234262
2026-05-29 22:53:48,991 WARNING sms_id=1082 unrecognized transaction type
2026-05-29 22:53:48,994 INFO sms_id=1083 inserted transaction 16211799078
2026-05-29 22:53:48,996 INFO sms_id=1084 inserted transaction 64182407557
2026-05-29 22:53:48,998 INFO sms_id=1085 inserted transaction 22165640182
2026-05-29 22:53:49,000 INFO sms_id=1086 inserted transaction 2221
2026-05-29 22:53:49,003 INFO sms_id=1087 inserted transaction 2222
2026-05-29 22:53:49,006 INFO sms_id=1088 inserted transaction 83014570594
2026-05-29 22:53:49,009 INFO sms_id=1089 inserted transaction 2223
2026-05-29 22:53:49,011 INFO sms_id=1090 inserted transaction 88832399279
2026-05-29 22:53:49,013 INFO sms_id=1091 inserted transaction 2224
2026-05-29 22:53:49,015 INFO sms_id=1092 inserted transaction 2225
2026-05-29 22:53:49,017 INFO sms_id=1093 inserted transaction 66464178798
2026-05-29 22:53:49,020 INFO sms_id=1094 inserted transaction 16269196928
2026-05-29 22:53:49,023 INFO sms_id=1095 inserted transaction 52293280519
2026-05-29 22:53:49,026 INFO sms_id=1096 inserted transaction 38148168525
2026-05-29 22:53:49,029 INFO sms_id=1097 inserted transaction 81760735419
2026-05-29 22:53:49,031 INFO sms_id=1098 inserted transaction 2226
2026-05-29 22:53:49,033 INFO sms_id=1099 inserted transaction 53606315017
2026-05-29 22:53:49,035 INFO sms_id=1100 inserted transaction 2227
2026-05-29 22:53:49,037 INFO sms_id=1101 inserted transaction 59905850736
2026-05-29 22:53:49,040 INFO sms_id=1102 inserted transaction 2228
2026-05-29 22:53:49,043 INFO sms_id=1103 inserted transaction 54242334327
2026-05-29 22:53:49,045 INFO sms_id=1104 inserted transaction 2229
2026-05-29 22:53:49,048 INFO sms_id=1105 inserted transaction 2230
2026-05-29 22:53:49,050 INFO sms_id=1106 inserted transaction 88072671762
2026-05-29 22:53:49,052 INFO sms_id=1107 inserted transaction 45748335313
2026-05-29 22:53:49,055 INFO sms_id=1108 inserted transaction 29637659542
2026-05-29 22:53:49,058 INFO sms_id=1109 inserted transaction 59362114751
2026-05-29 22:53:49,060 INFO sms_id=1110 inserted transaction 16327063889
2026-05-29 22:53:49,063 INFO sms_id=1111 inserted transaction 31169956538
2026-05-29 22:53:49,066 INFO sms_id=1112 inserted transaction 50533019574
2026-05-29 22:53:49,069 INFO sms_id=1113 inserted transaction 18750556052
2026-05-29 22:53:49,071 INFO sms_id=1114 inserted transaction 89091466523
2026-05-29 22:53:49,074 INFO sms_id=1115 inserted transaction 16356106165
2026-05-29 22:53:49,076 INFO sms_id=1116 inserted transaction 2231
2026-05-29 22:53:49,078 INFO sms_id=1117 inserted transaction 15223201812
2026-05-29 22:53:49,081 INFO sms_id=1118 inserted transaction 68316839601
2026-05-29 22:53:49,083 INFO sms_id=1119 inserted transaction 76509859651
2026-05-29 22:53:49,087 INFO sms_id=1120 inserted transaction 93902902643
2026-05-29 22:53:49,090 INFO sms_id=1121 inserted transaction 75970255069
2026-05-29 22:53:49,092 INFO sms_id=1122 inserted transaction 43332595746
2026-05-29 22:53:49,095 INFO sms_id=1123 inserted transaction 83978461332
2026-05-29 22:53:49,097 INFO sms_id=1124 inserted transaction 66774240369
2026-05-29 22:53:49,100 INFO sms_id=1125 inserted transaction 18510016190
2026-05-29 22:53:49,102 INFO sms_id=1126 inserted transaction 11365396250
2026-05-29 22:53:49,105 INFO sms_id=1127 inserted transaction 14589884783
2026-05-29 22:53:49,107 INFO sms_id=1128 inserted transaction 16400028923
2026-05-29 22:53:49,109 INFO sms_id=1129 inserted transaction 80264064542
2026-05-29 22:53:49,110 INFO sms_id=1130 inserted transaction 2232
2026-05-29 22:53:49,112 INFO sms_id=1131 inserted transaction 2233
2026-05-29 22:53:49,115 INFO sms_id=1132 inserted transaction 27880925520
2026-05-29 22:53:49,117 INFO sms_id=1133 inserted transaction 16406794518
2026-05-29 22:53:49,120 INFO sms_id=1134 inserted transaction 2234
2026-05-29 22:53:49,122 INFO sms_id=1135 inserted transaction 95337556627
2026-05-29 22:53:49,125 INFO sms_id=1136 inserted transaction 2235
2026-05-29 22:53:49,127 INFO sms_id=1137 inserted transaction 2236
2026-05-29 22:53:49,130 INFO sms_id=1138 inserted transaction 44650869478
2026-05-29 22:53:49,132 INFO sms_id=1139 inserted transaction 30398814444
2026-05-29 22:53:49,135 INFO sms_id=1140 inserted transaction 31630879946
2026-05-29 22:53:49,137 INFO sms_id=1141 inserted transaction 2237
2026-05-29 22:53:49,140 INFO sms_id=1142 inserted transaction 87927056212
2026-05-29 22:53:49,142 INFO sms_id=1143 inserted transaction 2238
2026-05-29 22:53:49,144 INFO sms_id=1144 inserted transaction 24961498802
2026-05-29 22:53:49,147 INFO sms_id=1145 inserted transaction 96078845608
2026-05-29 22:53:49,149 INFO sms_id=1146 inserted transaction 27937789255
2026-05-29 22:53:49,152 INFO sms_id=1147 inserted transaction 35915635698
2026-05-29 22:53:49,154 INFO sms_id=1148 inserted transaction 2239
2026-05-29 22:53:49,156 INFO sms_id=1149 inserted transaction 10412500030
2026-05-29 22:53:49,159 INFO sms_id=1150 inserted transaction 16433471329
2026-05-29 22:53:49,161 INFO sms_id=1151 inserted transaction 87101311151
2026-05-29 22:53:49,163 INFO sms_id=1152 inserted transaction 2240
2026-05-29 22:53:49,166 INFO sms_id=1153 inserted transaction 2241
2026-05-29 22:53:49,169 INFO sms_id=1154 inserted transaction 81660358206
2026-05-29 22:53:49,171 INFO sms_id=1155 inserted transaction 16434717507
2026-05-29 22:53:49,173 INFO sms_id=1156 inserted transaction 2242
2026-05-29 22:53:49,175 INFO sms_id=1157 inserted transaction 11060379377
2026-05-29 22:53:49,177 INFO sms_id=1158 inserted transaction 63847414444
2026-05-29 22:53:49,179 INFO sms_id=1159 inserted transaction 93824792341
2026-05-29 22:53:49,181 INFO sms_id=1160 inserted transaction 16471170286
2026-05-29 22:53:49,184 INFO sms_id=1161 inserted transaction 53085798464
2026-05-29 22:53:49,187 INFO sms_id=1162 inserted transaction 12026466377
2026-05-29 22:53:49,189 INFO sms_id=1163 inserted transaction 2243
2026-05-29 22:53:49,192 INFO sms_id=1164 inserted transaction 84906022239
2026-05-29 22:53:49,195 INFO sms_id=1165 inserted transaction 2244
2026-05-29 22:53:49,197 INFO sms_id=1166 inserted transaction 2245
2026-05-29 22:53:49,200 INFO sms_id=1167 inserted transaction 63406615894
2026-05-29 22:53:49,202 INFO sms_id=1168 inserted transaction 79191608492
2026-05-29 22:53:49,204 INFO sms_id=1169 inserted transaction 2246
2026-05-29 22:53:49,206 INFO sms_id=1170 inserted transaction 97616156692
2026-05-29 22:53:49,209 INFO sms_id=1171 inserted transaction 76120536586
2026-05-29 22:53:49,212 INFO sms_id=1172 inserted transaction 16519345888
2026-05-29 22:53:49,215 INFO sms_id=1173 inserted transaction 2247
2026-05-29 22:53:49,219 INFO sms_id=1174 inserted transaction 2248
2026-05-29 22:53:49,221 INFO sms_id=1175 inserted transaction 2249
2026-05-29 22:53:49,224 INFO sms_id=1176 inserted transaction 16530676798
2026-05-29 22:53:49,227 INFO sms_id=1177 inserted transaction 87234068654
2026-05-29 22:53:49,229 INFO sms_id=1178 inserted transaction 81838722855
2026-05-29 22:53:49,232 INFO sms_id=1179 inserted transaction 63710134665
2026-05-29 22:53:49,235 INFO sms_id=1180 inserted transaction 22834010377
2026-05-29 22:53:49,238 INFO sms_id=1181 inserted transaction 2250
2026-05-29 22:53:49,241 INFO sms_id=1182 inserted transaction 28043130256
2026-05-29 22:53:49,244 INFO sms_id=1183 inserted transaction 2251
2026-05-29 22:53:49,248 INFO sms_id=1184 inserted transaction 2252
2026-05-29 22:53:49,252 INFO sms_id=1185 inserted transaction 2253
2026-05-29 22:53:49,255 INFO sms_id=1186 inserted transaction 2254
2026-05-29 22:53:49,258 INFO sms_id=1187 inserted transaction 19221386945
2026-05-29 22:53:49,262 INFO sms_id=1188 inserted transaction 95154102352
2026-05-29 22:53:49,265 INFO sms_id=1189 inserted transaction 2255
2026-05-29 22:53:49,269 INFO sms_id=1190 inserted transaction 2256
2026-05-29 22:53:49,273 INFO sms_id=1191 inserted transaction 85450886922
2026-05-29 22:53:49,276 INFO sms_id=1192 inserted transaction 2257
2026-05-29 22:53:49,279 INFO sms_id=1193 inserted transaction 91900163647
2026-05-29 22:53:49,283 INFO sms_id=1194 inserted transaction 2258
2026-05-29 22:53:49,287 INFO sms_id=1195 inserted transaction 2259
2026-05-29 22:53:49,291 INFO sms_id=1196 inserted transaction 2260
2026-05-29 22:53:49,294 INFO sms_id=1197 inserted transaction 2261
2026-05-29 22:53:49,297 INFO sms_id=1198 inserted transaction 2262
2026-05-29 22:53:49,300 INFO sms_id=1199 inserted transaction 2263
2026-05-29 22:53:49,303 INFO sms_id=1200 inserted transaction 2264
2026-05-29 22:53:49,305 INFO Committed batch size=300 inserted=298 skipped_unknown=2 skipped_invalid=0 failed=0
2026-05-29 22:53:49,306 INFO sms_id=1201 inserted transaction 2265
2026-05-29 22:53:49,310 INFO sms_id=1202 inserted transaction 16591010120
2026-05-29 22:53:49,314 INFO sms_id=1203 inserted transaction 27925177838
2026-05-29 22:53:49,317 INFO sms_id=1204 inserted transaction 2266
2026-05-29 22:53:49,320 INFO sms_id=1205 inserted transaction 32029523207
2026-05-29 22:53:49,322 INFO sms_id=1206 inserted transaction 2267
2026-05-29 22:53:49,325 INFO sms_id=1207 inserted transaction 31684502107
2026-05-29 22:53:49,327 INFO sms_id=1208 inserted transaction 2268
2026-05-29 22:53:49,332 INFO sms_id=1209 inserted transaction 98072616886
2026-05-29 22:53:49,334 INFO sms_id=1210 inserted transaction 2269
2026-05-29 22:53:49,338 INFO sms_id=1211 inserted transaction 2270
2026-05-29 22:53:49,341 INFO sms_id=1212 inserted transaction 2271
2026-05-29 22:53:49,343 INFO sms_id=1213 inserted transaction 74940646559
2026-05-29 22:53:49,345 INFO sms_id=1214 inserted transaction 2272
2026-05-29 22:53:49,348 INFO sms_id=1215 inserted transaction 2273
2026-05-29 22:53:49,351 INFO sms_id=1216 inserted transaction 2274
2026-05-29 22:53:49,354 INFO sms_id=1217 inserted transaction 2275
2026-05-29 22:53:49,356 INFO sms_id=1218 inserted transaction 2276
2026-05-29 22:53:49,359 INFO sms_id=1219 inserted transaction 2277
2026-05-29 22:53:49,362 INFO sms_id=1220 inserted transaction 2278
2026-05-29 22:53:49,365 INFO sms_id=1221 inserted transaction 2279
2026-05-29 22:53:49,369 INFO sms_id=1222 inserted transaction 76489114849
2026-05-29 22:53:49,372 INFO sms_id=1223 inserted transaction 90771619158
2026-05-29 22:53:49,376 INFO sms_id=1224 inserted transaction 2280
2026-05-29 22:53:49,380 INFO sms_id=1225 inserted transaction 2281
2026-05-29 22:53:49,383 INFO sms_id=1226 inserted transaction 2282
2026-05-29 22:53:49,386 INFO sms_id=1227 inserted transaction 96847302038
2026-05-29 22:53:49,390 INFO sms_id=1228 inserted transaction 52306931698
2026-05-29 22:53:49,393 INFO sms_id=1229 inserted transaction 84422936261
2026-05-29 22:53:49,396 INFO sms_id=1230 inserted transaction 80762432902
2026-05-29 22:53:49,399 INFO sms_id=1231 inserted transaction 12941586465
2026-05-29 22:53:49,401 INFO sms_id=1232 inserted transaction 32932185216
2026-05-29 22:53:49,403 INFO sms_id=1233 inserted transaction 16664315282
2026-05-29 22:53:49,406 INFO sms_id=1234 inserted transaction 74467206314
2026-05-29 22:53:49,408 INFO sms_id=1235 inserted transaction 22620644869
2026-05-29 22:53:49,410 INFO sms_id=1236 inserted transaction 26843508772
2026-05-29 22:53:49,412 INFO sms_id=1237 inserted transaction 2283
2026-05-29 22:53:49,416 INFO sms_id=1238 inserted transaction 12285281137
2026-05-29 22:53:49,418 INFO sms_id=1239 inserted transaction 2284
2026-05-29 22:53:49,421 INFO sms_id=1240 inserted transaction 72077076399
2026-05-29 22:53:49,423 INFO sms_id=1241 inserted transaction 17695655335
2026-05-29 22:53:49,426 INFO sms_id=1242 inserted transaction 47323864863
2026-05-29 22:53:49,429 INFO sms_id=1243 inserted transaction 16684572153
2026-05-29 22:53:49,431 INFO sms_id=1244 inserted transaction 2285
2026-05-29 22:53:49,435 INFO sms_id=1245 inserted transaction 51185805957
2026-05-29 22:53:49,438 INFO sms_id=1246 inserted transaction 2286
2026-05-29 22:53:49,443 INFO sms_id=1247 inserted transaction 64693883303
2026-05-29 22:53:49,446 INFO sms_id=1248 inserted transaction 32239374076
2026-05-29 22:53:49,448 INFO sms_id=1249 inserted transaction 2287
2026-05-29 22:53:49,451 INFO sms_id=1250 inserted transaction 41292933584
2026-05-29 22:53:49,453 INFO sms_id=1251 inserted transaction 57030093247
2026-05-29 22:53:49,456 INFO sms_id=1252 inserted transaction 2288
2026-05-29 22:53:49,458 INFO sms_id=1253 inserted transaction 68677426758
2026-05-29 22:53:49,460 INFO sms_id=1254 inserted transaction 2289
2026-05-29 22:53:49,462 INFO sms_id=1255 inserted transaction 2290
2026-05-29 22:53:49,465 INFO sms_id=1256 inserted transaction 29539835456
2026-05-29 22:53:49,467 INFO sms_id=1257 inserted transaction 2291
2026-05-29 22:53:49,469 INFO sms_id=1258 inserted transaction 53740527535
2026-05-29 22:53:49,472 INFO sms_id=1259 inserted transaction 2292
2026-05-29 22:53:49,474 INFO sms_id=1260 inserted transaction 55287216793
2026-05-29 22:53:49,477 INFO sms_id=1261 inserted transaction 61476126603
2026-05-29 22:53:49,479 INFO sms_id=1262 inserted transaction 2293
2026-05-29 22:53:49,482 INFO sms_id=1263 inserted transaction 2294
2026-05-29 22:53:49,484 INFO sms_id=1264 inserted transaction 2295
2026-05-29 22:53:49,487 INFO sms_id=1265 inserted transaction 97375149913
2026-05-29 22:53:49,489 INFO sms_id=1266 inserted transaction 23756291424
2026-05-29 22:53:49,492 INFO sms_id=1267 inserted transaction 2296
2026-05-29 22:53:49,494 INFO sms_id=1268 inserted transaction 67973089801
2026-05-29 22:53:49,496 INFO sms_id=1269 inserted transaction 79800269407
2026-05-29 22:53:49,498 INFO sms_id=1270 inserted transaction 2297
2026-05-29 22:53:49,500 INFO sms_id=1271 inserted transaction 62769441387
2026-05-29 22:53:49,503 INFO sms_id=1272 inserted transaction 57206973697
2026-05-29 22:53:49,505 INFO sms_id=1273 inserted transaction 2298
2026-05-29 22:53:49,508 INFO sms_id=1274 inserted transaction 67320713042
2026-05-29 22:53:49,510 INFO sms_id=1275 inserted transaction 56966147157
2026-05-29 22:53:49,513 INFO sms_id=1276 inserted transaction 2299
2026-05-29 22:53:49,516 INFO sms_id=1277 inserted transaction 2300
2026-05-29 22:53:49,519 INFO sms_id=1278 inserted transaction 2301
2026-05-29 22:53:49,521 INFO sms_id=1279 inserted transaction 2302
2026-05-29 22:53:49,525 INFO sms_id=1280 inserted transaction 2303
2026-05-29 22:53:49,528 INFO sms_id=1281 inserted transaction 96703530751
2026-05-29 22:53:49,532 INFO sms_id=1282 inserted transaction 50100917269
2026-05-29 22:53:49,535 INFO sms_id=1283 inserted transaction 62656383062
2026-05-29 22:53:49,537 INFO sms_id=1284 inserted transaction 2304
2026-05-29 22:53:49,540 INFO sms_id=1285 inserted transaction 94631078749
2026-05-29 22:53:49,543 INFO sms_id=1286 inserted transaction 2305
2026-05-29 22:53:49,545 INFO sms_id=1287 inserted transaction 16803066185
2026-05-29 22:53:49,548 INFO sms_id=1288 inserted transaction 16803076383
2026-05-29 22:53:49,550 INFO sms_id=1289 inserted transaction 16803083833
2026-05-29 22:53:49,552 INFO sms_id=1290 inserted transaction 2306
2026-05-29 22:53:49,555 INFO sms_id=1291 inserted transaction 76861068912
2026-05-29 22:53:49,557 INFO sms_id=1292 inserted transaction 16811450681
2026-05-29 22:53:49,561 WARNING sms_id=1293 unrecognized transaction type
2026-05-29 22:53:49,564 INFO sms_id=1294 inserted transaction 16813007600
2026-05-29 22:53:49,567 INFO sms_id=1295 inserted transaction 68167518530
2026-05-29 22:53:49,569 INFO sms_id=1296 inserted transaction 91027288469
2026-05-29 22:53:49,571 INFO sms_id=1297 inserted transaction 2307
2026-05-29 22:53:49,574 INFO sms_id=1298 inserted transaction 53670708085
2026-05-29 22:53:49,576 INFO sms_id=1299 inserted transaction 60464892197
2026-05-29 22:53:49,579 INFO sms_id=1300 inserted transaction 2308
2026-05-29 22:53:49,583 INFO sms_id=1301 inserted transaction 2309
2026-05-29 22:53:49,587 INFO sms_id=1302 inserted transaction 16283271112
2026-05-29 22:53:49,591 INFO sms_id=1303 inserted transaction 77064133585
2026-05-29 22:53:49,593 INFO sms_id=1304 inserted transaction 2310
2026-05-29 22:53:49,597 INFO sms_id=1305 inserted transaction 54178902109
2026-05-29 22:53:49,601 INFO sms_id=1306 inserted transaction 54792622020
2026-05-29 22:53:49,604 INFO sms_id=1307 inserted transaction 49452512289
2026-05-29 22:53:49,606 INFO sms_id=1308 inserted transaction 82479923721
2026-05-29 22:53:49,608 INFO sms_id=1309 inserted transaction 2311
2026-05-29 22:53:49,611 INFO sms_id=1310 inserted transaction 2312
2026-05-29 22:53:49,613 INFO sms_id=1311 inserted transaction 16870426837
2026-05-29 22:53:49,616 INFO sms_id=1312 inserted transaction 63834300936
2026-05-29 22:53:49,619 INFO sms_id=1313 inserted transaction 75381717541
2026-05-29 22:53:49,621 INFO sms_id=1314 inserted transaction 35179537922
2026-05-29 22:53:49,623 INFO sms_id=1315 inserted transaction 19451958132
2026-05-29 22:53:49,626 INFO sms_id=1316 inserted transaction 70271999796
2026-05-29 22:53:49,629 INFO sms_id=1317 inserted transaction 2313
2026-05-29 22:53:49,632 INFO sms_id=1318 inserted transaction 50182287789
2026-05-29 22:53:49,635 INFO sms_id=1319 inserted transaction 52735784344
2026-05-29 22:53:49,638 INFO sms_id=1320 inserted transaction 2314
2026-05-29 22:53:49,641 INFO sms_id=1321 inserted transaction 69693617235
2026-05-29 22:53:49,643 INFO sms_id=1322 inserted transaction 81939407545
2026-05-29 22:53:49,645 INFO sms_id=1323 inserted transaction 2315
2026-05-29 22:53:49,648 INFO sms_id=1324 inserted transaction 15146134181
2026-05-29 22:53:49,650 INFO sms_id=1325 inserted transaction 91836203944
2026-05-29 22:53:49,652 INFO sms_id=1326 inserted transaction 2316
2026-05-29 22:53:49,655 INFO sms_id=1327 inserted transaction 2317
2026-05-29 22:53:49,657 INFO sms_id=1328 inserted transaction 2318
2026-05-29 22:53:49,660 INFO sms_id=1329 inserted transaction 35247235522
2026-05-29 22:53:49,663 INFO sms_id=1330 inserted transaction 2319
2026-05-29 22:53:49,667 INFO sms_id=1331 inserted transaction 51960195659
2026-05-29 22:53:49,670 INFO sms_id=1332 inserted transaction 2320
2026-05-29 22:53:49,672 INFO sms_id=1333 inserted transaction 51637767958
2026-05-29 22:53:49,676 INFO sms_id=1334 inserted transaction 63832588568
2026-05-29 22:53:49,679 INFO sms_id=1335 inserted transaction 55787996640
2026-05-29 22:53:49,681 INFO sms_id=1336 inserted transaction 2321
2026-05-29 22:53:49,685 INFO sms_id=1337 inserted transaction 2322
2026-05-29 22:53:49,688 INFO sms_id=1338 inserted transaction 17739493764
2026-05-29 22:53:49,691 INFO sms_id=1339 inserted transaction 2323
2026-05-29 22:53:49,693 INFO sms_id=1340 inserted transaction 2324
2026-05-29 22:53:49,695 INFO sms_id=1341 inserted transaction 58201924130
2026-05-29 22:53:49,697 INFO sms_id=1342 inserted transaction 71572076549
2026-05-29 22:53:49,700 INFO sms_id=1343 inserted transaction 36782365869
2026-05-29 22:53:49,702 INFO sms_id=1344 inserted transaction 43160125858
2026-05-29 22:53:49,705 INFO sms_id=1345 inserted transaction 70636809967
2026-05-29 22:53:49,707 INFO sms_id=1346 inserted transaction 2325
2026-05-29 22:53:49,709 INFO sms_id=1347 inserted transaction 2326
2026-05-29 22:53:49,711 INFO sms_id=1348 inserted transaction 34697085121
2026-05-29 22:53:49,713 INFO sms_id=1349 inserted transaction 2327
2026-05-29 22:53:49,715 INFO sms_id=1350 inserted transaction 2328
2026-05-29 22:53:49,718 INFO sms_id=1351 inserted transaction 44041838566
2026-05-29 22:53:49,720 INFO sms_id=1352 inserted transaction 22997289029
2026-05-29 22:53:49,723 INFO sms_id=1353 inserted transaction 82106121513
2026-05-29 22:53:49,726 INFO sms_id=1354 inserted transaction 10620670791
2026-05-29 22:53:49,729 WARNING sms_id=1355 category code missing in DB: WITHDRAWAL
2026-05-29 22:53:49,732 INFO sms_id=1356 inserted transaction 52261254503
2026-05-29 22:53:49,735 INFO sms_id=1357 inserted transaction 2329
2026-05-29 22:53:49,737 INFO sms_id=1358 inserted transaction 2330
2026-05-29 22:53:49,739 WARNING sms_id=1359 category code missing in DB: WITHDRAWAL
2026-05-29 22:53:49,742 INFO sms_id=1360 inserted transaction 2331
2026-05-29 22:53:49,744 INFO sms_id=1361 inserted transaction 2332
2026-05-29 22:53:49,747 INFO sms_id=1362 inserted transaction 2333
2026-05-29 22:53:49,751 INFO sms_id=1363 inserted transaction 2334
2026-05-29 22:53:49,755 INFO sms_id=1364 inserted transaction 2335
2026-05-29 22:53:49,759 INFO sms_id=1365 inserted transaction 2336
2026-05-29 22:53:49,762 INFO sms_id=1366 inserted transaction 2337
2026-05-29 22:53:49,765 INFO sms_id=1367 inserted transaction 2338
2026-05-29 22:53:49,767 INFO sms_id=1368 inserted transaction 2339
2026-05-29 22:53:49,774 INFO sms_id=1369 inserted transaction 35896509195
2026-05-29 22:53:49,778 INFO sms_id=1370 inserted transaction 84035130850
2026-05-29 22:53:49,782 INFO sms_id=1371 inserted transaction 96504237860
2026-05-29 22:53:49,785 INFO sms_id=1372 inserted transaction 78289351585
2026-05-29 22:53:49,788 INFO sms_id=1373 inserted transaction 72378502864
2026-05-29 22:53:49,791 INFO sms_id=1374 inserted transaction 48478800335
2026-05-29 22:53:49,794 INFO sms_id=1375 inserted transaction 2340
2026-05-29 22:53:49,798 INFO sms_id=1376 inserted transaction 55816563993
2026-05-29 22:53:49,801 INFO sms_id=1377 inserted transaction 71214421293
2026-05-29 22:53:49,803 INFO sms_id=1378 inserted transaction 2341
2026-05-29 22:53:49,807 INFO sms_id=1379 inserted transaction 2342
2026-05-29 22:53:49,811 INFO sms_id=1380 inserted transaction 2343
2026-05-29 22:53:49,815 INFO sms_id=1381 inserted transaction 48536966202
2026-05-29 22:53:49,819 INFO sms_id=1382 inserted transaction 2344
2026-05-29 22:53:49,822 INFO sms_id=1383 inserted transaction 38897384275
2026-05-29 22:53:49,826 INFO sms_id=1384 inserted transaction 42838068588
2026-05-29 22:53:49,829 INFO sms_id=1385 inserted transaction 39305056580
2026-05-29 22:53:49,832 INFO sms_id=1386 inserted transaction 2345
2026-05-29 22:53:49,836 INFO sms_id=1387 inserted transaction 2346
2026-05-29 22:53:49,840 INFO sms_id=1388 inserted transaction 2347
2026-05-29 22:53:49,843 INFO sms_id=1389 inserted transaction 38740551775
2026-05-29 22:53:49,846 INFO sms_id=1390 inserted transaction 2348
2026-05-29 22:53:49,849 INFO sms_id=1391 inserted transaction 2349
2026-05-29 22:53:49,852 INFO sms_id=1392 inserted transaction 23077076861
2026-05-29 22:53:49,855 INFO sms_id=1393 inserted transaction 2350
2026-05-29 22:53:49,858 INFO sms_id=1394 inserted transaction 66106452523
2026-05-29 22:53:49,862 INFO sms_id=1395 inserted transaction 20585797761
2026-05-29 22:53:49,865 INFO sms_id=1396 inserted transaction 2351
2026-05-29 22:53:49,868 INFO sms_id=1397 inserted transaction 2352
2026-05-29 22:53:49,871 INFO sms_id=1398 inserted transaction 48062023691
2026-05-29 22:53:49,873 INFO sms_id=1399 inserted transaction 56257770091
2026-05-29 22:53:49,876 INFO sms_id=1400 inserted transaction 2353
2026-05-29 22:53:49,880 INFO sms_id=1401 inserted transaction 2354
2026-05-29 22:53:49,884 INFO sms_id=1402 inserted transaction 2355
2026-05-29 22:53:49,887 INFO sms_id=1403 inserted transaction 2356
2026-05-29 22:53:49,891 INFO sms_id=1404 inserted transaction 2357
2026-05-29 22:53:49,896 INFO sms_id=1405 inserted transaction 21855529824
2026-05-29 22:53:49,900 INFO sms_id=1406 inserted transaction 2358
2026-05-29 22:53:49,904 INFO sms_id=1407 inserted transaction 35022569513
2026-05-29 22:53:49,908 INFO sms_id=1408 inserted transaction 55628760506
2026-05-29 22:53:49,911 INFO sms_id=1409 inserted transaction 17140081149
2026-05-29 22:53:49,915 INFO sms_id=1410 inserted transaction 17146971568
2026-05-29 22:53:49,919 INFO sms_id=1411 inserted transaction 2359
2026-05-29 22:53:49,923 INFO sms_id=1412 inserted transaction 2360
2026-05-29 22:53:49,927 INFO sms_id=1413 inserted transaction 89671501317
2026-05-29 22:53:49,930 INFO sms_id=1414 inserted transaction 11135974601
2026-05-29 22:53:49,933 INFO sms_id=1415 inserted transaction 17149096701
2026-05-29 22:53:49,936 INFO sms_id=1416 inserted transaction 2361
2026-05-29 22:53:49,940 INFO sms_id=1417 inserted transaction 21899972101
2026-05-29 22:53:49,944 INFO sms_id=1418 inserted transaction 2362
2026-05-29 22:53:49,948 INFO sms_id=1419 inserted transaction 2363
2026-05-29 22:53:49,953 INFO sms_id=1420 inserted transaction 41127800959
2026-05-29 22:53:49,956 INFO sms_id=1421 inserted transaction 36071803053
2026-05-29 22:53:49,959 INFO sms_id=1422 inserted transaction 2364
2026-05-29 22:53:49,962 INFO sms_id=1423 inserted transaction 2365
2026-05-29 22:53:49,964 INFO sms_id=1424 inserted transaction 2366
2026-05-29 22:53:49,967 INFO sms_id=1425 inserted transaction 2367
2026-05-29 22:53:49,971 INFO sms_id=1426 inserted transaction 2368
2026-05-29 22:53:49,974 INFO sms_id=1427 inserted transaction 2369
2026-05-29 22:53:49,978 INFO sms_id=1428 inserted transaction 17192081844
2026-05-29 22:53:49,981 INFO sms_id=1429 inserted transaction 2370
2026-05-29 22:53:49,985 INFO sms_id=1430 inserted transaction 17194680435
2026-05-29 22:53:49,988 INFO sms_id=1431 inserted transaction 46181498529
2026-05-29 22:53:49,990 INFO sms_id=1432 inserted transaction 2371
2026-05-29 22:53:49,993 INFO sms_id=1433 inserted transaction 39367315432
2026-05-29 22:53:49,995 INFO sms_id=1434 inserted transaction 54832853783
2026-05-29 22:53:49,997 INFO sms_id=1435 inserted transaction 49470186297
2026-05-29 22:53:49,999 INFO sms_id=1436 inserted transaction 2372
2026-05-29 22:53:50,002 INFO sms_id=1437 inserted transaction 58399013847
2026-05-29 22:53:50,006 INFO sms_id=1438 inserted transaction 2373
2026-05-29 22:53:50,012 INFO sms_id=1439 inserted transaction 32104617984
2026-05-29 22:53:50,016 INFO sms_id=1440 inserted transaction 70799475893
2026-05-29 22:53:50,020 INFO sms_id=1441 inserted transaction 2374
2026-05-29 22:53:50,023 INFO sms_id=1442 inserted transaction 2375
2026-05-29 22:53:50,027 INFO sms_id=1443 inserted transaction 2376
2026-05-29 22:53:50,032 INFO sms_id=1444 inserted transaction 17219848993
2026-05-29 22:53:50,035 INFO sms_id=1445 inserted transaction 2377
2026-05-29 22:53:50,040 INFO sms_id=1446 inserted transaction 17236283233
2026-05-29 22:53:50,044 INFO sms_id=1447 inserted transaction 47209547707
2026-05-29 22:53:50,047 INFO sms_id=1448 inserted transaction 93029036539
2026-05-29 22:53:50,050 INFO sms_id=1449 inserted transaction 2378
2026-05-29 22:53:50,053 INFO sms_id=1450 inserted transaction 2379
2026-05-29 22:53:50,057 INFO sms_id=1451 inserted transaction 99213721569
2026-05-29 22:53:50,060 INFO sms_id=1452 inserted transaction 15669847093
2026-05-29 22:53:50,063 INFO sms_id=1453 inserted transaction 17278839589
2026-05-29 22:53:50,065 INFO sms_id=1454 inserted transaction 2380
2026-05-29 22:53:50,069 INFO sms_id=1455 inserted transaction 89862603085
2026-05-29 22:53:50,072 INFO sms_id=1456 inserted transaction 2381
2026-05-29 22:53:50,076 INFO sms_id=1457 inserted transaction 33953051219
2026-05-29 22:53:50,079 INFO sms_id=1458 inserted transaction 41885909187
2026-05-29 22:53:50,083 INFO sms_id=1459 inserted transaction 2382
2026-05-29 22:53:50,088 INFO sms_id=1460 inserted transaction 95870127706
2026-05-29 22:53:50,092 INFO sms_id=1461 inserted transaction 2383
2026-05-29 22:53:50,097 INFO sms_id=1462 inserted transaction 37194978837
2026-05-29 22:53:50,101 INFO sms_id=1463 inserted transaction 71359588682
2026-05-29 22:53:50,111 INFO sms_id=1464 inserted transaction 2384
2026-05-29 22:53:50,123 INFO sms_id=1465 inserted transaction 37711041058
2026-05-29 22:53:50,128 INFO sms_id=1466 inserted transaction 2385
2026-05-29 22:53:50,135 INFO sms_id=1467 inserted transaction 94221988885
2026-05-29 22:53:50,139 INFO sms_id=1468 inserted transaction 17344287393
2026-05-29 22:53:50,143 INFO sms_id=1469 inserted transaction 2386
2026-05-29 22:53:50,148 INFO sms_id=1470 inserted transaction 2387
2026-05-29 22:53:50,153 INFO sms_id=1471 inserted transaction 72231619373
2026-05-29 22:53:50,158 INFO sms_id=1472 inserted transaction 66539582201
2026-05-29 22:53:50,163 INFO sms_id=1473 inserted transaction 46343939313
2026-05-29 22:53:50,167 INFO sms_id=1474 inserted transaction 2388
2026-05-29 22:53:50,172 INFO sms_id=1475 inserted transaction 2389
2026-05-29 22:53:50,176 INFO sms_id=1476 inserted transaction 2390
2026-05-29 22:53:50,180 INFO sms_id=1477 inserted transaction 2391
2026-05-29 22:53:50,184 INFO sms_id=1478 inserted transaction 2392
2026-05-29 22:53:50,188 INFO sms_id=1479 inserted transaction 2393
2026-05-29 22:53:50,192 INFO sms_id=1480 inserted transaction 86771299813
2026-05-29 22:53:50,196 INFO sms_id=1481 inserted transaction 2394
2026-05-29 22:53:50,200 INFO sms_id=1482 inserted transaction 2395
2026-05-29 22:53:50,203 INFO sms_id=1483 inserted transaction 2396
2026-05-29 22:53:50,208 INFO sms_id=1484 inserted transaction 45962008824
2026-05-29 22:53:50,212 INFO sms_id=1485 inserted transaction 2397
2026-05-29 22:53:50,217 INFO sms_id=1486 inserted transaction 2398
2026-05-29 22:53:50,222 WARNING sms_id=1487 unrecognized transaction type
2026-05-29 22:53:50,228 INFO sms_id=1488 inserted transaction 17417124626
2026-05-29 22:53:50,233 INFO sms_id=1489 inserted transaction 2399
2026-05-29 22:53:50,238 INFO sms_id=1490 inserted transaction 2400
2026-05-29 22:53:50,244 INFO sms_id=1491 inserted transaction 64379934012
2026-05-29 22:53:50,247 INFO sms_id=1492 inserted transaction 2401
2026-05-29 22:53:50,250 INFO sms_id=1493 inserted transaction 2402
2026-05-29 22:53:50,252 INFO sms_id=1494 inserted transaction 2403
2026-05-29 22:53:50,256 INFO sms_id=1495 inserted transaction 2404
2026-05-29 22:53:50,259 INFO sms_id=1496 inserted transaction 2405
2026-05-29 22:53:50,264 INFO sms_id=1497 inserted transaction 2406
2026-05-29 22:53:50,267 INFO sms_id=1498 inserted transaction 2407
2026-05-29 22:53:50,272 INFO sms_id=1499 inserted transaction 16767909062
2026-05-29 22:53:50,275 INFO sms_id=1500 inserted transaction 96265284937
2026-05-29 22:53:50,276 INFO Committed batch size=300 inserted=296 skipped_unknown=4 skipped_invalid=0 failed=0
2026-05-29 22:53:50,278 INFO sms_id=1501 inserted transaction 84054827778
2026-05-29 22:53:50,280 INFO sms_id=1502 inserted transaction 88725319180
2026-05-29 22:53:50,283 INFO sms_id=1503 inserted transaction 2408
2026-05-29 22:53:50,285 INFO sms_id=1504 inserted transaction 2409
2026-05-29 22:53:50,288 INFO sms_id=1505 inserted transaction 2410
2026-05-29 22:53:50,292 INFO sms_id=1506 inserted transaction 56170688559
2026-05-29 22:53:50,295 INFO sms_id=1507 inserted transaction 77222748548
2026-05-29 22:53:50,298 INFO sms_id=1508 inserted transaction 25634019489
2026-05-29 22:53:50,301 INFO sms_id=1509 inserted transaction 17878271668
2026-05-29 22:53:50,305 INFO sms_id=1510 inserted transaction 2411
2026-05-29 22:53:50,314 INFO sms_id=1511 inserted transaction 17469774285
2026-05-29 22:53:50,317 INFO sms_id=1512 inserted transaction 2412
2026-05-29 22:53:50,323 INFO sms_id=1513 inserted transaction 35727276550
2026-05-29 22:53:50,326 INFO sms_id=1514 inserted transaction 2413
2026-05-29 22:53:50,329 INFO sms_id=1515 inserted transaction 2414
2026-05-29 22:53:50,332 INFO sms_id=1516 inserted transaction 31316222684
2026-05-29 22:53:50,334 INFO sms_id=1517 inserted transaction 2415
2026-05-29 22:53:50,336 INFO sms_id=1518 inserted transaction 34560987595
2026-05-29 22:53:50,338 INFO sms_id=1519 inserted transaction 64898321363
2026-05-29 22:53:50,340 INFO sms_id=1520 inserted transaction 76380162722
2026-05-29 22:53:50,342 INFO sms_id=1521 inserted transaction 2416
2026-05-29 22:53:50,344 INFO sms_id=1522 inserted transaction 2417
2026-05-29 22:53:50,347 INFO sms_id=1523 inserted transaction 2418
2026-05-29 22:53:50,350 INFO sms_id=1524 inserted transaction 82617046769
2026-05-29 22:53:50,353 INFO sms_id=1525 inserted transaction 57516315891
2026-05-29 22:53:50,355 INFO sms_id=1526 inserted transaction 2419
2026-05-29 22:53:50,360 INFO sms_id=1527 inserted transaction 60930083503
2026-05-29 22:53:50,363 INFO sms_id=1528 inserted transaction 2420
2026-05-29 22:53:50,366 INFO sms_id=1529 inserted transaction 2421
2026-05-29 22:53:50,371 INFO sms_id=1530 inserted transaction 15885497602
2026-05-29 22:53:50,375 INFO sms_id=1531 inserted transaction 2422
2026-05-29 22:53:50,379 INFO sms_id=1532 inserted transaction 19391512835
2026-05-29 22:53:50,383 INFO sms_id=1533 inserted transaction 2423
2026-05-29 22:53:50,387 INFO sms_id=1534 inserted transaction 2424
2026-05-29 22:53:50,390 INFO sms_id=1535 inserted transaction 2425
2026-05-29 22:53:50,394 INFO sms_id=1536 inserted transaction 2426
2026-05-29 22:53:50,400 INFO sms_id=1537 inserted transaction 17798210186
2026-05-29 22:53:50,403 INFO sms_id=1538 inserted transaction 2427
2026-05-29 22:53:50,407 INFO sms_id=1539 inserted transaction 2428
2026-05-29 22:53:50,411 INFO sms_id=1540 inserted transaction 2429
2026-05-29 22:53:50,415 INFO sms_id=1541 inserted transaction 2430
2026-05-29 22:53:50,420 INFO sms_id=1542 inserted transaction 2431
2026-05-29 22:53:50,426 INFO sms_id=1543 inserted transaction 94602885416
2026-05-29 22:53:50,430 INFO sms_id=1544 inserted transaction 40325712376
2026-05-29 22:53:50,434 INFO sms_id=1545 inserted transaction 88953152367
2026-05-29 22:53:50,438 INFO sms_id=1546 inserted transaction 70853207718
2026-05-29 22:53:50,441 INFO sms_id=1547 inserted transaction 2432
2026-05-29 22:53:50,444 INFO sms_id=1548 inserted transaction 2433
2026-05-29 22:53:50,448 INFO sms_id=1549 inserted transaction 2434
2026-05-29 22:53:50,451 INFO sms_id=1550 inserted transaction 2435
2026-05-29 22:53:50,454 INFO sms_id=1551 inserted transaction 2436
2026-05-29 22:53:50,458 INFO sms_id=1552 inserted transaction 86091303323
2026-05-29 22:53:50,461 INFO sms_id=1553 inserted transaction 2437
2026-05-29 22:53:50,467 INFO sms_id=1554 inserted transaction 76924527055
2026-05-29 22:53:50,472 INFO sms_id=1555 inserted transaction 86101897464
2026-05-29 22:53:50,477 INFO sms_id=1556 inserted transaction 26959913460
2026-05-29 22:53:50,481 INFO sms_id=1557 inserted transaction 2438
2026-05-29 22:53:50,484 INFO sms_id=1558 inserted transaction 2439
2026-05-29 22:53:50,487 INFO sms_id=1559 inserted transaction 2440
2026-05-29 22:53:50,492 INFO sms_id=1560 inserted transaction 2441
2026-05-29 22:53:50,496 INFO sms_id=1561 inserted transaction 2442
2026-05-29 22:53:50,500 INFO sms_id=1562 inserted transaction 47314034059
2026-05-29 22:53:50,503 INFO sms_id=1563 inserted transaction 18331674229
2026-05-29 22:53:50,506 INFO sms_id=1564 inserted transaction 97521447595
2026-05-29 22:53:50,509 INFO sms_id=1565 inserted transaction 2443
2026-05-29 22:53:50,512 INFO sms_id=1566 inserted transaction 2444
2026-05-29 22:53:50,516 INFO sms_id=1567 inserted transaction 38286062599
2026-05-29 22:53:50,519 INFO sms_id=1568 inserted transaction 24101990460
2026-05-29 22:53:50,522 INFO sms_id=1569 inserted transaction 2445
2026-05-29 22:53:50,525 INFO sms_id=1570 inserted transaction 19512741503
2026-05-29 22:53:50,528 INFO sms_id=1571 inserted transaction 36173508232
2026-05-29 22:53:50,532 INFO sms_id=1572 inserted transaction 83297515675
2026-05-29 22:53:50,535 INFO sms_id=1573 inserted transaction 2446
2026-05-29 22:53:50,539 INFO sms_id=1574 inserted transaction 91646737384
2026-05-29 22:53:50,543 INFO sms_id=1575 inserted transaction 17708814651
2026-05-29 22:53:50,546 INFO sms_id=1576 inserted transaction 32322247458
2026-05-29 22:53:50,550 INFO sms_id=1577 inserted transaction 2447
2026-05-29 22:53:50,553 INFO sms_id=1578 inserted transaction 2448
2026-05-29 22:53:50,557 INFO sms_id=1579 inserted transaction 2449
2026-05-29 22:53:50,561 INFO sms_id=1580 inserted transaction 2450
2026-05-29 22:53:50,564 INFO sms_id=1581 inserted transaction 25739550229
2026-05-29 22:53:50,567 INFO sms_id=1582 inserted transaction 2451
2026-05-29 22:53:50,571 INFO sms_id=1583 inserted transaction 99751172452
2026-05-29 22:53:50,575 INFO sms_id=1584 inserted transaction 50448841591
2026-05-29 22:53:50,578 INFO sms_id=1585 inserted transaction 2452
2026-05-29 22:53:50,581 INFO sms_id=1586 inserted transaction 17725876735
2026-05-29 22:53:50,584 INFO sms_id=1587 inserted transaction 2453
2026-05-29 22:53:50,589 INFO sms_id=1588 inserted transaction 46963818865
2026-05-29 22:53:50,592 INFO sms_id=1589 inserted transaction 78301179486
2026-05-29 22:53:50,596 INFO sms_id=1590 inserted transaction 2454
2026-05-29 22:53:50,601 INFO sms_id=1591 inserted transaction 34561368106
2026-05-29 22:53:50,604 INFO sms_id=1592 inserted transaction 2455
2026-05-29 22:53:50,607 INFO sms_id=1593 inserted transaction 87189301259
2026-05-29 22:53:50,610 INFO sms_id=1594 inserted transaction 32473306579
2026-05-29 22:53:50,612 INFO sms_id=1595 inserted transaction 2456
2026-05-29 22:53:50,614 INFO sms_id=1596 inserted transaction 2457
2026-05-29 22:53:50,616 INFO sms_id=1597 inserted transaction 2458
2026-05-29 22:53:50,619 INFO sms_id=1598 inserted transaction 2459
2026-05-29 22:53:50,622 INFO sms_id=1599 inserted transaction 60612987867
2026-05-29 22:53:50,624 INFO sms_id=1600 inserted transaction 2460
2026-05-29 22:53:50,626 INFO sms_id=1601 inserted transaction 2461
2026-05-29 22:53:50,629 INFO sms_id=1602 inserted transaction 2462
2026-05-29 22:53:50,634 INFO sms_id=1603 inserted transaction 11332825043
2026-05-29 22:53:50,638 INFO sms_id=1604 inserted transaction 2463
2026-05-29 22:53:50,641 INFO sms_id=1605 inserted transaction 58861772799
2026-05-29 22:53:50,644 INFO sms_id=1606 inserted transaction 79491078117
2026-05-29 22:53:50,647 INFO sms_id=1607 inserted transaction 42280278088
2026-05-29 22:53:50,649 INFO sms_id=1608 inserted transaction 2464
2026-05-29 22:53:50,652 INFO sms_id=1609 inserted transaction 26480204749
2026-05-29 22:53:50,655 INFO sms_id=1610 inserted transaction 11336164483
2026-05-29 22:53:50,657 INFO sms_id=1611 inserted transaction 2465
2026-05-29 22:53:50,659 INFO sms_id=1612 inserted transaction 2466
2026-05-29 22:53:50,662 INFO sms_id=1613 inserted transaction 11689124968
2026-05-29 22:53:50,664 INFO sms_id=1614 inserted transaction 2467
2026-05-29 22:53:50,668 INFO sms_id=1615 inserted transaction 35592207581
2026-05-29 22:53:50,670 INFO sms_id=1616 inserted transaction 66251081197
2026-05-29 22:53:50,673 INFO sms_id=1617 inserted transaction 17841214930
2026-05-29 22:53:50,674 INFO sms_id=1618 inserted transaction 2468
2026-05-29 22:53:50,677 INFO sms_id=1619 inserted transaction 48873092706
2026-05-29 22:53:50,680 INFO sms_id=1620 inserted transaction 56839942126
2026-05-29 22:53:50,682 INFO sms_id=1621 inserted transaction 82394883480
2026-05-29 22:53:50,684 INFO sms_id=1622 inserted transaction 2469
2026-05-29 22:53:50,686 INFO sms_id=1623 inserted transaction 2470
2026-05-29 22:53:50,688 INFO sms_id=1624 inserted transaction 2471
2026-05-29 22:53:50,691 INFO sms_id=1625 inserted transaction 93254937757
2026-05-29 22:53:50,693 INFO sms_id=1626 inserted transaction 2472
2026-05-29 22:53:50,695 INFO sms_id=1627 inserted transaction 2473
2026-05-29 22:53:50,698 INFO sms_id=1628 inserted transaction 17868470140
2026-05-29 22:53:50,700 INFO sms_id=1629 inserted transaction 2474
2026-05-29 22:53:50,702 INFO sms_id=1630 inserted transaction 2475
2026-05-29 22:53:50,705 INFO sms_id=1631 inserted transaction 31144936614
2026-05-29 22:53:50,708 INFO sms_id=1632 inserted transaction 47955567230
2026-05-29 22:53:50,711 INFO sms_id=1633 inserted transaction 51461434870
2026-05-29 22:53:50,713 INFO sms_id=1634 inserted transaction 2476
2026-05-29 22:53:50,715 INFO sms_id=1635 inserted transaction 2477
2026-05-29 22:53:50,718 INFO sms_id=1636 inserted transaction 31288108568
2026-05-29 22:53:50,721 INFO sms_id=1637 inserted transaction 26095846303
2026-05-29 22:53:50,724 INFO sms_id=1638 inserted transaction 2478
2026-05-29 22:53:50,727 INFO sms_id=1639 inserted transaction 29138578472
2026-05-29 22:53:50,730 INFO sms_id=1640 inserted transaction 42047000517
2026-05-29 22:53:50,733 INFO sms_id=1641 inserted transaction 93141088379
2026-05-29 22:53:50,735 INFO sms_id=1642 inserted transaction 2479
2026-05-29 22:53:50,737 INFO sms_id=1643 inserted transaction 2480
2026-05-29 22:53:50,740 INFO sms_id=1644 inserted transaction 50185533867
2026-05-29 22:53:50,743 INFO sms_id=1645 inserted transaction 30614825696
2026-05-29 22:53:50,745 INFO sms_id=1646 inserted transaction 2481
2026-05-29 22:53:50,747 INFO sms_id=1647 inserted transaction 2482
2026-05-29 22:53:50,750 INFO sms_id=1648 inserted transaction 2483
2026-05-29 22:53:50,753 INFO sms_id=1649 inserted transaction 12490495576
2026-05-29 22:53:50,756 INFO sms_id=1650 inserted transaction 2484
2026-05-29 22:53:50,759 INFO sms_id=1651 inserted transaction 64907673038
2026-05-29 22:53:50,761 INFO sms_id=1652 inserted transaction 32539170420
2026-05-29 22:53:50,764 INFO sms_id=1653 inserted transaction 2485
2026-05-29 22:53:50,767 INFO sms_id=1654 inserted transaction 78103204977
2026-05-29 22:53:50,770 INFO sms_id=1655 inserted transaction 31387192219
2026-05-29 22:53:50,773 INFO sms_id=1656 inserted transaction 57476994247
2026-05-29 22:53:50,776 INFO sms_id=1657 inserted transaction 2486
2026-05-29 22:53:50,778 INFO sms_id=1658 inserted transaction 2487
2026-05-29 22:53:50,781 INFO sms_id=1659 inserted transaction 98632277447
2026-05-29 22:53:50,784 INFO sms_id=1660 inserted transaction 40588162053
2026-05-29 22:53:50,786 INFO sms_id=1661 inserted transaction 29067172393
2026-05-29 22:53:50,788 INFO sms_id=1662 inserted transaction 2488
2026-05-29 22:53:50,792 INFO sms_id=1663 inserted transaction 45609632088
2026-05-29 22:53:50,795 INFO sms_id=1664 inserted transaction 85530195772
2026-05-29 22:53:50,798 INFO sms_id=1665 inserted transaction 2489
2026-05-29 22:53:50,802 INFO sms_id=1666 inserted transaction 44937760731
2026-05-29 22:53:50,805 INFO sms_id=1667 inserted transaction 65965699498
2026-05-29 22:53:50,808 INFO sms_id=1668 inserted transaction 81626212197
2026-05-29 22:53:50,811 INFO sms_id=1669 inserted transaction 22829152838
2026-05-29 22:53:50,814 INFO sms_id=1670 inserted transaction 2490
2026-05-29 22:53:50,816 INFO sms_id=1671 inserted transaction 18044804543
2026-05-29 22:53:50,820 INFO sms_id=1672 inserted transaction 2491
2026-05-29 22:53:50,823 INFO sms_id=1673 inserted transaction 52225700417
2026-05-29 22:53:50,825 INFO sms_id=1674 inserted transaction 2492
2026-05-29 22:53:50,828 INFO sms_id=1675 inserted transaction 31581671113
2026-05-29 22:53:50,832 INFO sms_id=1676 inserted transaction 88289015616
2026-05-29 22:53:50,835 INFO sms_id=1677 inserted transaction 18064613724
2026-05-29 22:53:50,837 WARNING sms_id=1678 unrecognized transaction type
2026-05-29 22:53:50,840 INFO sms_id=1679 inserted transaction 2493
2026-05-29 22:53:50,842 INFO sms_id=1680 inserted transaction 2494
2026-05-29 22:53:50,846 INFO sms_id=1681 inserted transaction 33961366964
2026-05-29 22:53:50,849 INFO sms_id=1682 inserted transaction 2495
2026-05-29 22:53:50,852 INFO sms_id=1683 inserted transaction 36439238929
2026-05-29 22:53:50,855 INFO sms_id=1684 inserted transaction 18087757600
2026-05-29 22:53:50,858 INFO sms_id=1685 inserted transaction 30801532894
2026-05-29 22:53:50,862 INFO sms_id=1686 inserted transaction 55109401801
2026-05-29 22:53:50,864 INFO sms_id=1687 inserted transaction 2496
2026-05-29 22:53:50,867 INFO sms_id=1688 inserted transaction 2497
2026-05-29 22:53:50,871 INFO sms_id=1689 inserted transaction 26811810649
2026-05-29 22:53:50,874 INFO sms_id=1690 inserted transaction 51350491173
2026-05-29 22:53:50,877 INFO sms_id=1691 inserted transaction 37832903831
2026-05-29 22:53:50,878 INFO Committed final batch size=191 inserted=190 skipped_unknown=1 skipped_invalid=0 failed=0
2026-05-29 22:53:50,879 INFO Batch processing complete
2026-05-29 22:53:50,911 INFO Wrote parsed JSON to /home/success/Documents/Team10_momo-etl-dashboard/data/processed/dashboard.json
2026-05-29 22:53:50,911 INFO Summary total=1691 inserted=1658 skipped_unknown=33 skipped_invalid=0 failed=0
2026-05-30 11:53:30,602 INFO XML import started. Total SMS records: 1691
2026-05-30 11:53:30,628 INFO sms_id=1 inserted transaction 76662021700
2026-05-30 11:53:30,633 INFO sms_id=2 inserted transaction 73214484437
2026-05-30 11:53:30,638 INFO sms_id=3 inserted transaction 51732411227
2026-05-30 11:53:30,642 INFO sms_id=4 inserted transaction 2498
2026-05-30 11:53:30,646 INFO sms_id=5 inserted transaction 17818959211
2026-05-30 11:53:30,649 INFO sms_id=6 inserted transaction 2499
2026-05-30 11:53:30,653 INFO sms_id=7 inserted transaction 2500
2026-05-30 11:53:30,658 INFO sms_id=8 inserted transaction 13913173274
2026-05-30 11:53:30,663 INFO sms_id=9 inserted transaction 45434420466
2026-05-30 11:53:30,668 INFO sms_id=10 inserted transaction 82113964658
2026-05-30 11:53:30,672 INFO sms_id=11 inserted transaction 26614842768
2026-05-30 11:53:30,677 INFO sms_id=12 inserted transaction 70497610538
2026-05-30 11:53:30,681 INFO sms_id=13 inserted transaction 2501
2026-05-30 11:53:30,684 INFO sms_id=14 inserted transaction 2502
2026-05-30 11:53:30,687 INFO sms_id=15 inserted transaction 2503
2026-05-30 11:53:30,690 INFO sms_id=16 inserted transaction 2504
2026-05-30 11:53:30,693 INFO sms_id=17 inserted transaction 2505
2026-05-30 11:53:30,696 INFO sms_id=18 inserted transaction 2506
2026-05-30 11:53:30,698 INFO sms_id=19 inserted transaction 2507
2026-05-30 11:53:30,701 INFO sms_id=20 inserted transaction 2508
2026-05-30 11:53:30,705 INFO sms_id=21 inserted transaction 43668074924
2026-05-30 11:53:30,710 INFO sms_id=22 inserted transaction 13947831685
2026-05-30 11:53:30,717 INFO sms_id=23 inserted transaction 24227321992
2026-05-30 11:53:30,722 INFO sms_id=24 inserted transaction 18249226395
2026-05-30 11:53:30,725 INFO sms_id=25 inserted transaction 2509
2026-05-30 11:53:30,730 INFO sms_id=26 inserted transaction 98755359894
2026-05-30 11:53:30,734 INFO sms_id=27 inserted transaction 2510
2026-05-30 11:53:30,738 INFO sms_id=28 inserted transaction 2511
2026-05-30 11:53:30,743 INFO sms_id=29 inserted transaction 65789139357
2026-05-30 11:53:30,746 INFO sms_id=30 inserted transaction 2512
2026-05-30 11:53:30,749 INFO sms_id=31 inserted transaction 2513
2026-05-30 11:53:30,753 INFO sms_id=32 inserted transaction 2514
2026-05-30 11:53:30,756 INFO sms_id=33 inserted transaction 2515
2026-05-30 11:53:30,761 INFO sms_id=34 inserted transaction 16913786322
2026-05-30 11:53:30,763 INFO sms_id=35 inserted transaction 2516
2026-05-30 11:53:30,766 INFO sms_id=36 inserted transaction 2517
2026-05-30 11:53:30,771 INFO sms_id=37 inserted transaction 2518
2026-05-30 11:53:30,776 INFO sms_id=38 inserted transaction 30173936259
2026-05-30 11:53:30,780 INFO sms_id=39 inserted transaction 2519
2026-05-30 11:53:30,784 INFO sms_id=40 inserted transaction 38084447123
2026-05-30 11:53:30,789 INFO sms_id=41 inserted transaction 45738348638
2026-05-30 11:53:30,792 INFO sms_id=42 inserted transaction 2520
2026-05-30 11:53:30,796 INFO sms_id=43 inserted transaction 32894434269
2026-05-30 11:53:30,799 INFO sms_id=44 inserted transaction 2521
2026-05-30 11:53:30,802 INFO sms_id=45 inserted transaction 2522
2026-05-30 11:53:30,805 INFO sms_id=46 inserted transaction 2523
2026-05-30 11:53:30,808 INFO sms_id=47 inserted transaction 2524
2026-05-30 11:53:30,811 INFO sms_id=48 inserted transaction 2525
2026-05-30 11:53:30,814 INFO sms_id=49 inserted transaction 2526
2026-05-30 11:53:30,817 INFO sms_id=50 inserted transaction 2527
2026-05-30 11:53:30,821 INFO sms_id=51 inserted transaction 2528
2026-05-30 11:53:30,826 INFO sms_id=52 inserted transaction 61189493387
2026-05-30 11:53:30,831 INFO sms_id=53 inserted transaction 37467134419
2026-05-30 11:53:30,834 INFO sms_id=54 inserted transaction 2529
2026-05-30 11:53:30,838 INFO sms_id=55 inserted transaction 2530
2026-05-30 11:53:30,843 INFO sms_id=56 inserted transaction 12131092250
2026-05-30 11:53:30,848 INFO sms_id=57 inserted transaction 35617026753
2026-05-30 11:53:30,853 INFO sms_id=58 inserted transaction 2531
2026-05-30 11:53:30,858 INFO sms_id=59 inserted transaction 2532
2026-05-30 11:53:30,862 INFO sms_id=60 inserted transaction 59168184137
2026-05-30 11:53:30,865 INFO sms_id=61 inserted transaction 47570656030
2026-05-30 11:53:30,867 INFO sms_id=62 inserted transaction 2533
2026-05-30 11:53:30,870 INFO sms_id=63 inserted transaction 95960893947
2026-05-30 11:53:30,872 INFO sms_id=64 inserted transaction 2534
2026-05-30 11:53:30,874 INFO sms_id=65 inserted transaction 2535
2026-05-30 11:53:30,878 INFO sms_id=66 inserted transaction 43786042083
2026-05-30 11:53:30,882 INFO sms_id=67 inserted transaction 51199793551
2026-05-30 11:53:30,886 INFO sms_id=68 inserted transaction 90057863776
2026-05-30 11:53:30,888 INFO sms_id=69 inserted transaction 2536
2026-05-30 11:53:30,890 WARNING sms_id=70 category code missing in DB: WITHDRAWAL
2026-05-30 11:53:30,894 INFO sms_id=71 inserted transaction 2537
2026-05-30 11:53:30,896 WARNING sms_id=72 unrecognized transaction type
2026-05-30 11:53:30,899 WARNING sms_id=73 unrecognized transaction type
2026-05-30 11:53:30,903 WARNING sms_id=74 unrecognized transaction type
2026-05-30 11:53:30,907 INFO sms_id=75 inserted transaction 14103506143
2026-05-30 11:53:30,911 INFO sms_id=76 inserted transaction 2538
2026-05-30 11:53:30,913 WARNING sms_id=77 unrecognized transaction type
2026-05-30 11:53:30,916 INFO sms_id=78 inserted transaction 2539
2026-05-30 11:53:30,919 INFO sms_id=79 inserted transaction 2540
2026-05-30 11:53:30,923 INFO sms_id=80 inserted transaction 2541
2026-05-30 11:53:30,925 WARNING sms_id=81 unrecognized transaction type
2026-05-30 11:53:30,929 INFO sms_id=82 inserted transaction 2542
2026-05-30 11:53:30,933 INFO sms_id=83 inserted transaction 65035082869
2026-05-30 11:53:30,939 INFO sms_id=84 inserted transaction 23112980564
2026-05-30 11:53:30,942 INFO sms_id=85 inserted transaction 2543
2026-05-30 11:53:30,947 INFO sms_id=86 inserted transaction 97391079490
2026-05-30 11:53:30,954 INFO sms_id=87 inserted transaction 2544
2026-05-30 11:53:30,957 WARNING sms_id=88 unrecognized transaction type
2026-05-30 11:53:30,960 INFO sms_id=89 inserted transaction 14121530824
2026-05-30 11:53:30,963 INFO sms_id=90 inserted transaction 2545
2026-05-30 11:53:30,966 INFO sms_id=91 inserted transaction 2546
2026-05-30 11:53:30,972 INFO sms_id=92 inserted transaction 28021128029
2026-05-30 11:53:30,978 INFO sms_id=93 inserted transaction 90281203550
2026-05-30 11:53:30,982 INFO sms_id=94 inserted transaction 2547
2026-05-30 11:53:30,985 INFO sms_id=95 inserted transaction 2548
2026-05-30 11:53:30,988 INFO sms_id=96 inserted transaction 2549
2026-05-30 11:53:30,991 INFO sms_id=97 inserted transaction 2550
2026-05-30 11:53:30,995 INFO sms_id=98 inserted transaction 59054859038
2026-05-30 11:53:30,998 INFO sms_id=99 inserted transaction 2551
2026-05-30 11:53:31,002 INFO sms_id=100 inserted transaction 2552
2026-05-30 11:53:31,010 INFO sms_id=101 inserted transaction 2553
2026-05-30 11:53:31,014 INFO sms_id=102 inserted transaction 49894890981
2026-05-30 11:53:31,019 INFO sms_id=103 inserted transaction 36362293540
2026-05-30 11:53:31,022 INFO sms_id=104 inserted transaction 2554
2026-05-30 11:53:31,028 INFO sms_id=105 inserted transaction 2555
2026-05-30 11:53:31,030 INFO sms_id=106 inserted transaction 2556
2026-05-30 11:53:31,033 INFO sms_id=107 inserted transaction 2557
2026-05-30 11:53:31,036 INFO sms_id=108 inserted transaction 2558
2026-05-30 11:53:31,039 INFO sms_id=109 inserted transaction 38069282043
2026-05-30 11:53:31,042 INFO sms_id=110 inserted transaction 2559
2026-05-30 11:53:31,050 INFO sms_id=111 inserted transaction 66215693108
2026-05-30 11:53:31,056 INFO sms_id=112 inserted transaction 37706238756
2026-05-30 11:53:31,059 INFO sms_id=113 inserted transaction 2560
2026-05-30 11:53:31,064 INFO sms_id=114 inserted transaction 22989641020
2026-05-30 11:53:31,066 INFO sms_id=115 inserted transaction 2561
2026-05-30 11:53:31,070 INFO sms_id=116 inserted transaction 2562
2026-05-30 11:53:31,074 INFO sms_id=117 inserted transaction 28025360855
2026-05-30 11:53:31,077 INFO sms_id=118 inserted transaction 2563
2026-05-30 11:53:31,080 INFO sms_id=119 inserted transaction 2564
2026-05-30 11:53:31,084 INFO sms_id=120 inserted transaction 32615649069
2026-05-30 11:53:31,086 INFO sms_id=121 inserted transaction 2565
2026-05-30 11:53:31,089 INFO sms_id=122 inserted transaction 2566
2026-05-30 11:53:31,091 INFO sms_id=123 inserted transaction 2567
2026-05-30 11:53:31,094 INFO sms_id=124 inserted transaction 2568
2026-05-30 11:53:31,097 INFO sms_id=125 inserted transaction 2569
2026-05-30 11:53:31,103 INFO sms_id=126 inserted transaction 21910499837
2026-05-30 11:53:31,106 INFO sms_id=127 inserted transaction 40412577651
2026-05-30 11:53:31,110 INFO sms_id=128 inserted transaction 44021806588
2026-05-30 11:53:31,112 INFO sms_id=129 inserted transaction 2570
2026-05-30 11:53:31,114 INFO sms_id=130 inserted transaction 70782527436
2026-05-30 11:53:31,116 INFO sms_id=131 inserted transaction 15037119744
2026-05-30 11:53:31,118 INFO sms_id=132 inserted transaction 2571
2026-05-30 11:53:31,120 INFO sms_id=133 inserted transaction 2572
2026-05-30 11:53:31,121 INFO sms_id=134 inserted transaction 2573
2026-05-30 11:53:31,124 INFO sms_id=135 inserted transaction 2574
2026-05-30 11:53:31,127 INFO sms_id=136 inserted transaction 25107231114
2026-05-30 11:53:31,130 INFO sms_id=137 inserted transaction 2575
2026-05-30 11:53:31,134 INFO sms_id=138 inserted transaction 2576
2026-05-30 11:53:31,137 INFO sms_id=139 inserted transaction 2577
2026-05-30 11:53:31,141 INFO sms_id=140 inserted transaction 2578
2026-05-30 11:53:31,144 INFO sms_id=141 inserted transaction 19727516208
2026-05-30 11:53:31,147 INFO sms_id=142 inserted transaction 2579
2026-05-30 11:53:31,152 INFO sms_id=143 inserted transaction 2580
2026-05-30 11:53:31,155 INFO sms_id=144 inserted transaction 2581
2026-05-30 11:53:31,158 INFO sms_id=145 inserted transaction 2582
2026-05-30 11:53:31,163 INFO sms_id=146 inserted transaction 14262449979
2026-05-30 11:53:31,166 INFO sms_id=147 inserted transaction 2583
2026-05-30 11:53:31,168 INFO sms_id=148 inserted transaction 2584
2026-05-30 11:53:31,172 INFO sms_id=149 inserted transaction 36046721654
2026-05-30 11:53:31,175 INFO sms_id=150 inserted transaction 14264876273
2026-05-30 11:53:31,178 INFO sms_id=151 inserted transaction 2585
2026-05-30 11:53:31,180 INFO sms_id=152 inserted transaction 2586
2026-05-30 11:53:31,184 INFO sms_id=153 inserted transaction 41002852845
2026-05-30 11:53:31,187 INFO sms_id=154 inserted transaction 2587
2026-05-30 11:53:31,191 INFO sms_id=155 inserted transaction 2588
2026-05-30 11:53:31,194 INFO sms_id=156 inserted transaction 2589
2026-05-30 11:53:31,198 INFO sms_id=157 inserted transaction 2590
2026-05-30 11:53:31,200 INFO sms_id=158 inserted transaction 2591
2026-05-30 11:53:31,205 INFO sms_id=159 inserted transaction 14303889432
2026-05-30 11:53:31,208 INFO sms_id=160 inserted transaction 14304661948
2026-05-30 11:53:31,210 WARNING sms_id=161 unrecognized transaction type
2026-05-30 11:53:31,214 INFO sms_id=162 inserted transaction 14324965479
2026-05-30 11:53:31,216 INFO sms_id=163 inserted transaction 2592
2026-05-30 11:53:31,219 INFO sms_id=164 inserted transaction 2593
2026-05-30 11:53:31,223 INFO sms_id=165 inserted transaction 2594
2026-05-30 11:53:31,226 INFO sms_id=166 inserted transaction 2595
2026-05-30 11:53:31,229 INFO sms_id=167 inserted transaction 2596
2026-05-30 11:53:31,232 INFO sms_id=168 inserted transaction 2597
2026-05-30 11:53:31,234 INFO sms_id=169 inserted transaction 2598
2026-05-30 11:53:31,236 INFO sms_id=170 inserted transaction 2599
2026-05-30 11:53:31,238 INFO sms_id=171 inserted transaction 2600
2026-05-30 11:53:31,242 INFO sms_id=172 inserted transaction 94257743617
2026-05-30 11:53:31,245 INFO sms_id=173 inserted transaction 2601
2026-05-30 11:53:31,249 INFO sms_id=174 inserted transaction 2602
2026-05-30 11:53:31,253 INFO sms_id=175 inserted transaction 28563784569
2026-05-30 11:53:31,256 INFO sms_id=176 inserted transaction 16877151789
2026-05-30 11:53:31,259 INFO sms_id=177 inserted transaction 2603
2026-05-30 11:53:31,261 INFO sms_id=178 inserted transaction 2604
2026-05-30 11:53:31,264 INFO sms_id=179 inserted transaction 2605
2026-05-30 11:53:31,267 INFO sms_id=180 inserted transaction 2606
2026-05-30 11:53:31,272 INFO sms_id=181 inserted transaction 49766645414
2026-05-30 11:53:31,275 INFO sms_id=182 inserted transaction 91799715733
2026-05-30 11:53:31,280 INFO sms_id=183 inserted transaction 42326639460
2026-05-30 11:53:31,283 INFO sms_id=184 inserted transaction 2607
2026-05-30 11:53:31,286 INFO sms_id=185 inserted transaction 2608
2026-05-30 11:53:31,290 INFO sms_id=186 inserted transaction 2609
2026-05-30 11:53:31,294 INFO sms_id=187 inserted transaction 18893569803
2026-05-30 11:53:31,298 INFO sms_id=188 inserted transaction 2610
2026-05-30 11:53:31,301 INFO sms_id=189 inserted transaction 2611
2026-05-30 11:53:31,304 INFO sms_id=190 inserted transaction 2612
2026-05-30 11:53:31,306 INFO sms_id=191 inserted transaction 2613
2026-05-30 11:53:31,309 INFO sms_id=192 inserted transaction 14366722236
2026-05-30 11:53:31,312 INFO sms_id=193 inserted transaction 10809435113
2026-05-30 11:53:31,315 INFO sms_id=194 inserted transaction 97328486237
2026-05-30 11:53:31,318 INFO sms_id=195 inserted transaction 2614
2026-05-30 11:53:31,321 INFO sms_id=196 inserted transaction 20564153955
2026-05-30 11:53:31,324 INFO sms_id=197 inserted transaction 31051483102
2026-05-30 11:53:31,326 INFO sms_id=198 inserted transaction 2615
2026-05-30 11:53:31,328 INFO sms_id=199 inserted transaction 2616
2026-05-30 11:53:31,331 INFO sms_id=200 inserted transaction 17481776844
2026-05-30 11:53:31,333 INFO sms_id=201 inserted transaction 2617
2026-05-30 11:53:31,337 INFO sms_id=202 inserted transaction 63344530197
2026-05-30 11:53:31,339 INFO sms_id=203 inserted transaction 2618
2026-05-30 11:53:31,341 INFO sms_id=204 inserted transaction 2619
2026-05-30 11:53:31,344 INFO sms_id=205 inserted transaction 2620
2026-05-30 11:53:31,346 INFO sms_id=206 inserted transaction 2621
2026-05-30 11:53:31,350 INFO sms_id=207 inserted transaction 99134996997
2026-05-30 11:53:31,353 INFO sms_id=208 inserted transaction 2622
2026-05-30 11:53:31,357 INFO sms_id=209 inserted transaction 96723699988
2026-05-30 11:53:31,359 INFO sms_id=210 inserted transaction 2623
2026-05-30 11:53:31,361 INFO sms_id=211 inserted transaction 2624
2026-05-30 11:53:31,365 INFO sms_id=212 inserted transaction 16545003631
2026-05-30 11:53:31,369 INFO sms_id=213 inserted transaction 61557468875
2026-05-30 11:53:31,372 INFO sms_id=214 inserted transaction 2625
2026-05-30 11:53:31,374 INFO sms_id=215 inserted transaction 2626
2026-05-30 11:53:31,378 INFO sms_id=216 inserted transaction 81945111303
2026-05-30 11:53:31,382 INFO sms_id=217 inserted transaction 14392932831
2026-05-30 11:53:31,387 INFO sms_id=218 inserted transaction 59979980024
2026-05-30 11:53:31,389 INFO sms_id=219 inserted transaction 2627
2026-05-30 11:53:31,392 INFO sms_id=220 inserted transaction 2628
2026-05-30 11:53:31,394 INFO sms_id=221 inserted transaction 2629
2026-05-30 11:53:31,398 INFO sms_id=222 inserted transaction 2630
2026-05-30 11:53:31,402 INFO sms_id=223 inserted transaction 2631
2026-05-30 11:53:31,405 INFO sms_id=224 inserted transaction 2632
2026-05-30 11:53:31,409 INFO sms_id=225 inserted transaction 14404189056
2026-05-30 11:53:31,414 INFO sms_id=226 inserted transaction 77021305535
2026-05-30 11:53:31,421 INFO sms_id=227 inserted transaction 14405681742
2026-05-30 11:53:31,424 INFO sms_id=228 inserted transaction 59491550845
2026-05-30 11:53:31,427 INFO sms_id=229 inserted transaction 2633
2026-05-30 11:53:31,432 INFO sms_id=230 inserted transaction 14412904724
2026-05-30 11:53:31,436 INFO sms_id=231 inserted transaction 2634
2026-05-30 11:53:31,440 INFO sms_id=232 inserted transaction 14413610551
2026-05-30 11:53:31,444 INFO sms_id=233 inserted transaction 19524019964
2026-05-30 11:53:31,448 INFO sms_id=234 inserted transaction 2635
2026-05-30 11:53:31,451 INFO sms_id=235 inserted transaction 2636
2026-05-30 11:53:31,455 INFO sms_id=236 inserted transaction 2637
2026-05-30 11:53:31,458 INFO sms_id=237 inserted transaction 23764987164
2026-05-30 11:53:31,462 INFO sms_id=238 inserted transaction 41741931224
2026-05-30 11:53:31,467 INFO sms_id=239 inserted transaction 2638
2026-05-30 11:53:31,471 INFO sms_id=240 inserted transaction 2639
2026-05-30 11:53:31,474 INFO sms_id=241 inserted transaction 2640
2026-05-30 11:53:31,477 INFO sms_id=242 inserted transaction 2641
2026-05-30 11:53:31,481 INFO sms_id=243 inserted transaction 2642
2026-05-30 11:53:31,485 INFO sms_id=244 inserted transaction 81779365319
2026-05-30 11:53:31,488 INFO sms_id=245 inserted transaction 2643
2026-05-30 11:53:31,493 INFO sms_id=246 inserted transaction 12093489080
2026-05-30 11:53:31,498 INFO sms_id=247 inserted transaction 10919892030
2026-05-30 11:53:31,503 INFO sms_id=248 inserted transaction 43960900475
2026-05-30 11:53:31,506 INFO sms_id=249 inserted transaction 2644
2026-05-30 11:53:31,509 INFO sms_id=250 inserted transaction 92393353015
2026-05-30 11:53:31,514 INFO sms_id=251 inserted transaction 70015105006
2026-05-30 11:53:31,519 INFO sms_id=252 inserted transaction 11901062453
2026-05-30 11:53:31,521 WARNING sms_id=253 unrecognized transaction type
2026-05-30 11:53:31,525 INFO sms_id=254 inserted transaction 14443130677
2026-05-30 11:53:31,530 INFO sms_id=255 inserted transaction 63115508240
2026-05-30 11:53:31,534 INFO sms_id=256 inserted transaction 2645
2026-05-30 11:53:31,537 INFO sms_id=257 inserted transaction 2646
2026-05-30 11:53:31,539 INFO sms_id=258 inserted transaction 2647
2026-05-30 11:53:31,542 INFO sms_id=259 inserted transaction 2648
2026-05-30 11:53:31,547 INFO sms_id=260 inserted transaction 90311838363
2026-05-30 11:53:31,553 INFO sms_id=261 inserted transaction 65472821949
2026-05-30 11:53:31,557 INFO sms_id=262 inserted transaction 14469963984
2026-05-30 11:53:31,560 INFO sms_id=263 inserted transaction 2649
2026-05-30 11:53:31,564 INFO sms_id=264 inserted transaction 2650
2026-05-30 11:53:31,569 INFO sms_id=265 inserted transaction 18526546570
2026-05-30 11:53:31,573 INFO sms_id=266 inserted transaction 90823104833
2026-05-30 11:53:31,576 INFO sms_id=267 inserted transaction 94029377235
2026-05-30 11:53:31,580 INFO sms_id=268 inserted transaction 2651
2026-05-30 11:53:31,583 INFO sms_id=269 inserted transaction 2652
2026-05-30 11:53:31,587 INFO sms_id=270 inserted transaction 38074910818
2026-05-30 11:53:31,590 INFO sms_id=271 inserted transaction 2653
2026-05-30 11:53:31,593 INFO sms_id=272 inserted transaction 2654
2026-05-30 11:53:31,596 INFO sms_id=273 inserted transaction 43333418094
2026-05-30 11:53:31,599 INFO sms_id=274 inserted transaction 2655
2026-05-30 11:53:31,603 INFO sms_id=275 inserted transaction 43349533054
2026-05-30 11:53:31,606 INFO sms_id=276 inserted transaction 2656
2026-05-30 11:53:31,609 INFO sms_id=277 inserted transaction 72288050689
2026-05-30 11:53:31,611 INFO sms_id=278 inserted transaction 12723317674
2026-05-30 11:53:31,615 INFO sms_id=279 inserted transaction 29081551536
2026-05-30 11:53:31,617 INFO sms_id=280 inserted transaction 2657
2026-05-30 11:53:31,619 INFO sms_id=281 inserted transaction 2658
2026-05-30 11:53:31,622 INFO sms_id=282 inserted transaction 55981011420
2026-05-30 11:53:31,624 INFO sms_id=283 inserted transaction 2659
2026-05-30 11:53:31,626 INFO sms_id=284 inserted transaction 2660
2026-05-30 11:53:31,631 INFO sms_id=285 inserted transaction 67456128847
2026-05-30 11:53:31,635 INFO sms_id=286 inserted transaction 2661
2026-05-30 11:53:31,638 INFO sms_id=287 inserted transaction 2662
2026-05-30 11:53:31,641 INFO sms_id=288 inserted transaction 2663
2026-05-30 11:53:31,645 INFO sms_id=289 inserted transaction 45238324104
2026-05-30 11:53:31,650 INFO sms_id=290 inserted transaction 31373267832
2026-05-30 11:53:31,653 INFO sms_id=291 inserted transaction 2664
2026-05-30 11:53:31,657 INFO sms_id=292 inserted transaction 2665
2026-05-30 11:53:31,661 INFO sms_id=293 inserted transaction 99439041781
2026-05-30 11:53:31,665 INFO sms_id=294 inserted transaction 2666
2026-05-30 11:53:31,669 INFO sms_id=295 inserted transaction 91628513434
2026-05-30 11:53:31,672 INFO sms_id=296 inserted transaction 2667
2026-05-30 11:53:31,674 INFO sms_id=297 inserted transaction 2668
2026-05-30 11:53:31,677 INFO sms_id=298 inserted transaction 2669
2026-05-30 11:53:31,682 INFO sms_id=299 inserted transaction 95997298432
2026-05-30 11:53:31,686 INFO sms_id=300 inserted transaction 2670
2026-05-30 11:53:31,688 INFO Committed batch size=300 inserted=291 skipped_unknown=9 skipped_invalid=0 failed=0
2026-05-30 11:53:31,690 INFO sms_id=301 inserted transaction 93272208136
2026-05-30 11:53:31,693 INFO sms_id=302 inserted transaction 2671
2026-05-30 11:53:31,698 INFO sms_id=303 inserted transaction 76500239822
2026-05-30 11:53:31,701 INFO sms_id=304 inserted transaction 2672
2026-05-30 11:53:31,703 INFO sms_id=305 inserted transaction 2673
2026-05-30 11:53:31,707 INFO sms_id=306 inserted transaction 62680813443
2026-05-30 11:53:31,710 INFO sms_id=307 inserted transaction 60128198918
2026-05-30 11:53:31,713 INFO sms_id=308 inserted transaction 2674
2026-05-30 11:53:31,717 INFO sms_id=309 inserted transaction 45944658885
2026-05-30 11:53:31,721 INFO sms_id=310 inserted transaction 95262102019
2026-05-30 11:53:31,725 INFO sms_id=311 inserted transaction 2675
2026-05-30 11:53:31,729 INFO sms_id=312 inserted transaction 2676
2026-05-30 11:53:31,734 INFO sms_id=313 inserted transaction 2677
2026-05-30 11:53:31,738 INFO sms_id=314 inserted transaction 87006296823
2026-05-30 11:53:31,741 INFO sms_id=315 inserted transaction 2678
2026-05-30 11:53:31,744 INFO sms_id=316 inserted transaction 2679
2026-05-30 11:53:31,749 INFO sms_id=317 inserted transaction 2680
2026-05-30 11:53:31,754 INFO sms_id=318 inserted transaction 14540224719
2026-05-30 11:53:31,757 INFO sms_id=319 inserted transaction 2681
2026-05-30 11:53:31,762 INFO sms_id=320 inserted transaction 31576470196
2026-05-30 11:53:31,766 INFO sms_id=321 inserted transaction 2682
2026-05-30 11:53:31,770 INFO sms_id=322 inserted transaction 73458718592
2026-05-30 11:53:31,773 INFO sms_id=323 inserted transaction 38607418037
2026-05-30 11:53:31,775 INFO sms_id=324 inserted transaction 2683
2026-05-30 11:53:31,779 INFO sms_id=325 inserted transaction 74528093189
2026-05-30 11:53:31,784 INFO sms_id=326 inserted transaction 14551117248
2026-05-30 11:53:31,788 INFO sms_id=327 inserted transaction 2684
2026-05-30 11:53:31,792 INFO sms_id=328 inserted transaction 2685
2026-05-30 11:53:31,794 INFO sms_id=329 inserted transaction 2686
2026-05-30 11:53:31,799 INFO sms_id=330 inserted transaction 2687
2026-05-30 11:53:31,804 INFO sms_id=331 inserted transaction 36124196268
2026-05-30 11:53:31,808 INFO sms_id=332 inserted transaction 2688
2026-05-30 11:53:31,810 INFO sms_id=333 inserted transaction 12278530897
2026-05-30 11:53:31,813 INFO sms_id=334 inserted transaction 2689
2026-05-30 11:53:31,816 INFO sms_id=335 inserted transaction 2690
2026-05-30 11:53:31,819 INFO sms_id=336 inserted transaction 2691
2026-05-30 11:53:31,823 INFO sms_id=337 inserted transaction 14568668252
2026-05-30 11:53:31,825 INFO sms_id=338 inserted transaction 14569120894
2026-05-30 11:53:31,827 WARNING sms_id=339 unrecognized transaction type
2026-05-30 11:53:31,831 INFO sms_id=340 inserted transaction 2692
2026-05-30 11:53:31,836 INFO sms_id=341 inserted transaction 80699538135
2026-05-30 11:53:31,839 INFO sms_id=342 inserted transaction 2693
2026-05-30 11:53:31,843 INFO sms_id=343 inserted transaction 14574631016
2026-05-30 11:53:31,847 INFO sms_id=344 inserted transaction 76219803114
2026-05-30 11:53:31,849 INFO sms_id=345 inserted transaction 2694
2026-05-30 11:53:31,852 INFO sms_id=346 inserted transaction 49444119897
2026-05-30 11:53:31,854 INFO sms_id=347 inserted transaction 23617183914
2026-05-30 11:53:31,857 INFO sms_id=348 inserted transaction 77242964085
2026-05-30 11:53:31,859 INFO sms_id=349 inserted transaction 46513194998
2026-05-30 11:53:31,862 INFO sms_id=350 inserted transaction 2695
2026-05-30 11:53:31,865 INFO sms_id=351 inserted transaction 2696
2026-05-30 11:53:31,870 INFO sms_id=352 inserted transaction 91434725399
2026-05-30 11:53:31,873 INFO sms_id=353 inserted transaction 2697
2026-05-30 11:53:31,877 INFO sms_id=354 inserted transaction 92465449198
2026-05-30 11:53:31,882 INFO sms_id=355 inserted transaction 14582579702
2026-05-30 11:53:31,886 INFO sms_id=356 inserted transaction 2698
2026-05-30 11:53:31,888 INFO sms_id=357 inserted transaction 2699
2026-05-30 11:53:31,892 INFO sms_id=358 inserted transaction 73443153836
2026-05-30 11:53:31,895 INFO sms_id=359 inserted transaction 2700
2026-05-30 11:53:31,898 INFO sms_id=360 inserted transaction 2701
2026-05-30 11:53:31,902 INFO sms_id=361 inserted transaction 36547564090
2026-05-30 11:53:31,906 INFO sms_id=362 inserted transaction 74110530634
2026-05-30 11:53:31,912 INFO sms_id=363 inserted transaction 13627937199
2026-05-30 11:53:31,917 INFO sms_id=364 inserted transaction 72441399952
2026-05-30 11:53:31,922 INFO sms_id=365 inserted transaction 61734495932
2026-05-30 11:53:31,925 INFO sms_id=366 inserted transaction 60128358762
2026-05-30 11:53:31,929 INFO sms_id=367 inserted transaction 65198686588
2026-05-30 11:53:31,936 INFO sms_id=368 inserted transaction 74637643766
2026-05-30 11:53:31,940 INFO sms_id=369 inserted transaction 19291503186
2026-05-30 11:53:31,943 INFO sms_id=370 inserted transaction 2702
2026-05-30 11:53:31,947 INFO sms_id=371 inserted transaction 2703
2026-05-30 11:53:31,952 INFO sms_id=372 inserted transaction 89343929108
2026-05-30 11:53:31,956 INFO sms_id=373 inserted transaction 59302716963
2026-05-30 11:53:31,959 INFO sms_id=374 inserted transaction 2704
2026-05-30 11:53:31,964 INFO sms_id=375 inserted transaction 26484890740
2026-05-30 11:53:31,967 INFO sms_id=376 inserted transaction 2705
2026-05-30 11:53:31,971 INFO sms_id=377 inserted transaction 28014849597
2026-05-30 11:53:31,973 INFO sms_id=378 inserted transaction 2706
2026-05-30 11:53:31,977 INFO sms_id=379 inserted transaction 2707
2026-05-30 11:53:31,979 INFO sms_id=380 inserted transaction 2708
2026-05-30 11:53:31,983 INFO sms_id=381 inserted transaction 65226318623
2026-05-30 11:53:31,986 INFO sms_id=382 inserted transaction 2709
2026-05-30 11:53:31,989 INFO sms_id=383 inserted transaction 2710
2026-05-30 11:53:31,993 INFO sms_id=384 inserted transaction 26330194128
2026-05-30 11:53:31,996 INFO sms_id=385 inserted transaction 2711
2026-05-30 11:53:31,999 INFO sms_id=386 inserted transaction 2712
2026-05-30 11:53:32,003 INFO sms_id=387 inserted transaction 55580359590
2026-05-30 11:53:32,007 INFO sms_id=388 inserted transaction 2713
2026-05-30 11:53:32,012 INFO sms_id=389 inserted transaction 15722120949
2026-05-30 11:53:32,015 INFO sms_id=390 inserted transaction 2714
2026-05-30 11:53:32,021 INFO sms_id=391 inserted transaction 13515849108
2026-05-30 11:53:32,024 INFO sms_id=392 inserted transaction 2715
2026-05-30 11:53:32,029 INFO sms_id=393 inserted transaction 91762592039
2026-05-30 11:53:32,033 INFO sms_id=394 inserted transaction 10806359835
2026-05-30 11:53:32,039 INFO sms_id=395 inserted transaction 72418341683
2026-05-30 11:53:32,042 INFO sms_id=396 inserted transaction 36585848121
2026-05-30 11:53:32,045 INFO sms_id=397 inserted transaction 2716
2026-05-30 11:53:32,046 INFO sms_id=398 inserted transaction 2717
2026-05-30 11:53:32,049 INFO sms_id=399 inserted transaction 58456925124
2026-05-30 11:53:32,052 INFO sms_id=400 inserted transaction 14628107159
2026-05-30 11:53:32,054 INFO sms_id=401 inserted transaction 52596922232
2026-05-30 11:53:32,058 INFO sms_id=402 inserted transaction 15105279544
2026-05-30 11:53:32,060 INFO sms_id=403 inserted transaction 2718
2026-05-30 11:53:32,062 INFO sms_id=404 inserted transaction 30881509437
2026-05-30 11:53:32,065 INFO sms_id=405 inserted transaction 75410293151
2026-05-30 11:53:32,066 INFO sms_id=406 inserted transaction 2719
2026-05-30 11:53:32,069 INFO sms_id=407 inserted transaction 62824215473
2026-05-30 11:53:32,072 INFO sms_id=408 inserted transaction 2720
2026-05-30 11:53:32,075 INFO sms_id=409 inserted transaction 2721
2026-05-30 11:53:32,077 INFO sms_id=410 inserted transaction 2722
2026-05-30 11:53:32,080 INFO sms_id=411 inserted transaction 2723
2026-05-30 11:53:32,084 INFO sms_id=412 inserted transaction 45688985882
2026-05-30 11:53:32,086 INFO sms_id=413 inserted transaction 16694058718
2026-05-30 11:53:32,088 INFO sms_id=414 inserted transaction 14655104674
2026-05-30 11:53:32,090 WARNING sms_id=415 unrecognized transaction type
2026-05-30 11:53:32,092 INFO sms_id=416 inserted transaction 2724
2026-05-30 11:53:32,094 INFO sms_id=417 inserted transaction 2725
2026-05-30 11:53:32,097 INFO sms_id=418 inserted transaction 99848480430
2026-05-30 11:53:32,101 INFO sms_id=419 inserted transaction 2726
2026-05-30 11:53:32,104 INFO sms_id=420 inserted transaction 2727
2026-05-30 11:53:32,106 INFO sms_id=421 inserted transaction 2728
2026-05-30 11:53:32,110 INFO sms_id=422 inserted transaction 35153028513
2026-05-30 11:53:32,113 INFO sms_id=423 inserted transaction 67511009036
2026-05-30 11:53:32,117 INFO sms_id=424 inserted transaction 34707153443
2026-05-30 11:53:32,120 INFO sms_id=425 inserted transaction 2729
2026-05-30 11:53:32,122 INFO sms_id=426 inserted transaction 2730
2026-05-30 11:53:32,124 INFO sms_id=427 inserted transaction 2731
2026-05-30 11:53:32,126 INFO sms_id=428 inserted transaction 2732
2026-05-30 11:53:32,128 INFO sms_id=429 inserted transaction 2733
2026-05-30 11:53:32,135 INFO sms_id=430 inserted transaction 38508422103
2026-05-30 11:53:32,139 INFO sms_id=431 inserted transaction 34521857854
2026-05-30 11:53:32,141 INFO sms_id=432 inserted transaction 2734
2026-05-30 11:53:32,145 INFO sms_id=433 inserted transaction 41545470202
2026-05-30 11:53:32,147 INFO sms_id=434 inserted transaction 2735
2026-05-30 11:53:32,150 INFO sms_id=435 inserted transaction 2736
2026-05-30 11:53:32,154 INFO sms_id=436 inserted transaction 11475000639
2026-05-30 11:53:32,157 INFO sms_id=437 inserted transaction 2737
2026-05-30 11:53:32,160 INFO sms_id=438 inserted transaction 2738
2026-05-30 11:53:32,164 INFO sms_id=439 inserted transaction 56884759672
2026-05-30 11:53:32,166 INFO sms_id=440 inserted transaction 89252038095
2026-05-30 11:53:32,169 INFO sms_id=441 inserted transaction 2739
2026-05-30 11:53:32,171 INFO sms_id=442 inserted transaction 2740
2026-05-30 11:53:32,174 INFO sms_id=443 inserted transaction 2741
2026-05-30 11:53:32,177 INFO sms_id=444 inserted transaction 78679877816
2026-05-30 11:53:32,179 INFO sms_id=445 inserted transaction 2742
2026-05-30 11:53:32,181 INFO sms_id=446 inserted transaction 2743
2026-05-30 11:53:32,183 INFO sms_id=447 inserted transaction 2744
2026-05-30 11:53:32,187 INFO sms_id=448 inserted transaction 81915290006
2026-05-30 11:53:32,191 INFO sms_id=449 inserted transaction 72699451485
2026-05-30 11:53:32,193 INFO sms_id=450 inserted transaction 2745
2026-05-30 11:53:32,195 INFO sms_id=451 inserted transaction 2746
2026-05-30 11:53:32,197 INFO sms_id=452 inserted transaction 2747
2026-05-30 11:53:32,199 INFO sms_id=453 inserted transaction 2748
2026-05-30 11:53:32,205 INFO sms_id=454 inserted transaction 80209257569
2026-05-30 11:53:32,210 INFO sms_id=455 inserted transaction 98284235113
2026-05-30 11:53:32,214 INFO sms_id=456 inserted transaction 2749
2026-05-30 11:53:32,216 INFO sms_id=457 inserted transaction 84747563706
2026-05-30 11:53:32,218 INFO sms_id=458 inserted transaction 2750
2026-05-30 11:53:32,221 INFO sms_id=459 inserted transaction 2751
2026-05-30 11:53:32,223 INFO sms_id=460 inserted transaction 2752
2026-05-30 11:53:32,227 INFO sms_id=461 inserted transaction 90348213649
2026-05-30 11:53:32,231 INFO sms_id=462 inserted transaction 69649307640
2026-05-30 11:53:32,235 INFO sms_id=463 inserted transaction 53891623812
2026-05-30 11:53:32,241 INFO sms_id=464 inserted transaction 50912955416
2026-05-30 11:53:32,245 INFO sms_id=465 inserted transaction 74932161869
2026-05-30 11:53:32,248 INFO sms_id=466 inserted transaction 12528494674
2026-05-30 11:53:32,253 INFO sms_id=467 inserted transaction 14756781450
2026-05-30 11:53:32,255 WARNING sms_id=468 unrecognized transaction type
2026-05-30 11:53:32,257 INFO sms_id=469 inserted transaction 2753
2026-05-30 11:53:32,260 INFO sms_id=470 inserted transaction 87090810360
2026-05-30 11:53:32,266 INFO sms_id=471 inserted transaction 12980825408
2026-05-30 11:53:32,269 INFO sms_id=472 inserted transaction 2754
2026-05-30 11:53:32,272 INFO sms_id=473 inserted transaction 87304861537
2026-05-30 11:53:32,275 INFO sms_id=474 inserted transaction 16850663914
2026-05-30 11:53:32,278 INFO sms_id=475 inserted transaction 2755
2026-05-30 11:53:32,283 INFO sms_id=476 inserted transaction 85764457767
2026-05-30 11:53:32,287 INFO sms_id=477 inserted transaction 29430841892
2026-05-30 11:53:32,289 INFO sms_id=478 inserted transaction 2756
2026-05-30 11:53:32,291 INFO sms_id=479 inserted transaction 2757
2026-05-30 11:53:32,293 INFO sms_id=480 inserted transaction 2758
2026-05-30 11:53:32,297 INFO sms_id=481 inserted transaction 2759
2026-05-30 11:53:32,301 INFO sms_id=482 inserted transaction 14807754878
2026-05-30 11:53:32,303 INFO sms_id=483 inserted transaction 72553027719
2026-05-30 11:53:32,305 INFO sms_id=484 inserted transaction 2760
2026-05-30 11:53:32,307 INFO sms_id=485 inserted transaction 23386885212
2026-05-30 11:53:32,309 INFO sms_id=486 inserted transaction 2761
2026-05-30 11:53:32,312 INFO sms_id=487 inserted transaction 2762
2026-05-30 11:53:32,316 INFO sms_id=488 inserted transaction 2763
2026-05-30 11:53:32,319 INFO sms_id=489 inserted transaction 44609370529
2026-05-30 11:53:32,322 INFO sms_id=490 inserted transaction 90206827638
2026-05-30 11:53:32,326 INFO sms_id=491 inserted transaction 22146060402
2026-05-30 11:53:32,329 INFO sms_id=492 inserted transaction 52332988443
2026-05-30 11:53:32,333 INFO sms_id=493 inserted transaction 2764
2026-05-30 11:53:32,336 INFO sms_id=494 inserted transaction 2765
2026-05-30 11:53:32,338 INFO sms_id=495 inserted transaction 2766
2026-05-30 11:53:32,339 INFO sms_id=496 inserted transaction 2767
2026-05-30 11:53:32,341 INFO sms_id=497 inserted transaction 2768
2026-05-30 11:53:32,344 INFO sms_id=498 inserted transaction 59668582919
2026-05-30 11:53:32,349 INFO sms_id=499 inserted transaction 89908606372
2026-05-30 11:53:32,352 INFO sms_id=500 inserted transaction 2769
2026-05-30 11:53:32,355 INFO sms_id=501 inserted transaction 2770
2026-05-30 11:53:32,357 INFO sms_id=502 inserted transaction 2771
2026-05-30 11:53:32,359 INFO sms_id=503 inserted transaction 2772
2026-05-30 11:53:32,361 INFO sms_id=504 inserted transaction 2773
2026-05-30 11:53:32,364 INFO sms_id=505 inserted transaction 2774
2026-05-30 11:53:32,367 INFO sms_id=506 inserted transaction 2775
2026-05-30 11:53:32,372 INFO sms_id=507 inserted transaction 46934619518
2026-05-30 11:53:32,375 INFO sms_id=508 inserted transaction 66395034050
2026-05-30 11:53:32,377 INFO sms_id=509 inserted transaction 69887702746
2026-05-30 11:53:32,381 INFO sms_id=510 inserted transaction 2776
2026-05-30 11:53:32,386 INFO sms_id=511 inserted transaction 63310525007
2026-05-30 11:53:32,388 INFO sms_id=512 inserted transaction 95583860245
2026-05-30 11:53:32,391 INFO sms_id=513 inserted transaction 66819031167
2026-05-30 11:53:32,393 INFO sms_id=514 inserted transaction 56567422826
2026-05-30 11:53:32,395 INFO sms_id=515 inserted transaction 2777
2026-05-30 11:53:32,400 INFO sms_id=516 inserted transaction 21105102493
2026-05-30 11:53:32,403 INFO sms_id=517 inserted transaction 2778
2026-05-30 11:53:32,406 INFO sms_id=518 inserted transaction 63176850070
2026-05-30 11:53:32,408 INFO sms_id=519 inserted transaction 2779
2026-05-30 11:53:32,414 INFO sms_id=520 inserted transaction 55265011853
2026-05-30 11:53:32,419 INFO sms_id=521 inserted transaction 2780
2026-05-30 11:53:32,422 INFO sms_id=522 inserted transaction 37017834113
2026-05-30 11:53:32,425 INFO sms_id=523 inserted transaction 2781
2026-05-30 11:53:32,427 INFO sms_id=524 inserted transaction 2782
2026-05-30 11:53:32,434 INFO sms_id=525 inserted transaction 60895608806
2026-05-30 11:53:32,438 INFO sms_id=526 inserted transaction 87797195810
2026-05-30 11:53:32,440 INFO sms_id=527 inserted transaction 2783
2026-05-30 11:53:32,443 INFO sms_id=528 inserted transaction 2784
2026-05-30 11:53:32,445 INFO sms_id=529 inserted transaction 2785
2026-05-30 11:53:32,449 INFO sms_id=530 inserted transaction 21296060708
2026-05-30 11:53:32,451 INFO sms_id=531 inserted transaction 2786
2026-05-30 11:53:32,453 INFO sms_id=532 inserted transaction 2787
2026-05-30 11:53:32,455 INFO sms_id=533 inserted transaction 2788
2026-05-30 11:53:32,456 INFO sms_id=534 inserted transaction 2789
2026-05-30 11:53:32,458 INFO sms_id=535 inserted transaction 2790
2026-05-30 11:53:32,462 INFO sms_id=536 inserted transaction 14909215103
2026-05-30 11:53:32,466 WARNING sms_id=537 unrecognized transaction type
2026-05-30 11:53:32,469 INFO sms_id=538 inserted transaction 2791
2026-05-30 11:53:32,472 INFO sms_id=539 inserted transaction 35751352205
2026-05-30 11:53:32,474 INFO sms_id=540 inserted transaction 2792
2026-05-30 11:53:32,476 INFO sms_id=541 inserted transaction 90362526943
2026-05-30 11:53:32,480 INFO sms_id=542 inserted transaction 41432289875
2026-05-30 11:53:32,483 INFO sms_id=543 inserted transaction 44149221556
2026-05-30 11:53:32,487 INFO sms_id=544 inserted transaction 33565890577
2026-05-30 11:53:32,488 INFO sms_id=545 inserted transaction 2793
2026-05-30 11:53:32,491 INFO sms_id=546 inserted transaction 2794
2026-05-30 11:53:32,493 INFO sms_id=547 inserted transaction 2795
2026-05-30 11:53:32,497 INFO sms_id=548 inserted transaction 2796
2026-05-30 11:53:32,502 INFO sms_id=549 inserted transaction 2797
2026-05-30 11:53:32,506 INFO sms_id=550 inserted transaction 41602878997
2026-05-30 11:53:32,508 WARNING sms_id=551 unrecognized transaction type
2026-05-30 11:53:32,511 INFO sms_id=552 inserted transaction 14940294542
2026-05-30 11:53:32,515 INFO sms_id=553 inserted transaction 2798
2026-05-30 11:53:32,519 INFO sms_id=554 inserted transaction 2799
2026-05-30 11:53:32,521 INFO sms_id=555 inserted transaction 2800
2026-05-30 11:53:32,525 INFO sms_id=556 inserted transaction 14739625447
2026-05-30 11:53:32,530 INFO sms_id=557 inserted transaction 76672344043
2026-05-30 11:53:32,536 INFO sms_id=558 inserted transaction 2801
2026-05-30 11:53:32,540 INFO sms_id=559 inserted transaction 60173686359
2026-05-30 11:53:32,545 INFO sms_id=560 inserted transaction 92109248895
2026-05-30 11:53:32,551 INFO sms_id=561 inserted transaction 2802
2026-05-30 11:53:32,555 INFO sms_id=562 inserted transaction 71788861419
2026-05-30 11:53:32,558 INFO sms_id=563 inserted transaction 2803
2026-05-30 11:53:32,562 INFO sms_id=564 inserted transaction 88491836419
2026-05-30 11:53:32,568 INFO sms_id=565 inserted transaction 91472495825
2026-05-30 11:53:32,572 INFO sms_id=566 inserted transaction 34195714002
2026-05-30 11:53:32,574 INFO sms_id=567 inserted transaction 2804
2026-05-30 11:53:32,576 INFO sms_id=568 inserted transaction 2805
2026-05-30 11:53:32,578 INFO sms_id=569 inserted transaction 2806
2026-05-30 11:53:32,582 INFO sms_id=570 inserted transaction 67819295386
2026-05-30 11:53:32,584 INFO sms_id=571 inserted transaction 2807
2026-05-30 11:53:32,586 INFO sms_id=572 inserted transaction 82065623976
2026-05-30 11:53:32,589 INFO sms_id=573 inserted transaction 42285606353
2026-05-30 11:53:32,591 WARNING sms_id=574 unrecognized transaction type
2026-05-30 11:53:32,593 INFO sms_id=575 inserted transaction 14969968017
2026-05-30 11:53:32,596 INFO sms_id=576 inserted transaction 2808
2026-05-30 11:53:32,602 INFO sms_id=577 inserted transaction 36437958017
2026-05-30 11:53:32,607 INFO sms_id=578 inserted transaction 85850951309
2026-05-30 11:53:32,612 INFO sms_id=579 inserted transaction 10296908600
2026-05-30 11:53:32,617 INFO sms_id=580 inserted transaction 2809
2026-05-30 11:53:32,620 INFO sms_id=581 inserted transaction 2810
2026-05-30 11:53:32,623 INFO sms_id=582 inserted transaction 2811
2026-05-30 11:53:32,628 INFO sms_id=583 inserted transaction 81424789154
2026-05-30 11:53:32,634 INFO sms_id=584 inserted transaction 60914783301
2026-05-30 11:53:32,637 INFO sms_id=585 inserted transaction 2812
2026-05-30 11:53:32,639 INFO sms_id=586 inserted transaction 2813
2026-05-30 11:53:32,642 INFO sms_id=587 inserted transaction 14977177408
2026-05-30 11:53:32,645 INFO sms_id=588 inserted transaction 2814
2026-05-30 11:53:32,649 INFO sms_id=589 inserted transaction 14977293553
2026-05-30 11:53:32,653 INFO sms_id=590 inserted transaction 2815
2026-05-30 11:53:32,656 INFO sms_id=591 inserted transaction 14977386817
2026-05-30 11:53:32,658 INFO sms_id=592 inserted transaction 2816
2026-05-30 11:53:32,662 INFO sms_id=593 inserted transaction 2817
2026-05-30 11:53:32,666 INFO sms_id=594 inserted transaction 2818
2026-05-30 11:53:32,669 INFO sms_id=595 inserted transaction 2819
2026-05-30 11:53:32,672 INFO sms_id=596 inserted transaction 2820
2026-05-30 11:53:32,674 INFO sms_id=597 inserted transaction 2821
2026-05-30 11:53:32,676 INFO sms_id=598 inserted transaction 2822
2026-05-30 11:53:32,679 INFO sms_id=599 inserted transaction 2823
2026-05-30 11:53:32,684 INFO sms_id=600 inserted transaction 2824
2026-05-30 11:53:32,686 INFO Committed batch size=300 inserted=294 skipped_unknown=6 skipped_invalid=0 failed=0
2026-05-30 11:53:32,687 INFO sms_id=601 inserted transaction 82008869453
2026-05-30 11:53:32,689 INFO sms_id=602 inserted transaction 2825
2026-05-30 11:53:32,691 INFO sms_id=603 inserted transaction 40600429643
2026-05-30 11:53:32,693 INFO sms_id=604 inserted transaction 2826
2026-05-30 11:53:32,698 INFO sms_id=605 inserted transaction 64055047273
2026-05-30 11:53:32,702 INFO sms_id=606 inserted transaction 89491266162
2026-05-30 11:53:32,705 INFO sms_id=607 inserted transaction 55841829409
2026-05-30 11:53:32,708 INFO sms_id=608 inserted transaction 88560738072
2026-05-30 11:53:32,711 INFO sms_id=609 inserted transaction 30752287352
2026-05-30 11:53:32,718 INFO sms_id=610 inserted transaction 53255374349
2026-05-30 11:53:32,722 INFO sms_id=611 inserted transaction 51995555513
2026-05-30 11:53:32,726 INFO sms_id=612 inserted transaction 82523323504
2026-05-30 11:53:32,731 INFO sms_id=613 inserted transaction 83243497448
2026-05-30 11:53:32,735 INFO sms_id=614 inserted transaction 2827
2026-05-30 11:53:32,738 INFO sms_id=615 inserted transaction 18412104580
2026-05-30 11:53:32,742 INFO sms_id=616 inserted transaction 37742687948
2026-05-30 11:53:32,745 INFO sms_id=617 inserted transaction 88339887283
2026-05-30 11:53:32,752 INFO sms_id=618 inserted transaction 36652345884
2026-05-30 11:53:32,756 INFO sms_id=619 inserted transaction 97102681312
2026-05-30 11:53:32,761 INFO sms_id=620 inserted transaction 69262787089
2026-05-30 11:53:32,767 INFO sms_id=621 inserted transaction 84450540041
2026-05-30 11:53:32,771 INFO sms_id=622 inserted transaction 29940304846
2026-05-30 11:53:32,774 INFO sms_id=623 inserted transaction 2828
2026-05-30 11:53:32,776 INFO sms_id=624 inserted transaction 15064161618
2026-05-30 11:53:32,778 WARNING sms_id=625 unrecognized transaction type
2026-05-30 11:53:32,782 INFO sms_id=626 inserted transaction 76571849631
2026-05-30 11:53:32,785 INFO sms_id=627 inserted transaction 2829
2026-05-30 11:53:32,788 INFO sms_id=628 inserted transaction 84613735727
2026-05-30 11:53:32,790 WARNING sms_id=629 unrecognized transaction type
2026-05-30 11:53:32,794 INFO sms_id=630 inserted transaction 15070248766
2026-05-30 11:53:32,796 INFO sms_id=631 inserted transaction 2830
2026-05-30 11:53:32,803 INFO sms_id=632 inserted transaction 67758041409
2026-05-30 11:53:32,807 INFO sms_id=633 inserted transaction 37095118662
2026-05-30 11:53:32,811 INFO sms_id=634 inserted transaction 2831
2026-05-30 11:53:32,816 INFO sms_id=635 inserted transaction 2832
2026-05-30 11:53:32,820 INFO sms_id=636 inserted transaction 2833
2026-05-30 11:53:32,823 INFO sms_id=637 inserted transaction 2834
2026-05-30 11:53:32,829 INFO sms_id=638 inserted transaction 54529107912
2026-05-30 11:53:32,833 INFO sms_id=639 inserted transaction 2835
2026-05-30 11:53:32,837 INFO sms_id=640 inserted transaction 2836
2026-05-30 11:53:32,842 INFO sms_id=641 inserted transaction 15097735991
2026-05-30 11:53:32,844 WARNING sms_id=642 unrecognized transaction type
2026-05-30 11:53:32,849 INFO sms_id=643 inserted transaction 2837
2026-05-30 11:53:32,852 INFO sms_id=644 inserted transaction 2838
2026-05-30 11:53:32,856 INFO sms_id=645 inserted transaction 17312696676
2026-05-30 11:53:32,858 INFO sms_id=646 inserted transaction 2839
2026-05-30 11:53:32,860 INFO sms_id=647 inserted transaction 2840
2026-05-30 11:53:32,866 INFO sms_id=648 inserted transaction 44828677354
2026-05-30 11:53:32,870 INFO sms_id=649 inserted transaction 2841
2026-05-30 11:53:32,872 INFO sms_id=650 inserted transaction 2842
2026-05-30 11:53:32,874 INFO sms_id=651 inserted transaction 2843
2026-05-30 11:53:32,876 INFO sms_id=652 inserted transaction 2844
2026-05-30 11:53:32,879 INFO sms_id=653 inserted transaction 2845
2026-05-30 11:53:32,886 INFO sms_id=654 inserted transaction 81849854541
2026-05-30 11:53:32,889 INFO sms_id=655 inserted transaction 2846
2026-05-30 11:53:32,892 INFO sms_id=656 inserted transaction 15126906031
2026-05-30 11:53:32,894 WARNING sms_id=657 unrecognized transaction type
2026-05-30 11:53:32,897 INFO sms_id=658 inserted transaction 2847
2026-05-30 11:53:32,902 INFO sms_id=659 inserted transaction 2848
2026-05-30 11:53:32,906 INFO sms_id=660 inserted transaction 68702182375
2026-05-30 11:53:32,910 INFO sms_id=661 inserted transaction 35397483220
2026-05-30 11:53:32,914 INFO sms_id=662 inserted transaction 2849
2026-05-30 11:53:32,919 INFO sms_id=663 inserted transaction 61050966433
2026-05-30 11:53:32,921 WARNING sms_id=664 unrecognized transaction type
2026-05-30 11:53:32,923 INFO sms_id=665 inserted transaction 15146128209
2026-05-30 11:53:32,925 INFO sms_id=666 inserted transaction 17146568940
2026-05-30 11:53:32,927 INFO sms_id=667 inserted transaction 2850
2026-05-30 11:53:32,929 INFO sms_id=668 inserted transaction 51244172238
2026-05-30 11:53:32,934 INFO sms_id=669 inserted transaction 42404795768
2026-05-30 11:53:32,936 INFO sms_id=670 inserted transaction 2851
2026-05-30 11:53:32,939 INFO sms_id=671 inserted transaction 28724945380
2026-05-30 11:53:32,941 INFO sms_id=672 inserted transaction 2852
2026-05-30 11:53:32,943 INFO sms_id=673 inserted transaction 2853
2026-05-30 11:53:32,946 INFO sms_id=674 inserted transaction 84355626350
2026-05-30 11:53:32,950 INFO sms_id=675 inserted transaction 2854
2026-05-30 11:53:32,953 INFO sms_id=676 inserted transaction 66942812945
2026-05-30 11:53:32,955 INFO sms_id=677 inserted transaction 44686423914
2026-05-30 11:53:32,957 INFO sms_id=678 inserted transaction 2855
2026-05-30 11:53:32,958 INFO sms_id=679 inserted transaction 2856
2026-05-30 11:53:32,960 INFO sms_id=680 inserted transaction 2857
2026-05-30 11:53:32,963 INFO sms_id=681 inserted transaction 90009446652
2026-05-30 11:53:32,969 INFO sms_id=682 inserted transaction 39711811703
2026-05-30 11:53:32,971 INFO sms_id=683 inserted transaction 2858
2026-05-30 11:53:32,974 INFO sms_id=684 inserted transaction 43449848103
2026-05-30 11:53:32,978 INFO sms_id=685 inserted transaction 36806257641
2026-05-30 11:53:32,983 INFO sms_id=686 inserted transaction 85705805836
2026-05-30 11:53:32,987 INFO sms_id=687 inserted transaction 98718398488
2026-05-30 11:53:32,990 INFO sms_id=688 inserted transaction 2859
2026-05-30 11:53:32,993 INFO sms_id=689 inserted transaction 2860
2026-05-30 11:53:32,998 INFO sms_id=690 inserted transaction 15178525743
2026-05-30 11:53:33,001 WARNING sms_id=691 unrecognized transaction type
2026-05-30 11:53:33,006 INFO sms_id=692 inserted transaction 15180796103
2026-05-30 11:53:33,009 INFO sms_id=693 inserted transaction 15183763430
2026-05-30 11:53:33,012 INFO sms_id=694 inserted transaction 2861
2026-05-30 11:53:33,020 INFO sms_id=695 inserted transaction 15204526240
2026-05-30 11:53:33,023 WARNING sms_id=696 unrecognized transaction type
2026-05-30 11:53:33,026 WARNING sms_id=697 unrecognized transaction type
2026-05-30 11:53:33,028 WARNING sms_id=698 category code missing in DB: CASH_DEP
2026-05-30 11:53:33,033 INFO sms_id=699 inserted transaction 2862
2026-05-30 11:53:33,038 INFO sms_id=700 inserted transaction 65794486507
2026-05-30 11:53:33,041 INFO sms_id=701 inserted transaction 54527566978
2026-05-30 11:53:33,043 INFO sms_id=702 inserted transaction 2863
2026-05-30 11:53:33,046 INFO sms_id=703 inserted transaction 2864
2026-05-30 11:53:33,049 INFO sms_id=704 inserted transaction 44085722067
2026-05-30 11:53:33,053 INFO sms_id=705 inserted transaction 34840236831
2026-05-30 11:53:33,055 INFO sms_id=706 inserted transaction 33807026334
2026-05-30 11:53:33,057 INFO sms_id=707 inserted transaction 17685290715
2026-05-30 11:53:33,059 INFO sms_id=708 inserted transaction 2865
2026-05-30 11:53:33,061 INFO sms_id=709 inserted transaction 2866
2026-05-30 11:53:33,064 INFO sms_id=710 inserted transaction 2867
2026-05-30 11:53:33,067 INFO sms_id=711 inserted transaction 30421279676
2026-05-30 11:53:33,069 INFO sms_id=712 inserted transaction 2868
2026-05-30 11:53:33,072 INFO sms_id=713 inserted transaction 67810322933
2026-05-30 11:53:33,074 INFO sms_id=714 inserted transaction 16477334750
2026-05-30 11:53:33,077 INFO sms_id=715 inserted transaction 63168026131
2026-05-30 11:53:33,081 INFO sms_id=716 inserted transaction 37958581135
2026-05-30 11:53:33,086 INFO sms_id=717 inserted transaction 32776707801
2026-05-30 11:53:33,090 INFO sms_id=718 inserted transaction 16642246344
2026-05-30 11:53:33,092 INFO sms_id=719 inserted transaction 2869
2026-05-30 11:53:33,094 INFO sms_id=720 inserted transaction 2870
2026-05-30 11:53:33,097 INFO sms_id=721 inserted transaction 2871
2026-05-30 11:53:33,099 INFO sms_id=722 inserted transaction 2872
2026-05-30 11:53:33,102 INFO sms_id=723 inserted transaction 51287161721
2026-05-30 11:53:33,105 INFO sms_id=724 inserted transaction 42143703095
2026-05-30 11:53:33,108 INFO sms_id=725 inserted transaction 19778042081
2026-05-30 11:53:33,110 INFO sms_id=726 inserted transaction 2873
2026-05-30 11:53:33,112 INFO sms_id=727 inserted transaction 2874
2026-05-30 11:53:33,116 INFO sms_id=728 inserted transaction 65847057882
2026-05-30 11:53:33,120 INFO sms_id=729 inserted transaction 50837825539
2026-05-30 11:53:33,122 INFO sms_id=730 inserted transaction 2875
2026-05-30 11:53:33,125 INFO sms_id=731 inserted transaction 72819907564
2026-05-30 11:53:33,127 INFO sms_id=732 inserted transaction 53433821307
2026-05-30 11:53:33,131 INFO sms_id=733 inserted transaction 58247627931
2026-05-30 11:53:33,134 INFO sms_id=734 inserted transaction 15475262766
2026-05-30 11:53:33,135 WARNING sms_id=735 unrecognized transaction type
2026-05-30 11:53:33,137 INFO sms_id=736 inserted transaction 2876
2026-05-30 11:53:33,138 INFO sms_id=737 inserted transaction 2877
2026-05-30 11:53:33,140 INFO sms_id=738 inserted transaction 2878
2026-05-30 11:53:33,141 INFO sms_id=739 inserted transaction 2879
2026-05-30 11:53:33,143 INFO sms_id=740 inserted transaction 19153266137
2026-05-30 11:53:33,145 INFO sms_id=741 inserted transaction 2880
2026-05-30 11:53:33,148 INFO sms_id=742 inserted transaction 39270807010
2026-05-30 11:53:33,153 INFO sms_id=743 inserted transaction 99076325019
2026-05-30 11:53:33,156 INFO sms_id=744 inserted transaction 2881
2026-05-30 11:53:33,159 INFO sms_id=745 inserted transaction 2882
2026-05-30 11:53:33,163 INFO sms_id=746 inserted transaction 2883
2026-05-30 11:53:33,168 INFO sms_id=747 inserted transaction 34261953989
2026-05-30 11:53:33,172 INFO sms_id=748 inserted transaction 96185760887
2026-05-30 11:53:33,174 INFO sms_id=749 inserted transaction 2884
2026-05-30 11:53:33,177 INFO sms_id=750 inserted transaction 15507397966
2026-05-30 11:53:33,181 INFO sms_id=751 inserted transaction 15512525928
2026-05-30 11:53:33,183 INFO sms_id=752 inserted transaction 97313704025
2026-05-30 11:53:33,187 INFO sms_id=753 inserted transaction 77555076585
2026-05-30 11:53:33,191 INFO sms_id=754 inserted transaction 84510391939
2026-05-30 11:53:33,195 INFO sms_id=755 inserted transaction 22766907160
2026-05-30 11:53:33,199 INFO sms_id=756 inserted transaction 2885
2026-05-30 11:53:33,203 INFO sms_id=757 inserted transaction 2886
2026-05-30 11:53:33,206 INFO sms_id=758 inserted transaction 2887
2026-05-30 11:53:33,211 INFO sms_id=759 inserted transaction 65203206628
2026-05-30 11:53:33,216 INFO sms_id=760 inserted transaction 28158968182
2026-05-30 11:53:33,220 INFO sms_id=761 inserted transaction 46906409049
2026-05-30 11:53:33,224 INFO sms_id=762 inserted transaction 54566717014
2026-05-30 11:53:33,226 INFO sms_id=763 inserted transaction 15538355693
2026-05-30 11:53:33,229 INFO sms_id=764 inserted transaction 2888
2026-05-30 11:53:33,232 INFO sms_id=765 inserted transaction 18226776468
2026-05-30 11:53:33,234 INFO sms_id=766 inserted transaction 54349163900
2026-05-30 11:53:33,237 INFO sms_id=767 inserted transaction 78378077317
2026-05-30 11:53:33,238 INFO sms_id=768 inserted transaction 2889
2026-05-30 11:53:33,240 INFO sms_id=769 inserted transaction 2890
2026-05-30 11:53:33,242 INFO sms_id=770 inserted transaction 2891
2026-05-30 11:53:33,244 INFO sms_id=771 inserted transaction 2892
2026-05-30 11:53:33,247 INFO sms_id=772 inserted transaction 71235033735
2026-05-30 11:53:33,250 INFO sms_id=773 inserted transaction 71779593744
2026-05-30 11:53:33,253 INFO sms_id=774 inserted transaction 17120559943
2026-05-30 11:53:33,254 INFO sms_id=775 inserted transaction 2893
2026-05-30 11:53:33,256 INFO sms_id=776 inserted transaction 60424907269
2026-05-30 11:53:33,258 INFO sms_id=777 inserted transaction 2894
2026-05-30 11:53:33,260 INFO sms_id=778 inserted transaction 49794854165
2026-05-30 11:53:33,263 INFO sms_id=779 inserted transaction 83422016891
2026-05-30 11:53:33,265 INFO sms_id=780 inserted transaction 63961191384
2026-05-30 11:53:33,268 INFO sms_id=781 inserted transaction 15812096064
2026-05-30 11:53:33,271 INFO sms_id=782 inserted transaction 67353135596
2026-05-30 11:53:33,274 INFO sms_id=783 inserted transaction 57527013791
2026-05-30 11:53:33,277 INFO sms_id=784 inserted transaction 61863630305
2026-05-30 11:53:33,279 INFO sms_id=785 inserted transaction 2895
2026-05-30 11:53:33,282 INFO sms_id=786 inserted transaction 80939174580
2026-05-30 11:53:33,286 INFO sms_id=787 inserted transaction 29253592859
2026-05-30 11:53:33,288 INFO sms_id=788 inserted transaction 95155933276
2026-05-30 11:53:33,290 INFO sms_id=789 inserted transaction 15594922933
2026-05-30 11:53:33,292 INFO sms_id=790 inserted transaction 52713686775
2026-05-30 11:53:33,294 INFO sms_id=791 inserted transaction 2896
2026-05-30 11:53:33,296 INFO sms_id=792 inserted transaction 18813391203
2026-05-30 11:53:33,298 INFO sms_id=793 inserted transaction 15606505500
2026-05-30 11:53:33,299 INFO sms_id=794 inserted transaction 2897
2026-05-30 11:53:33,303 INFO sms_id=795 inserted transaction 14741959916
2026-05-30 11:53:33,305 INFO sms_id=796 inserted transaction 67974931091
2026-05-30 11:53:33,307 INFO sms_id=797 inserted transaction 2898
2026-05-30 11:53:33,310 INFO sms_id=798 inserted transaction 15611958408
2026-05-30 11:53:33,312 INFO sms_id=799 inserted transaction 14513684578
2026-05-30 11:53:33,314 INFO sms_id=800 inserted transaction 2899
2026-05-30 11:53:33,316 INFO sms_id=801 inserted transaction 2900
2026-05-30 11:53:33,318 INFO sms_id=802 inserted transaction 2901
2026-05-30 11:53:33,320 INFO sms_id=803 inserted transaction 2902
2026-05-30 11:53:33,321 INFO sms_id=804 inserted transaction 2903
2026-05-30 11:53:33,323 INFO sms_id=805 inserted transaction 2904
2026-05-30 11:53:33,324 INFO sms_id=806 inserted transaction 2905
2026-05-30 11:53:33,325 INFO sms_id=807 inserted transaction 2906
2026-05-30 11:53:33,328 INFO sms_id=808 inserted transaction 37507241088
2026-05-30 11:53:33,331 INFO sms_id=809 inserted transaction 88126214143
2026-05-30 11:53:33,333 INFO sms_id=810 inserted transaction 2907
2026-05-30 11:53:33,335 INFO sms_id=811 inserted transaction 15628862865
2026-05-30 11:53:33,338 INFO sms_id=812 inserted transaction 95649567862
2026-05-30 11:53:33,339 INFO sms_id=813 inserted transaction 2908
2026-05-30 11:53:33,341 INFO sms_id=814 inserted transaction 2909
2026-05-30 11:53:33,347 INFO sms_id=815 inserted transaction 10083689781
2026-05-30 11:53:33,351 INFO sms_id=816 inserted transaction 2910
2026-05-30 11:53:33,354 INFO sms_id=817 inserted transaction 2911
2026-05-30 11:53:33,359 INFO sms_id=818 inserted transaction 68925556497
2026-05-30 11:53:33,367 INFO sms_id=819 inserted transaction 90275359445
2026-05-30 11:53:33,373 INFO sms_id=820 inserted transaction 2912
2026-05-30 11:53:33,377 INFO sms_id=821 inserted transaction 2913
2026-05-30 11:53:33,383 INFO sms_id=822 inserted transaction 2914
2026-05-30 11:53:33,388 INFO sms_id=823 inserted transaction 2915
2026-05-30 11:53:33,392 INFO sms_id=824 inserted transaction 2916
2026-05-30 11:53:33,396 INFO sms_id=825 inserted transaction 2917
2026-05-30 11:53:33,403 INFO sms_id=826 inserted transaction 87571566840
2026-05-30 11:53:33,407 INFO sms_id=827 inserted transaction 2918
2026-05-30 11:53:33,411 INFO sms_id=828 inserted transaction 2919
2026-05-30 11:53:33,415 INFO sms_id=829 inserted transaction 2920
2026-05-30 11:53:33,418 INFO sms_id=830 inserted transaction 2921
2026-05-30 11:53:33,421 INFO sms_id=831 inserted transaction 13774628019
2026-05-30 11:53:33,424 INFO sms_id=832 inserted transaction 2922
2026-05-30 11:53:33,426 INFO sms_id=833 inserted transaction 65478956735
2026-05-30 11:53:33,430 INFO sms_id=834 inserted transaction 96684440213
2026-05-30 11:53:33,433 INFO sms_id=835 inserted transaction 2923
2026-05-30 11:53:33,436 INFO sms_id=836 inserted transaction 10893465854
2026-05-30 11:53:33,439 INFO sms_id=837 inserted transaction 2924
2026-05-30 11:53:33,442 INFO sms_id=838 inserted transaction 18269992033
2026-05-30 11:53:33,444 INFO sms_id=839 inserted transaction 2925
2026-05-30 11:53:33,447 INFO sms_id=840 inserted transaction 2926
2026-05-30 11:53:33,451 INFO sms_id=841 inserted transaction 2927
2026-05-30 11:53:33,455 INFO sms_id=842 inserted transaction 2928
2026-05-30 11:53:33,458 INFO sms_id=843 inserted transaction 2929
2026-05-30 11:53:33,463 INFO sms_id=844 inserted transaction 79540204158
2026-05-30 11:53:33,466 INFO sms_id=845 inserted transaction 2930
2026-05-30 11:53:33,469 INFO sms_id=846 inserted transaction 2931
2026-05-30 11:53:33,474 INFO sms_id=847 inserted transaction 21123163485
2026-05-30 11:53:33,477 INFO sms_id=848 inserted transaction 2932
2026-05-30 11:53:33,480 INFO sms_id=849 inserted transaction 2933
2026-05-30 11:53:33,485 INFO sms_id=850 inserted transaction 67195404064
2026-05-30 11:53:33,490 INFO sms_id=851 inserted transaction 52003402612
2026-05-30 11:53:33,493 INFO sms_id=852 inserted transaction 2934
2026-05-30 11:53:33,498 INFO sms_id=853 inserted transaction 70460358419
2026-05-30 11:53:33,504 INFO sms_id=854 inserted transaction 15681666953
2026-05-30 11:53:33,506 WARNING sms_id=855 unrecognized transaction type
2026-05-30 11:53:33,512 INFO sms_id=856 inserted transaction 14667936406
2026-05-30 11:53:33,518 INFO sms_id=857 inserted transaction 20823828008
2026-05-30 11:53:33,521 INFO sms_id=858 inserted transaction 2935
2026-05-30 11:53:33,523 INFO sms_id=859 inserted transaction 2936
2026-05-30 11:53:33,526 INFO sms_id=860 inserted transaction 2937
2026-05-30 11:53:33,531 INFO sms_id=861 inserted transaction 40728069150
2026-05-30 11:53:33,538 INFO sms_id=862 inserted transaction 2938
2026-05-30 11:53:33,541 INFO sms_id=863 inserted transaction 2939
2026-05-30 11:53:33,547 INFO sms_id=864 inserted transaction 2940
2026-05-30 11:53:33,551 INFO sms_id=865 inserted transaction 2941
2026-05-30 11:53:33,557 INFO sms_id=866 inserted transaction 60033930579
2026-05-30 11:53:33,563 INFO sms_id=867 inserted transaction 90380679208
2026-05-30 11:53:33,568 INFO sms_id=868 inserted transaction 2942
2026-05-30 11:53:33,572 INFO sms_id=869 inserted transaction 2943
2026-05-30 11:53:33,578 INFO sms_id=870 inserted transaction 12313178673
2026-05-30 11:53:33,583 INFO sms_id=871 inserted transaction 2944
2026-05-30 11:53:33,587 INFO sms_id=872 inserted transaction 2945
2026-05-30 11:53:33,592 INFO sms_id=873 inserted transaction 2946
2026-05-30 11:53:33,597 INFO sms_id=874 inserted transaction 2947
2026-05-30 11:53:33,603 INFO sms_id=875 inserted transaction 57207221830
2026-05-30 11:53:33,609 INFO sms_id=876 inserted transaction 2948
2026-05-30 11:53:33,615 INFO sms_id=877 inserted transaction 72944989836
2026-05-30 11:53:33,619 INFO sms_id=878 inserted transaction 2949
2026-05-30 11:53:33,622 INFO sms_id=879 inserted transaction 2950
2026-05-30 11:53:33,627 INFO sms_id=880 inserted transaction 97178498053
2026-05-30 11:53:33,632 INFO sms_id=881 inserted transaction 11967814854
2026-05-30 11:53:33,637 INFO sms_id=882 inserted transaction 2951
2026-05-30 11:53:33,640 INFO sms_id=883 inserted transaction 2952
2026-05-30 11:53:33,644 INFO sms_id=884 inserted transaction 2953
2026-05-30 11:53:33,649 INFO sms_id=885 inserted transaction 80693378371
2026-05-30 11:53:33,653 INFO sms_id=886 inserted transaction 2954
2026-05-30 11:53:33,658 INFO sms_id=887 inserted transaction 77217198389
2026-05-30 11:53:33,662 INFO sms_id=888 inserted transaction 2955
2026-05-30 11:53:33,665 INFO sms_id=889 inserted transaction 2956
2026-05-30 11:53:33,669 INFO sms_id=890 inserted transaction 91279986205
2026-05-30 11:53:33,671 INFO sms_id=891 inserted transaction 2957
2026-05-30 11:53:33,674 INFO sms_id=892 inserted transaction 28826953210
2026-05-30 11:53:33,677 INFO sms_id=893 inserted transaction 17948439353
2026-05-30 11:53:33,682 INFO sms_id=894 inserted transaction 36356336397
2026-05-30 11:53:33,686 INFO sms_id=895 inserted transaction 69586541013
2026-05-30 11:53:33,690 INFO sms_id=896 inserted transaction 15747282067
2026-05-30 11:53:33,694 INFO sms_id=897 inserted transaction 2958
2026-05-30 11:53:33,702 INFO sms_id=898 inserted transaction 94012583928
2026-05-30 11:53:33,705 INFO sms_id=899 inserted transaction 2959
2026-05-30 11:53:33,707 INFO sms_id=900 inserted transaction 2960
2026-05-30 11:53:33,709 INFO Committed batch size=300 inserted=289 skipped_unknown=11 skipped_invalid=0 failed=0
2026-05-30 11:53:33,710 INFO sms_id=901 inserted transaction 2961
2026-05-30 11:53:33,712 INFO sms_id=902 inserted transaction 2962
2026-05-30 11:53:33,716 INFO sms_id=903 inserted transaction 37418547572
2026-05-30 11:53:33,719 INFO sms_id=904 inserted transaction 2963
2026-05-30 11:53:33,721 INFO sms_id=905 inserted transaction 2964
2026-05-30 11:53:33,724 INFO sms_id=906 inserted transaction 2965
2026-05-30 11:53:33,727 INFO sms_id=907 inserted transaction 31576458916
2026-05-30 11:53:33,730 INFO sms_id=908 inserted transaction 36553832778
2026-05-30 11:53:33,733 INFO sms_id=909 inserted transaction 15783543056
2026-05-30 11:53:33,735 WARNING sms_id=910 unrecognized transaction type
2026-05-30 11:53:33,737 INFO sms_id=911 inserted transaction 2966
2026-05-30 11:53:33,740 INFO sms_id=912 inserted transaction 67555624275
2026-05-30 11:53:33,742 INFO sms_id=913 inserted transaction 89855734028
2026-05-30 11:53:33,746 INFO sms_id=914 inserted transaction 82996055356
2026-05-30 11:53:33,747 INFO sms_id=915 inserted transaction 2967
2026-05-30 11:53:33,750 INFO sms_id=916 inserted transaction 97916279369
2026-05-30 11:53:33,752 INFO sms_id=917 inserted transaction 2968
2026-05-30 11:53:33,754 INFO sms_id=918 inserted transaction 2969
2026-05-30 11:53:33,756 INFO sms_id=919 inserted transaction 2970
2026-05-30 11:53:33,759 INFO sms_id=920 inserted transaction 48524994396
2026-05-30 11:53:33,760 INFO sms_id=921 inserted transaction 2971
2026-05-30 11:53:33,763 INFO sms_id=922 inserted transaction 78688834340
2026-05-30 11:53:33,765 INFO sms_id=923 inserted transaction 60193532268
2026-05-30 11:53:33,767 INFO sms_id=924 inserted transaction 93881514225
2026-05-30 11:53:33,770 INFO sms_id=925 inserted transaction 60158780091
2026-05-30 11:53:33,772 INFO sms_id=926 inserted transaction 35202815280
2026-05-30 11:53:33,774 INFO sms_id=927 inserted transaction 2972
2026-05-30 11:53:33,776 INFO sms_id=928 inserted transaction 2973
2026-05-30 11:53:33,778 INFO sms_id=929 inserted transaction 32371477638
2026-05-30 11:53:33,781 INFO sms_id=930 inserted transaction 15188663338
2026-05-30 11:53:33,783 INFO sms_id=931 inserted transaction 46064965737
2026-05-30 11:53:33,786 INFO sms_id=932 inserted transaction 2974
2026-05-30 11:53:33,787 INFO sms_id=933 inserted transaction 2975
2026-05-30 11:53:33,790 INFO sms_id=934 inserted transaction 2976
2026-05-30 11:53:33,792 INFO sms_id=935 inserted transaction 2977
2026-05-30 11:53:33,794 INFO sms_id=936 inserted transaction 2978
2026-05-30 11:53:33,795 INFO sms_id=937 inserted transaction 2979
2026-05-30 11:53:33,797 INFO sms_id=938 inserted transaction 2980
2026-05-30 11:53:33,799 INFO sms_id=939 inserted transaction 13372675354
2026-05-30 11:53:33,802 INFO sms_id=940 inserted transaction 17063216498
2026-05-30 11:53:33,805 INFO sms_id=941 inserted transaction 2981
2026-05-30 11:53:33,807 INFO sms_id=942 inserted transaction 2982
2026-05-30 11:53:33,810 INFO sms_id=943 inserted transaction 35450739966
2026-05-30 11:53:33,812 INFO sms_id=944 inserted transaction 2983
2026-05-30 11:53:33,815 INFO sms_id=945 inserted transaction 62962558714
2026-05-30 11:53:33,817 INFO sms_id=946 inserted transaction 2984
2026-05-30 11:53:33,820 INFO sms_id=947 inserted transaction 2985
2026-05-30 11:53:33,822 INFO sms_id=948 inserted transaction 2986
2026-05-30 11:53:33,824 INFO sms_id=949 inserted transaction 37376382898
2026-05-30 11:53:33,826 INFO sms_id=950 inserted transaction 2987
2026-05-30 11:53:33,828 INFO sms_id=951 inserted transaction 2988
2026-05-30 11:53:33,830 INFO sms_id=952 inserted transaction 2989
2026-05-30 11:53:33,832 INFO sms_id=953 inserted transaction 2990
2026-05-30 11:53:33,835 INFO sms_id=954 inserted transaction 68217644339
2026-05-30 11:53:33,837 INFO sms_id=955 inserted transaction 2991
2026-05-30 11:53:33,839 INFO sms_id=956 inserted transaction 2992
2026-05-30 11:53:33,841 INFO sms_id=957 inserted transaction 2993
2026-05-30 11:53:33,842 INFO sms_id=958 inserted transaction 2994
2026-05-30 11:53:33,846 INFO sms_id=959 inserted transaction 24296251142
2026-05-30 11:53:33,851 INFO sms_id=960 inserted transaction 90644334751
2026-05-30 11:53:33,854 INFO sms_id=961 inserted transaction 2995
2026-05-30 11:53:33,857 INFO sms_id=962 inserted transaction 2996
2026-05-30 11:53:33,861 INFO sms_id=963 inserted transaction 15874896437
2026-05-30 11:53:33,863 INFO sms_id=964 inserted transaction 2997
2026-05-30 11:53:33,867 INFO sms_id=965 inserted transaction 79921659205
2026-05-30 11:53:33,870 INFO sms_id=966 inserted transaction 2998
2026-05-30 11:53:33,873 INFO sms_id=967 inserted transaction 75401767322
2026-05-30 11:53:33,875 INFO sms_id=968 inserted transaction 2999
2026-05-30 11:53:33,877 INFO sms_id=969 inserted transaction 94510396651
2026-05-30 11:53:33,880 INFO sms_id=970 inserted transaction 55341611618
2026-05-30 11:53:33,882 INFO sms_id=971 inserted transaction 3000
2026-05-30 11:53:33,886 INFO sms_id=972 inserted transaction 78265898230
2026-05-30 11:53:33,888 INFO sms_id=973 inserted transaction 3001
2026-05-30 11:53:33,890 INFO sms_id=974 inserted transaction 3002
2026-05-30 11:53:33,892 INFO sms_id=975 inserted transaction 3003
2026-05-30 11:53:33,896 INFO sms_id=976 inserted transaction 51862934722
2026-05-30 11:53:33,898 INFO sms_id=977 inserted transaction 3004
2026-05-30 11:53:33,902 INFO sms_id=978 inserted transaction 91477230630
2026-05-30 11:53:33,905 INFO sms_id=979 inserted transaction 98785716472
2026-05-30 11:53:33,908 INFO sms_id=980 inserted transaction 60169531477
2026-05-30 11:53:33,912 INFO sms_id=981 inserted transaction 18182747024
2026-05-30 11:53:33,916 INFO sms_id=982 inserted transaction 33085803334
2026-05-30 11:53:33,919 INFO sms_id=983 inserted transaction 3005
2026-05-30 11:53:33,921 INFO sms_id=984 inserted transaction 3006
2026-05-30 11:53:33,924 INFO sms_id=985 inserted transaction 15930732191
2026-05-30 11:53:33,927 INFO sms_id=986 inserted transaction 3007
2026-05-30 11:53:33,929 INFO sms_id=987 inserted transaction 3008
2026-05-30 11:53:33,932 INFO sms_id=988 inserted transaction 15940915096
2026-05-30 11:53:33,937 INFO sms_id=989 inserted transaction 39214139430
2026-05-30 11:53:33,941 INFO sms_id=990 inserted transaction 3009
2026-05-30 11:53:33,944 INFO sms_id=991 inserted transaction 3010
2026-05-30 11:53:33,947 INFO sms_id=992 inserted transaction 3011
2026-05-30 11:53:33,950 INFO sms_id=993 inserted transaction 3012
2026-05-30 11:53:33,953 INFO sms_id=994 inserted transaction 3013
2026-05-30 11:53:33,956 INFO sms_id=995 inserted transaction 3014
2026-05-30 11:53:33,960 INFO sms_id=996 inserted transaction 90902383993
2026-05-30 11:53:33,964 INFO sms_id=997 inserted transaction 3015
2026-05-30 11:53:33,969 INFO sms_id=998 inserted transaction 10659235728
2026-05-30 11:53:33,972 INFO sms_id=999 inserted transaction 3016
2026-05-30 11:53:33,975 INFO sms_id=1000 inserted transaction 3017
2026-05-30 11:53:33,979 INFO sms_id=1001 inserted transaction 39663280584
2026-05-30 11:53:33,983 INFO sms_id=1002 inserted transaction 3018
2026-05-30 11:53:33,988 INFO sms_id=1003 inserted transaction 81871013229
2026-05-30 11:53:33,993 INFO sms_id=1004 inserted transaction 44506228015
2026-05-30 11:53:33,999 INFO sms_id=1005 inserted transaction 83067244660
2026-05-30 11:53:34,004 INFO sms_id=1006 inserted transaction 10730013424
2026-05-30 11:53:34,009 INFO sms_id=1007 inserted transaction 20546538645
2026-05-30 11:53:34,012 INFO sms_id=1008 inserted transaction 3019
2026-05-30 11:53:34,018 INFO sms_id=1009 inserted transaction 16016087305
2026-05-30 11:53:34,023 INFO sms_id=1010 inserted transaction 35245414129
2026-05-30 11:53:34,031 INFO sms_id=1011 inserted transaction 22096990635
2026-05-30 11:53:34,035 INFO sms_id=1012 inserted transaction 3020
2026-05-30 11:53:34,038 INFO sms_id=1013 inserted transaction 3021
2026-05-30 11:53:34,041 INFO sms_id=1014 inserted transaction 3022
2026-05-30 11:53:34,044 INFO sms_id=1015 inserted transaction 3023
2026-05-30 11:53:34,051 INFO sms_id=1016 inserted transaction 32286024625
2026-05-30 11:53:34,054 INFO sms_id=1017 inserted transaction 3024
2026-05-30 11:53:34,059 INFO sms_id=1018 inserted transaction 16030998575
2026-05-30 11:53:34,064 INFO sms_id=1019 inserted transaction 3025
2026-05-30 11:53:34,068 INFO sms_id=1020 inserted transaction 3026
2026-05-30 11:53:34,071 INFO sms_id=1021 inserted transaction 3027
2026-05-30 11:53:34,074 INFO sms_id=1022 inserted transaction 3028
2026-05-30 11:53:34,079 INFO sms_id=1023 inserted transaction 16040688508
2026-05-30 11:53:34,084 INFO sms_id=1024 inserted transaction 90308181228
2026-05-30 11:53:34,087 INFO sms_id=1025 inserted transaction 3029
2026-05-30 11:53:34,092 INFO sms_id=1026 inserted transaction 18477975094
2026-05-30 11:53:34,098 INFO sms_id=1027 inserted transaction 85146339192
2026-05-30 11:53:34,102 INFO sms_id=1028 inserted transaction 3030
2026-05-30 11:53:34,104 INFO sms_id=1029 inserted transaction 3031
2026-05-30 11:53:34,107 INFO sms_id=1030 inserted transaction 3032
2026-05-30 11:53:34,110 INFO sms_id=1031 inserted transaction 82638981577
2026-05-30 11:53:34,113 INFO sms_id=1032 inserted transaction 3033
2026-05-30 11:53:34,117 INFO sms_id=1033 inserted transaction 24060951845
2026-05-30 11:53:34,121 INFO sms_id=1034 inserted transaction 48231394901
2026-05-30 11:53:34,124 INFO sms_id=1035 inserted transaction 3034
2026-05-30 11:53:34,125 INFO sms_id=1036 inserted transaction 3035
2026-05-30 11:53:34,129 INFO sms_id=1037 inserted transaction 77445681586
2026-05-30 11:53:34,132 INFO sms_id=1038 inserted transaction 22996639471
2026-05-30 11:53:34,134 INFO sms_id=1039 inserted transaction 3036
2026-05-30 11:53:34,136 INFO sms_id=1040 inserted transaction 3037
2026-05-30 11:53:34,139 INFO sms_id=1041 inserted transaction 89752753163
2026-05-30 11:53:34,142 INFO sms_id=1042 inserted transaction 3038
2026-05-30 11:53:34,147 INFO sms_id=1043 inserted transaction 43532820450
2026-05-30 11:53:34,152 INFO sms_id=1044 inserted transaction 58196919753
2026-05-30 11:53:34,155 INFO sms_id=1045 inserted transaction 3039
2026-05-30 11:53:34,161 INFO sms_id=1046 inserted transaction 37468876171
2026-05-30 11:53:34,165 INFO sms_id=1047 inserted transaction 3040
2026-05-30 11:53:34,168 INFO sms_id=1048 inserted transaction 3041
2026-05-30 11:53:34,172 INFO sms_id=1049 inserted transaction 88108852426
2026-05-30 11:53:34,177 INFO sms_id=1050 inserted transaction 31762210000
2026-05-30 11:53:34,179 INFO sms_id=1051 inserted transaction 3042
2026-05-30 11:53:34,182 INFO sms_id=1052 inserted transaction 3043
2026-05-30 11:53:34,185 INFO sms_id=1053 inserted transaction 3044
2026-05-30 11:53:34,189 INFO sms_id=1054 inserted transaction 13398096034
2026-05-30 11:53:34,193 INFO sms_id=1055 inserted transaction 67853860784
2026-05-30 11:53:34,196 INFO sms_id=1056 inserted transaction 3045
2026-05-30 11:53:34,200 INFO sms_id=1057 inserted transaction 59663284115
2026-05-30 11:53:34,202 INFO sms_id=1058 inserted transaction 3046
2026-05-30 11:53:34,204 INFO sms_id=1059 inserted transaction 3047
2026-05-30 11:53:34,207 INFO sms_id=1060 inserted transaction 60978680783
2026-05-30 11:53:34,210 INFO sms_id=1061 inserted transaction 11340322119
2026-05-30 11:53:34,213 INFO sms_id=1062 inserted transaction 3048
2026-05-30 11:53:34,215 INFO sms_id=1063 inserted transaction 3049
2026-05-30 11:53:34,217 INFO sms_id=1064 inserted transaction 3050
2026-05-30 11:53:34,221 INFO sms_id=1065 inserted transaction 53889847709
2026-05-30 11:53:34,223 INFO sms_id=1066 inserted transaction 3051
2026-05-30 11:53:34,226 INFO sms_id=1067 inserted transaction 16178728333
2026-05-30 11:53:34,229 INFO sms_id=1068 inserted transaction 77321308899
2026-05-30 11:53:34,232 INFO sms_id=1069 inserted transaction 16181431637
2026-05-30 11:53:34,236 INFO sms_id=1070 inserted transaction 79562421324
2026-05-30 11:53:34,238 INFO sms_id=1071 inserted transaction 13398775256
2026-05-30 11:53:34,240 INFO sms_id=1072 inserted transaction 3052
2026-05-30 11:53:34,242 INFO sms_id=1073 inserted transaction 3053
2026-05-30 11:53:34,244 INFO sms_id=1074 inserted transaction 3054
2026-05-30 11:53:34,245 INFO sms_id=1075 inserted transaction 3055
2026-05-30 11:53:34,248 INFO sms_id=1076 inserted transaction 3056
2026-05-30 11:53:34,250 INFO sms_id=1077 inserted transaction 3057
2026-05-30 11:53:34,252 INFO sms_id=1078 inserted transaction 3058
2026-05-30 11:53:34,255 INFO sms_id=1079 inserted transaction 83779362556
2026-05-30 11:53:34,258 INFO sms_id=1080 inserted transaction 15010571728
2026-05-30 11:53:34,261 INFO sms_id=1081 inserted transaction 69826234262
2026-05-30 11:53:34,263 WARNING sms_id=1082 unrecognized transaction type
2026-05-30 11:53:34,265 INFO sms_id=1083 inserted transaction 16211799078
2026-05-30 11:53:34,268 INFO sms_id=1084 inserted transaction 64182407557
2026-05-30 11:53:34,271 INFO sms_id=1085 inserted transaction 22165640182
2026-05-30 11:53:34,272 INFO sms_id=1086 inserted transaction 3059
2026-05-30 11:53:34,274 INFO sms_id=1087 inserted transaction 3060
2026-05-30 11:53:34,277 INFO sms_id=1088 inserted transaction 83014570594
2026-05-30 11:53:34,279 INFO sms_id=1089 inserted transaction 3061
2026-05-30 11:53:34,281 INFO sms_id=1090 inserted transaction 88832399279
2026-05-30 11:53:34,283 INFO sms_id=1091 inserted transaction 3062
2026-05-30 11:53:34,285 INFO sms_id=1092 inserted transaction 3063
2026-05-30 11:53:34,287 INFO sms_id=1093 inserted transaction 66464178798
2026-05-30 11:53:34,290 INFO sms_id=1094 inserted transaction 16269196928
2026-05-30 11:53:34,292 INFO sms_id=1095 inserted transaction 52293280519
2026-05-30 11:53:34,294 INFO sms_id=1096 inserted transaction 38148168525
2026-05-30 11:53:34,297 INFO sms_id=1097 inserted transaction 81760735419
2026-05-30 11:53:34,298 INFO sms_id=1098 inserted transaction 3064
2026-05-30 11:53:34,301 INFO sms_id=1099 inserted transaction 53606315017
2026-05-30 11:53:34,303 INFO sms_id=1100 inserted transaction 3065
2026-05-30 11:53:34,305 INFO sms_id=1101 inserted transaction 59905850736
2026-05-30 11:53:34,306 INFO sms_id=1102 inserted transaction 3066
2026-05-30 11:53:34,309 INFO sms_id=1103 inserted transaction 54242334327
2026-05-30 11:53:34,310 INFO sms_id=1104 inserted transaction 3067
2026-05-30 11:53:34,312 INFO sms_id=1105 inserted transaction 3068
2026-05-30 11:53:34,315 INFO sms_id=1106 inserted transaction 88072671762
2026-05-30 11:53:34,319 INFO sms_id=1107 inserted transaction 45748335313
2026-05-30 11:53:34,322 INFO sms_id=1108 inserted transaction 29637659542
2026-05-30 11:53:34,325 INFO sms_id=1109 inserted transaction 59362114751
2026-05-30 11:53:34,328 INFO sms_id=1110 inserted transaction 16327063889
2026-05-30 11:53:34,331 INFO sms_id=1111 inserted transaction 31169956538
2026-05-30 11:53:34,334 INFO sms_id=1112 inserted transaction 50533019574
2026-05-30 11:53:34,337 INFO sms_id=1113 inserted transaction 18750556052
2026-05-30 11:53:34,339 INFO sms_id=1114 inserted transaction 89091466523
2026-05-30 11:53:34,341 INFO sms_id=1115 inserted transaction 16356106165
2026-05-30 11:53:34,343 INFO sms_id=1116 inserted transaction 3069
2026-05-30 11:53:34,345 INFO sms_id=1117 inserted transaction 15223201812
2026-05-30 11:53:34,347 INFO sms_id=1118 inserted transaction 68316839601
2026-05-30 11:53:34,350 INFO sms_id=1119 inserted transaction 76509859651
2026-05-30 11:53:34,353 INFO sms_id=1120 inserted transaction 93902902643
2026-05-30 11:53:34,355 INFO sms_id=1121 inserted transaction 75970255069
2026-05-30 11:53:34,358 INFO sms_id=1122 inserted transaction 43332595746
2026-05-30 11:53:34,361 INFO sms_id=1123 inserted transaction 83978461332
2026-05-30 11:53:34,363 INFO sms_id=1124 inserted transaction 66774240369
2026-05-30 11:53:34,367 INFO sms_id=1125 inserted transaction 18510016190
2026-05-30 11:53:34,369 INFO sms_id=1126 inserted transaction 11365396250
2026-05-30 11:53:34,373 INFO sms_id=1127 inserted transaction 14589884783
2026-05-30 11:53:34,377 INFO sms_id=1128 inserted transaction 16400028923
2026-05-30 11:53:34,379 INFO sms_id=1129 inserted transaction 80264064542
2026-05-30 11:53:34,382 INFO sms_id=1130 inserted transaction 3070
2026-05-30 11:53:34,384 INFO sms_id=1131 inserted transaction 3071
2026-05-30 11:53:34,387 INFO sms_id=1132 inserted transaction 27880925520
2026-05-30 11:53:34,390 INFO sms_id=1133 inserted transaction 16406794518
2026-05-30 11:53:34,392 INFO sms_id=1134 inserted transaction 3072
2026-05-30 11:53:34,395 INFO sms_id=1135 inserted transaction 95337556627
2026-05-30 11:53:34,398 INFO sms_id=1136 inserted transaction 3073
2026-05-30 11:53:34,400 INFO sms_id=1137 inserted transaction 3074
2026-05-30 11:53:34,404 INFO sms_id=1138 inserted transaction 44650869478
2026-05-30 11:53:34,408 INFO sms_id=1139 inserted transaction 30398814444
2026-05-30 11:53:34,412 INFO sms_id=1140 inserted transaction 31630879946
2026-05-30 11:53:34,414 INFO sms_id=1141 inserted transaction 3075
2026-05-30 11:53:34,418 INFO sms_id=1142 inserted transaction 87927056212
2026-05-30 11:53:34,420 INFO sms_id=1143 inserted transaction 3076
2026-05-30 11:53:34,423 INFO sms_id=1144 inserted transaction 24961498802
2026-05-30 11:53:34,427 INFO sms_id=1145 inserted transaction 96078845608
2026-05-30 11:53:34,431 INFO sms_id=1146 inserted transaction 27937789255
2026-05-30 11:53:34,436 INFO sms_id=1147 inserted transaction 35915635698
2026-05-30 11:53:34,439 INFO sms_id=1148 inserted transaction 3077
2026-05-30 11:53:34,442 INFO sms_id=1149 inserted transaction 10412500030
2026-05-30 11:53:34,447 INFO sms_id=1150 inserted transaction 16433471329
2026-05-30 11:53:34,451 INFO sms_id=1151 inserted transaction 87101311151
2026-05-30 11:53:34,454 INFO sms_id=1152 inserted transaction 3078
2026-05-30 11:53:34,456 INFO sms_id=1153 inserted transaction 3079
2026-05-30 11:53:34,460 INFO sms_id=1154 inserted transaction 81660358206
2026-05-30 11:53:34,465 INFO sms_id=1155 inserted transaction 16434717507
2026-05-30 11:53:34,468 INFO sms_id=1156 inserted transaction 3080
2026-05-30 11:53:34,472 INFO sms_id=1157 inserted transaction 11060379377
2026-05-30 11:53:34,477 INFO sms_id=1158 inserted transaction 63847414444
2026-05-30 11:53:34,481 INFO sms_id=1159 inserted transaction 93824792341
2026-05-30 11:53:34,484 INFO sms_id=1160 inserted transaction 16471170286
2026-05-30 11:53:34,488 INFO sms_id=1161 inserted transaction 53085798464
2026-05-30 11:53:34,491 INFO sms_id=1162 inserted transaction 12026466377
2026-05-30 11:53:34,493 INFO sms_id=1163 inserted transaction 3081
2026-05-30 11:53:34,498 INFO sms_id=1164 inserted transaction 84906022239
2026-05-30 11:53:34,501 INFO sms_id=1165 inserted transaction 3082
2026-05-30 11:53:34,503 INFO sms_id=1166 inserted transaction 3083
2026-05-30 11:53:34,506 INFO sms_id=1167 inserted transaction 63406615894
2026-05-30 11:53:34,509 INFO sms_id=1168 inserted transaction 79191608492
2026-05-30 11:53:34,511 INFO sms_id=1169 inserted transaction 3084
2026-05-30 11:53:34,514 INFO sms_id=1170 inserted transaction 97616156692
2026-05-30 11:53:34,516 INFO sms_id=1171 inserted transaction 76120536586
2026-05-30 11:53:34,519 INFO sms_id=1172 inserted transaction 16519345888
2026-05-30 11:53:34,520 INFO sms_id=1173 inserted transaction 3085
2026-05-30 11:53:34,522 INFO sms_id=1174 inserted transaction 3086
2026-05-30 11:53:34,523 INFO sms_id=1175 inserted transaction 3087
2026-05-30 11:53:34,525 INFO sms_id=1176 inserted transaction 16530676798
2026-05-30 11:53:34,528 INFO sms_id=1177 inserted transaction 87234068654
2026-05-30 11:53:34,531 INFO sms_id=1178 inserted transaction 81838722855
2026-05-30 11:53:34,533 INFO sms_id=1179 inserted transaction 63710134665
2026-05-30 11:53:34,535 INFO sms_id=1180 inserted transaction 22834010377
2026-05-30 11:53:34,537 INFO sms_id=1181 inserted transaction 3088
2026-05-30 11:53:34,540 INFO sms_id=1182 inserted transaction 28043130256
2026-05-30 11:53:34,541 INFO sms_id=1183 inserted transaction 3089
2026-05-30 11:53:34,543 INFO sms_id=1184 inserted transaction 3090
2026-05-30 11:53:34,545 INFO sms_id=1185 inserted transaction 3091
2026-05-30 11:53:34,546 INFO sms_id=1186 inserted transaction 3092
2026-05-30 11:53:34,548 INFO sms_id=1187 inserted transaction 19221386945
2026-05-30 11:53:34,551 INFO sms_id=1188 inserted transaction 95154102352
2026-05-30 11:53:34,553 INFO sms_id=1189 inserted transaction 3093
2026-05-30 11:53:34,555 INFO sms_id=1190 inserted transaction 3094
2026-05-30 11:53:34,557 INFO sms_id=1191 inserted transaction 85450886922
2026-05-30 11:53:34,558 INFO sms_id=1192 inserted transaction 3095
2026-05-30 11:53:34,560 INFO sms_id=1193 inserted transaction 91900163647
2026-05-30 11:53:34,562 INFO sms_id=1194 inserted transaction 3096
2026-05-30 11:53:34,564 INFO sms_id=1195 inserted transaction 3097
2026-05-30 11:53:34,565 INFO sms_id=1196 inserted transaction 3098
2026-05-30 11:53:34,567 INFO sms_id=1197 inserted transaction 3099
2026-05-30 11:53:34,569 INFO sms_id=1198 inserted transaction 3100
2026-05-30 11:53:34,570 INFO sms_id=1199 inserted transaction 3101
2026-05-30 11:53:34,572 INFO sms_id=1200 inserted transaction 3102
2026-05-30 11:53:34,573 INFO Committed batch size=300 inserted=298 skipped_unknown=2 skipped_invalid=0 failed=0
2026-05-30 11:53:34,574 INFO sms_id=1201 inserted transaction 3103
2026-05-30 11:53:34,576 INFO sms_id=1202 inserted transaction 16591010120
2026-05-30 11:53:34,579 INFO sms_id=1203 inserted transaction 27925177838
2026-05-30 11:53:34,580 INFO sms_id=1204 inserted transaction 3104
2026-05-30 11:53:34,583 INFO sms_id=1205 inserted transaction 32029523207
2026-05-30 11:53:34,585 INFO sms_id=1206 inserted transaction 3105
2026-05-30 11:53:34,587 INFO sms_id=1207 inserted transaction 31684502107
2026-05-30 11:53:34,589 INFO sms_id=1208 inserted transaction 3106
2026-05-30 11:53:34,591 INFO sms_id=1209 inserted transaction 98072616886
2026-05-30 11:53:34,593 INFO sms_id=1210 inserted transaction 3107
2026-05-30 11:53:34,594 INFO sms_id=1211 inserted transaction 3108
2026-05-30 11:53:34,596 INFO sms_id=1212 inserted transaction 3109
2026-05-30 11:53:34,599 INFO sms_id=1213 inserted transaction 74940646559
2026-05-30 11:53:34,602 INFO sms_id=1214 inserted transaction 3110
2026-05-30 11:53:34,605 INFO sms_id=1215 inserted transaction 3111
2026-05-30 11:53:34,608 INFO sms_id=1216 inserted transaction 3112
2026-05-30 11:53:34,610 INFO sms_id=1217 inserted transaction 3113
2026-05-30 11:53:34,612 INFO sms_id=1218 inserted transaction 3114
2026-05-30 11:53:34,615 INFO sms_id=1219 inserted transaction 3115
2026-05-30 11:53:34,617 INFO sms_id=1220 inserted transaction 3116
2026-05-30 11:53:34,621 INFO sms_id=1221 inserted transaction 3117
2026-05-30 11:53:34,625 INFO sms_id=1222 inserted transaction 76489114849
2026-05-30 11:53:34,628 INFO sms_id=1223 inserted transaction 90771619158
2026-05-30 11:53:34,630 INFO sms_id=1224 inserted transaction 3118
2026-05-30 11:53:34,631 INFO sms_id=1225 inserted transaction 3119
2026-05-30 11:53:34,633 INFO sms_id=1226 inserted transaction 3120
2026-05-30 11:53:34,636 INFO sms_id=1227 inserted transaction 96847302038
2026-05-30 11:53:34,639 INFO sms_id=1228 inserted transaction 52306931698
2026-05-30 11:53:34,641 INFO sms_id=1229 inserted transaction 84422936261
2026-05-30 11:53:34,644 INFO sms_id=1230 inserted transaction 80762432902
2026-05-30 11:53:34,646 INFO sms_id=1231 inserted transaction 12941586465
2026-05-30 11:53:34,649 INFO sms_id=1232 inserted transaction 32932185216
2026-05-30 11:53:34,652 INFO sms_id=1233 inserted transaction 16664315282
2026-05-30 11:53:34,654 INFO sms_id=1234 inserted transaction 74467206314
2026-05-30 11:53:34,657 INFO sms_id=1235 inserted transaction 22620644869
2026-05-30 11:53:34,659 INFO sms_id=1236 inserted transaction 26843508772
2026-05-30 11:53:34,663 INFO sms_id=1237 inserted transaction 3121
2026-05-30 11:53:34,668 INFO sms_id=1238 inserted transaction 12285281137
2026-05-30 11:53:34,671 INFO sms_id=1239 inserted transaction 3122
2026-05-30 11:53:34,675 INFO sms_id=1240 inserted transaction 72077076399
2026-05-30 11:53:34,678 INFO sms_id=1241 inserted transaction 17695655335
2026-05-30 11:53:34,682 INFO sms_id=1242 inserted transaction 47323864863
2026-05-30 11:53:34,686 INFO sms_id=1243 inserted transaction 16684572153
2026-05-30 11:53:34,688 INFO sms_id=1244 inserted transaction 3123
2026-05-30 11:53:34,693 INFO sms_id=1245 inserted transaction 51185805957
2026-05-30 11:53:34,695 INFO sms_id=1246 inserted transaction 3124
2026-05-30 11:53:34,697 INFO sms_id=1247 inserted transaction 64693883303
2026-05-30 11:53:34,700 INFO sms_id=1248 inserted transaction 32239374076
2026-05-30 11:53:34,703 INFO sms_id=1249 inserted transaction 3125
2026-05-30 11:53:34,705 INFO sms_id=1250 inserted transaction 41292933584
2026-05-30 11:53:34,707 INFO sms_id=1251 inserted transaction 57030093247
2026-05-30 11:53:34,709 INFO sms_id=1252 inserted transaction 3126
2026-05-30 11:53:34,710 INFO sms_id=1253 inserted transaction 68677426758
2026-05-30 11:53:34,712 INFO sms_id=1254 inserted transaction 3127
2026-05-30 11:53:34,714 INFO sms_id=1255 inserted transaction 3128
2026-05-30 11:53:34,717 INFO sms_id=1256 inserted transaction 29539835456
2026-05-30 11:53:34,719 INFO sms_id=1257 inserted transaction 3129
2026-05-30 11:53:34,722 INFO sms_id=1258 inserted transaction 53740527535
2026-05-30 11:53:34,723 INFO sms_id=1259 inserted transaction 3130
2026-05-30 11:53:34,726 INFO sms_id=1260 inserted transaction 55287216793
2026-05-30 11:53:34,729 INFO sms_id=1261 inserted transaction 61476126603
2026-05-30 11:53:34,731 INFO sms_id=1262 inserted transaction 3131
2026-05-30 11:53:34,732 INFO sms_id=1263 inserted transaction 3132
2026-05-30 11:53:34,735 INFO sms_id=1264 inserted transaction 3133
2026-05-30 11:53:34,738 INFO sms_id=1265 inserted transaction 97375149913
2026-05-30 11:53:34,740 INFO sms_id=1266 inserted transaction 23756291424
2026-05-30 11:53:34,743 INFO sms_id=1267 inserted transaction 3134
2026-05-30 11:53:34,746 INFO sms_id=1268 inserted transaction 67973089801
2026-05-30 11:53:34,748 INFO sms_id=1269 inserted transaction 79800269407
2026-05-30 11:53:34,750 INFO sms_id=1270 inserted transaction 3135
2026-05-30 11:53:34,753 INFO sms_id=1271 inserted transaction 62769441387
2026-05-30 11:53:34,756 INFO sms_id=1272 inserted transaction 57206973697
2026-05-30 11:53:34,759 INFO sms_id=1273 inserted transaction 3136
2026-05-30 11:53:34,762 INFO sms_id=1274 inserted transaction 67320713042
2026-05-30 11:53:34,764 INFO sms_id=1275 inserted transaction 56966147157
2026-05-30 11:53:34,766 INFO sms_id=1276 inserted transaction 3137
2026-05-30 11:53:34,769 INFO sms_id=1277 inserted transaction 3138
2026-05-30 11:53:34,771 INFO sms_id=1278 inserted transaction 3139
2026-05-30 11:53:34,772 INFO sms_id=1279 inserted transaction 3140
2026-05-30 11:53:34,774 INFO sms_id=1280 inserted transaction 3141
2026-05-30 11:53:34,776 INFO sms_id=1281 inserted transaction 96703530751
2026-05-30 11:53:34,779 INFO sms_id=1282 inserted transaction 50100917269
2026-05-30 11:53:34,782 INFO sms_id=1283 inserted transaction 62656383062
2026-05-30 11:53:34,785 INFO sms_id=1284 inserted transaction 3142
2026-05-30 11:53:34,787 INFO sms_id=1285 inserted transaction 94631078749
2026-05-30 11:53:34,788 INFO sms_id=1286 inserted transaction 3143
2026-05-30 11:53:34,790 INFO sms_id=1287 inserted transaction 16803066185
2026-05-30 11:53:34,792 INFO sms_id=1288 inserted transaction 16803076383
2026-05-30 11:53:34,794 INFO sms_id=1289 inserted transaction 16803083833
2026-05-30 11:53:34,797 INFO sms_id=1290 inserted transaction 3144
2026-05-30 11:53:34,802 INFO sms_id=1291 inserted transaction 76861068912
2026-05-30 11:53:34,805 INFO sms_id=1292 inserted transaction 16811450681
2026-05-30 11:53:34,807 WARNING sms_id=1293 unrecognized transaction type
2026-05-30 11:53:34,809 INFO sms_id=1294 inserted transaction 16813007600
2026-05-30 11:53:34,813 INFO sms_id=1295 inserted transaction 68167518530
2026-05-30 11:53:34,817 INFO sms_id=1296 inserted transaction 91027288469
2026-05-30 11:53:34,818 INFO sms_id=1297 inserted transaction 3145
2026-05-30 11:53:34,821 INFO sms_id=1298 inserted transaction 53670708085
2026-05-30 11:53:34,823 INFO sms_id=1299 inserted transaction 60464892197
2026-05-30 11:53:34,825 INFO sms_id=1300 inserted transaction 3146
2026-05-30 11:53:34,826 INFO sms_id=1301 inserted transaction 3147
2026-05-30 11:53:34,828 INFO sms_id=1302 inserted transaction 16283271112
2026-05-30 11:53:34,832 INFO sms_id=1303 inserted transaction 77064133585
2026-05-30 11:53:34,835 INFO sms_id=1304 inserted transaction 3148
2026-05-30 11:53:34,837 INFO sms_id=1305 inserted transaction 54178902109
2026-05-30 11:53:34,839 INFO sms_id=1306 inserted transaction 54792622020
2026-05-30 11:53:34,841 INFO sms_id=1307 inserted transaction 49452512289
2026-05-30 11:53:34,843 INFO sms_id=1308 inserted transaction 82479923721
2026-05-30 11:53:34,845 INFO sms_id=1309 inserted transaction 3149
2026-05-30 11:53:34,847 INFO sms_id=1310 inserted transaction 3150
2026-05-30 11:53:34,851 INFO sms_id=1311 inserted transaction 16870426837
2026-05-30 11:53:34,853 INFO sms_id=1312 inserted transaction 63834300936
2026-05-30 11:53:34,856 INFO sms_id=1313 inserted transaction 75381717541
2026-05-30 11:53:34,858 INFO sms_id=1314 inserted transaction 35179537922
2026-05-30 11:53:34,859 INFO sms_id=1315 inserted transaction 19451958132
2026-05-30 11:53:34,862 INFO sms_id=1316 inserted transaction 70271999796
2026-05-30 11:53:34,864 INFO sms_id=1317 inserted transaction 3151
2026-05-30 11:53:34,867 INFO sms_id=1318 inserted transaction 50182287789
2026-05-30 11:53:34,869 INFO sms_id=1319 inserted transaction 52735784344
2026-05-30 11:53:34,871 INFO sms_id=1320 inserted transaction 3152
2026-05-30 11:53:34,873 INFO sms_id=1321 inserted transaction 69693617235
2026-05-30 11:53:34,875 INFO sms_id=1322 inserted transaction 81939407545
2026-05-30 11:53:34,877 INFO sms_id=1323 inserted transaction 3153
2026-05-30 11:53:34,880 INFO sms_id=1324 inserted transaction 15146134181
2026-05-30 11:53:34,882 INFO sms_id=1325 inserted transaction 91836203944
2026-05-30 11:53:34,884 INFO sms_id=1326 inserted transaction 3154
2026-05-30 11:53:34,886 INFO sms_id=1327 inserted transaction 3155
2026-05-30 11:53:34,888 INFO sms_id=1328 inserted transaction 3156
2026-05-30 11:53:34,890 INFO sms_id=1329 inserted transaction 35247235522
2026-05-30 11:53:34,892 INFO sms_id=1330 inserted transaction 3157
2026-05-30 11:53:34,894 INFO sms_id=1331 inserted transaction 51960195659
2026-05-30 11:53:34,896 INFO sms_id=1332 inserted transaction 3158
2026-05-30 11:53:34,898 INFO sms_id=1333 inserted transaction 51637767958
2026-05-30 11:53:34,901 INFO sms_id=1334 inserted transaction 63832588568
2026-05-30 11:53:34,904 INFO sms_id=1335 inserted transaction 55787996640
2026-05-30 11:53:34,906 INFO sms_id=1336 inserted transaction 3159
2026-05-30 11:53:34,907 INFO sms_id=1337 inserted transaction 3160
2026-05-30 11:53:34,910 INFO sms_id=1338 inserted transaction 17739493764
2026-05-30 11:53:34,911 INFO sms_id=1339 inserted transaction 3161
2026-05-30 11:53:34,913 INFO sms_id=1340 inserted transaction 3162
2026-05-30 11:53:34,916 INFO sms_id=1341 inserted transaction 58201924130
2026-05-30 11:53:34,919 INFO sms_id=1342 inserted transaction 71572076549
2026-05-30 11:53:34,921 INFO sms_id=1343 inserted transaction 36782365869
2026-05-30 11:53:34,922 INFO sms_id=1344 inserted transaction 43160125858
2026-05-30 11:53:34,924 INFO sms_id=1345 inserted transaction 70636809967
2026-05-30 11:53:34,926 INFO sms_id=1346 inserted transaction 3163
2026-05-30 11:53:34,927 INFO sms_id=1347 inserted transaction 3164
2026-05-30 11:53:34,929 INFO sms_id=1348 inserted transaction 34697085121
2026-05-30 11:53:34,931 INFO sms_id=1349 inserted transaction 3165
2026-05-30 11:53:34,933 INFO sms_id=1350 inserted transaction 3166
2026-05-30 11:53:34,937 INFO sms_id=1351 inserted transaction 44041838566
2026-05-30 11:53:34,941 INFO sms_id=1352 inserted transaction 22997289029
2026-05-30 11:53:34,944 INFO sms_id=1353 inserted transaction 82106121513
2026-05-30 11:53:34,947 INFO sms_id=1354 inserted transaction 10620670791
2026-05-30 11:53:34,949 WARNING sms_id=1355 category code missing in DB: WITHDRAWAL
2026-05-30 11:53:34,952 INFO sms_id=1356 inserted transaction 52261254503
2026-05-30 11:53:34,954 INFO sms_id=1357 inserted transaction 3167
2026-05-30 11:53:34,956 INFO sms_id=1358 inserted transaction 3168
2026-05-30 11:53:34,958 WARNING sms_id=1359 category code missing in DB: WITHDRAWAL
2026-05-30 11:53:34,961 INFO sms_id=1360 inserted transaction 3169
2026-05-30 11:53:34,964 INFO sms_id=1361 inserted transaction 3170
2026-05-30 11:53:34,966 INFO sms_id=1362 inserted transaction 3171
2026-05-30 11:53:34,970 INFO sms_id=1363 inserted transaction 3172
2026-05-30 11:53:34,972 INFO sms_id=1364 inserted transaction 3173
2026-05-30 11:53:34,975 INFO sms_id=1365 inserted transaction 3174
2026-05-30 11:53:34,977 INFO sms_id=1366 inserted transaction 3175
2026-05-30 11:53:34,979 INFO sms_id=1367 inserted transaction 3176
2026-05-30 11:53:34,981 INFO sms_id=1368 inserted transaction 3177
2026-05-30 11:53:34,984 INFO sms_id=1369 inserted transaction 35896509195
2026-05-30 11:53:34,987 INFO sms_id=1370 inserted transaction 84035130850
2026-05-30 11:53:34,989 INFO sms_id=1371 inserted transaction 96504237860
2026-05-30 11:53:34,992 INFO sms_id=1372 inserted transaction 78289351585
2026-05-30 11:53:34,994 INFO sms_id=1373 inserted transaction 72378502864
2026-05-30 11:53:34,996 INFO sms_id=1374 inserted transaction 48478800335
2026-05-30 11:53:34,998 INFO sms_id=1375 inserted transaction 3178
2026-05-30 11:53:35,001 INFO sms_id=1376 inserted transaction 55816563993
2026-05-30 11:53:35,004 INFO sms_id=1377 inserted transaction 71214421293
2026-05-30 11:53:35,006 INFO sms_id=1378 inserted transaction 3179
2026-05-30 11:53:35,007 INFO sms_id=1379 inserted transaction 3180
2026-05-30 11:53:35,009 INFO sms_id=1380 inserted transaction 3181
2026-05-30 11:53:35,012 INFO sms_id=1381 inserted transaction 48536966202
2026-05-30 11:53:35,014 INFO sms_id=1382 inserted transaction 3182
2026-05-30 11:53:35,016 INFO sms_id=1383 inserted transaction 38897384275
2026-05-30 11:53:35,020 INFO sms_id=1384 inserted transaction 42838068588
2026-05-30 11:53:35,022 INFO sms_id=1385 inserted transaction 39305056580
2026-05-30 11:53:35,024 INFO sms_id=1386 inserted transaction 3183
2026-05-30 11:53:35,026 INFO sms_id=1387 inserted transaction 3184
2026-05-30 11:53:35,028 INFO sms_id=1388 inserted transaction 3185
2026-05-30 11:53:35,030 INFO sms_id=1389 inserted transaction 38740551775
2026-05-30 11:53:35,032 INFO sms_id=1390 inserted transaction 3186
2026-05-30 11:53:35,033 INFO sms_id=1391 inserted transaction 3187
2026-05-30 11:53:35,037 INFO sms_id=1392 inserted transaction 23077076861
2026-05-30 11:53:35,038 INFO sms_id=1393 inserted transaction 3188
2026-05-30 11:53:35,041 INFO sms_id=1394 inserted transaction 66106452523
2026-05-30 11:53:35,044 INFO sms_id=1395 inserted transaction 20585797761
2026-05-30 11:53:35,046 INFO sms_id=1396 inserted transaction 3189
2026-05-30 11:53:35,048 INFO sms_id=1397 inserted transaction 3190
2026-05-30 11:53:35,051 INFO sms_id=1398 inserted transaction 48062023691
2026-05-30 11:53:35,054 INFO sms_id=1399 inserted transaction 56257770091
2026-05-30 11:53:35,056 INFO sms_id=1400 inserted transaction 3191
2026-05-30 11:53:35,058 INFO sms_id=1401 inserted transaction 3192
2026-05-30 11:53:35,060 INFO sms_id=1402 inserted transaction 3193
2026-05-30 11:53:35,061 INFO sms_id=1403 inserted transaction 3194
2026-05-30 11:53:35,063 INFO sms_id=1404 inserted transaction 3195
2026-05-30 11:53:35,066 INFO sms_id=1405 inserted transaction 21855529824
2026-05-30 11:53:35,069 INFO sms_id=1406 inserted transaction 3196
2026-05-30 11:53:35,071 INFO sms_id=1407 inserted transaction 35022569513
2026-05-30 11:53:35,074 INFO sms_id=1408 inserted transaction 55628760506
2026-05-30 11:53:35,077 INFO sms_id=1409 inserted transaction 17140081149
2026-05-30 11:53:35,080 INFO sms_id=1410 inserted transaction 17146971568
2026-05-30 11:53:35,083 INFO sms_id=1411 inserted transaction 3197
2026-05-30 11:53:35,085 INFO sms_id=1412 inserted transaction 3198
2026-05-30 11:53:35,088 INFO sms_id=1413 inserted transaction 89671501317
2026-05-30 11:53:35,091 INFO sms_id=1414 inserted transaction 11135974601
2026-05-30 11:53:35,093 INFO sms_id=1415 inserted transaction 17149096701
2026-05-30 11:53:35,095 INFO sms_id=1416 inserted transaction 3199
2026-05-30 11:53:35,098 INFO sms_id=1417 inserted transaction 21899972101
2026-05-30 11:53:35,100 INFO sms_id=1418 inserted transaction 3200
2026-05-30 11:53:35,102 INFO sms_id=1419 inserted transaction 3201
2026-05-30 11:53:35,105 INFO sms_id=1420 inserted transaction 41127800959
2026-05-30 11:53:35,107 INFO sms_id=1421 inserted transaction 36071803053
2026-05-30 11:53:35,108 INFO sms_id=1422 inserted transaction 3202
2026-05-30 11:53:35,110 INFO sms_id=1423 inserted transaction 3203
2026-05-30 11:53:35,111 INFO sms_id=1424 inserted transaction 3204
2026-05-30 11:53:35,113 INFO sms_id=1425 inserted transaction 3205
2026-05-30 11:53:35,115 INFO sms_id=1426 inserted transaction 3206
2026-05-30 11:53:35,118 INFO sms_id=1427 inserted transaction 3207
2026-05-30 11:53:35,120 INFO sms_id=1428 inserted transaction 17192081844
2026-05-30 11:53:35,122 INFO sms_id=1429 inserted transaction 3208
2026-05-30 11:53:35,124 INFO sms_id=1430 inserted transaction 17194680435
2026-05-30 11:53:35,126 INFO sms_id=1431 inserted transaction 46181498529
2026-05-30 11:53:35,128 INFO sms_id=1432 inserted transaction 3209
2026-05-30 11:53:35,133 INFO sms_id=1433 inserted transaction 39367315432
2026-05-30 11:53:35,135 INFO sms_id=1434 inserted transaction 54832853783
2026-05-30 11:53:35,137 INFO sms_id=1435 inserted transaction 49470186297
2026-05-30 11:53:35,138 INFO sms_id=1436 inserted transaction 3210
2026-05-30 11:53:35,140 INFO sms_id=1437 inserted transaction 58399013847
2026-05-30 11:53:35,142 INFO sms_id=1438 inserted transaction 3211
2026-05-30 11:53:35,145 INFO sms_id=1439 inserted transaction 32104617984
2026-05-30 11:53:35,149 INFO sms_id=1440 inserted transaction 70799475893
2026-05-30 11:53:35,151 INFO sms_id=1441 inserted transaction 3212
2026-05-30 11:53:35,154 INFO sms_id=1442 inserted transaction 3213
2026-05-30 11:53:35,155 INFO sms_id=1443 inserted transaction 3214
2026-05-30 11:53:35,158 INFO sms_id=1444 inserted transaction 17219848993
2026-05-30 11:53:35,159 INFO sms_id=1445 inserted transaction 3215
2026-05-30 11:53:35,164 INFO sms_id=1446 inserted transaction 17236283233
2026-05-30 11:53:35,168 INFO sms_id=1447 inserted transaction 47209547707
2026-05-30 11:53:35,170 INFO sms_id=1448 inserted transaction 93029036539
2026-05-30 11:53:35,172 INFO sms_id=1449 inserted transaction 3216
2026-05-30 11:53:35,173 INFO sms_id=1450 inserted transaction 3217
2026-05-30 11:53:35,175 INFO sms_id=1451 inserted transaction 99213721569
2026-05-30 11:53:35,178 INFO sms_id=1452 inserted transaction 15669847093
2026-05-30 11:53:35,181 INFO sms_id=1453 inserted transaction 17278839589
2026-05-30 11:53:35,185 INFO sms_id=1454 inserted transaction 3218
2026-05-30 11:53:35,187 INFO sms_id=1455 inserted transaction 89862603085
2026-05-30 11:53:35,190 INFO sms_id=1456 inserted transaction 3219
2026-05-30 11:53:35,193 INFO sms_id=1457 inserted transaction 33953051219
2026-05-30 11:53:35,195 INFO sms_id=1458 inserted transaction 41885909187
2026-05-30 11:53:35,198 INFO sms_id=1459 inserted transaction 3220
2026-05-30 11:53:35,202 INFO sms_id=1460 inserted transaction 95870127706
2026-05-30 11:53:35,204 INFO sms_id=1461 inserted transaction 3221
2026-05-30 11:53:35,206 INFO sms_id=1462 inserted transaction 37194978837
2026-05-30 11:53:35,209 INFO sms_id=1463 inserted transaction 71359588682
2026-05-30 11:53:35,211 INFO sms_id=1464 inserted transaction 3222
2026-05-30 11:53:35,215 INFO sms_id=1465 inserted transaction 37711041058
2026-05-30 11:53:35,218 INFO sms_id=1466 inserted transaction 3223
2026-05-30 11:53:35,220 INFO sms_id=1467 inserted transaction 94221988885
2026-05-30 11:53:35,223 INFO sms_id=1468 inserted transaction 17344287393
2026-05-30 11:53:35,225 INFO sms_id=1469 inserted transaction 3224
2026-05-30 11:53:35,226 INFO sms_id=1470 inserted transaction 3225
2026-05-30 11:53:35,229 INFO sms_id=1471 inserted transaction 72231619373
2026-05-30 11:53:35,235 INFO sms_id=1472 inserted transaction 66539582201
2026-05-30 11:53:35,239 INFO sms_id=1473 inserted transaction 46343939313
2026-05-30 11:53:35,243 INFO sms_id=1474 inserted transaction 3226
2026-05-30 11:53:35,245 INFO sms_id=1475 inserted transaction 3227
2026-05-30 11:53:35,249 INFO sms_id=1476 inserted transaction 3228
2026-05-30 11:53:35,252 INFO sms_id=1477 inserted transaction 3229
2026-05-30 11:53:35,255 INFO sms_id=1478 inserted transaction 3230
2026-05-30 11:53:35,257 INFO sms_id=1479 inserted transaction 3231
2026-05-30 11:53:35,260 INFO sms_id=1480 inserted transaction 86771299813
2026-05-30 11:53:35,262 INFO sms_id=1481 inserted transaction 3232
2026-05-30 11:53:35,265 INFO sms_id=1482 inserted transaction 3233
2026-05-30 11:53:35,266 INFO sms_id=1483 inserted transaction 3234
2026-05-30 11:53:35,269 INFO sms_id=1484 inserted transaction 45962008824
2026-05-30 11:53:35,270 INFO sms_id=1485 inserted transaction 3235
2026-05-30 11:53:35,272 INFO sms_id=1486 inserted transaction 3236
2026-05-30 11:53:35,273 WARNING sms_id=1487 unrecognized transaction type
2026-05-30 11:53:35,275 INFO sms_id=1488 inserted transaction 17417124626
2026-05-30 11:53:35,277 INFO sms_id=1489 inserted transaction 3237
2026-05-30 11:53:35,279 INFO sms_id=1490 inserted transaction 3238
2026-05-30 11:53:35,282 INFO sms_id=1491 inserted transaction 64379934012
2026-05-30 11:53:35,285 INFO sms_id=1492 inserted transaction 3239
2026-05-30 11:53:35,286 INFO sms_id=1493 inserted transaction 3240
2026-05-30 11:53:35,288 INFO sms_id=1494 inserted transaction 3241
2026-05-30 11:53:35,290 INFO sms_id=1495 inserted transaction 3242
2026-05-30 11:53:35,291 INFO sms_id=1496 inserted transaction 3243
2026-05-30 11:53:35,293 INFO sms_id=1497 inserted transaction 3244
2026-05-30 11:53:35,295 INFO sms_id=1498 inserted transaction 3245
2026-05-30 11:53:35,298 INFO sms_id=1499 inserted transaction 16767909062
2026-05-30 11:53:35,301 INFO sms_id=1500 inserted transaction 96265284937
2026-05-30 11:53:35,302 INFO Committed batch size=300 inserted=296 skipped_unknown=4 skipped_invalid=0 failed=0
2026-05-30 11:53:35,304 INFO sms_id=1501 inserted transaction 84054827778
2026-05-30 11:53:35,306 INFO sms_id=1502 inserted transaction 88725319180
2026-05-30 11:53:35,307 INFO sms_id=1503 inserted transaction 3246
2026-05-30 11:53:35,308 INFO sms_id=1504 inserted transaction 3247
2026-05-30 11:53:35,310 INFO sms_id=1505 inserted transaction 3248
2026-05-30 11:53:35,312 INFO sms_id=1506 inserted transaction 56170688559
2026-05-30 11:53:35,316 INFO sms_id=1507 inserted transaction 77222748548
2026-05-30 11:53:35,318 INFO sms_id=1508 inserted transaction 25634019489
2026-05-30 11:53:35,320 INFO sms_id=1509 inserted transaction 17878271668
2026-05-30 11:53:35,322 INFO sms_id=1510 inserted transaction 3249
2026-05-30 11:53:35,324 INFO sms_id=1511 inserted transaction 17469774285
2026-05-30 11:53:35,325 INFO sms_id=1512 inserted transaction 3250
2026-05-30 11:53:35,327 INFO sms_id=1513 inserted transaction 35727276550
2026-05-30 11:53:35,329 INFO sms_id=1514 inserted transaction 3251
2026-05-30 11:53:35,331 INFO sms_id=1515 inserted transaction 3252
2026-05-30 11:53:35,334 INFO sms_id=1516 inserted transaction 31316222684
2026-05-30 11:53:35,336 INFO sms_id=1517 inserted transaction 3253
2026-05-30 11:53:35,339 INFO sms_id=1518 inserted transaction 34560987595
2026-05-30 11:53:35,341 INFO sms_id=1519 inserted transaction 64898321363
2026-05-30 11:53:35,344 INFO sms_id=1520 inserted transaction 76380162722
2026-05-30 11:53:35,346 INFO sms_id=1521 inserted transaction 3254
2026-05-30 11:53:35,348 INFO sms_id=1522 inserted transaction 3255
2026-05-30 11:53:35,350 INFO sms_id=1523 inserted transaction 3256
2026-05-30 11:53:35,353 INFO sms_id=1524 inserted transaction 82617046769
2026-05-30 11:53:35,355 INFO sms_id=1525 inserted transaction 57516315891
2026-05-30 11:53:35,357 INFO sms_id=1526 inserted transaction 3257
2026-05-30 11:53:35,360 INFO sms_id=1527 inserted transaction 60930083503
2026-05-30 11:53:35,362 INFO sms_id=1528 inserted transaction 3258
2026-05-30 11:53:35,365 INFO sms_id=1529 inserted transaction 3259
2026-05-30 11:53:35,368 INFO sms_id=1530 inserted transaction 15885497602
2026-05-30 11:53:35,370 INFO sms_id=1531 inserted transaction 3260
2026-05-30 11:53:35,372 INFO sms_id=1532 inserted transaction 19391512835
2026-05-30 11:53:35,374 INFO sms_id=1533 inserted transaction 3261
2026-05-30 11:53:35,377 INFO sms_id=1534 inserted transaction 3262
2026-05-30 11:53:35,379 INFO sms_id=1535 inserted transaction 3263
2026-05-30 11:53:35,382 INFO sms_id=1536 inserted transaction 3264
2026-05-30 11:53:35,386 INFO sms_id=1537 inserted transaction 17798210186
2026-05-30 11:53:35,388 INFO sms_id=1538 inserted transaction 3265
2026-05-30 11:53:35,390 INFO sms_id=1539 inserted transaction 3266
2026-05-30 11:53:35,391 INFO sms_id=1540 inserted transaction 3267
2026-05-30 11:53:35,393 INFO sms_id=1541 inserted transaction 3268
2026-05-30 11:53:35,396 INFO sms_id=1542 inserted transaction 3269
2026-05-30 11:53:35,400 INFO sms_id=1543 inserted transaction 94602885416
2026-05-30 11:53:35,403 INFO sms_id=1544 inserted transaction 40325712376
2026-05-30 11:53:35,406 INFO sms_id=1545 inserted transaction 88953152367
2026-05-30 11:53:35,407 INFO sms_id=1546 inserted transaction 70853207718
2026-05-30 11:53:35,409 INFO sms_id=1547 inserted transaction 3270
2026-05-30 11:53:35,411 INFO sms_id=1548 inserted transaction 3271
2026-05-30 11:53:35,414 INFO sms_id=1549 inserted transaction 3272
2026-05-30 11:53:35,418 INFO sms_id=1550 inserted transaction 3273
2026-05-30 11:53:35,420 INFO sms_id=1551 inserted transaction 3274
2026-05-30 11:53:35,423 INFO sms_id=1552 inserted transaction 86091303323
2026-05-30 11:53:35,425 INFO sms_id=1553 inserted transaction 3275
2026-05-30 11:53:35,428 INFO sms_id=1554 inserted transaction 76924527055
2026-05-30 11:53:35,433 INFO sms_id=1555 inserted transaction 86101897464
2026-05-30 11:53:35,437 INFO sms_id=1556 inserted transaction 26959913460
2026-05-30 11:53:35,439 INFO sms_id=1557 inserted transaction 3276
2026-05-30 11:53:35,440 INFO sms_id=1558 inserted transaction 3277
2026-05-30 11:53:35,442 INFO sms_id=1559 inserted transaction 3278
2026-05-30 11:53:35,444 INFO sms_id=1560 inserted transaction 3279
2026-05-30 11:53:35,446 INFO sms_id=1561 inserted transaction 3280
2026-05-30 11:53:35,450 INFO sms_id=1562 inserted transaction 47314034059
2026-05-30 11:53:35,454 INFO sms_id=1563 inserted transaction 18331674229
2026-05-30 11:53:35,456 INFO sms_id=1564 inserted transaction 97521447595
2026-05-30 11:53:35,458 INFO sms_id=1565 inserted transaction 3281
2026-05-30 11:53:35,461 INFO sms_id=1566 inserted transaction 3282
2026-05-30 11:53:35,466 INFO sms_id=1567 inserted transaction 38286062599
2026-05-30 11:53:35,470 INFO sms_id=1568 inserted transaction 24101990460
2026-05-30 11:53:35,472 INFO sms_id=1569 inserted transaction 3283
2026-05-30 11:53:35,475 INFO sms_id=1570 inserted transaction 19512741503
2026-05-30 11:53:35,477 INFO sms_id=1571 inserted transaction 36173508232
2026-05-30 11:53:35,481 INFO sms_id=1572 inserted transaction 83297515675
2026-05-30 11:53:35,484 INFO sms_id=1573 inserted transaction 3284
2026-05-30 11:53:35,486 INFO sms_id=1574 inserted transaction 91646737384
2026-05-30 11:53:35,489 INFO sms_id=1575 inserted transaction 17708814651
2026-05-30 11:53:35,491 INFO sms_id=1576 inserted transaction 32322247458
2026-05-30 11:53:35,494 INFO sms_id=1577 inserted transaction 3285
2026-05-30 11:53:35,497 INFO sms_id=1578 inserted transaction 3286
2026-05-30 11:53:35,500 INFO sms_id=1579 inserted transaction 3287
2026-05-30 11:53:35,501 INFO sms_id=1580 inserted transaction 3288
2026-05-30 11:53:35,504 INFO sms_id=1581 inserted transaction 25739550229
2026-05-30 11:53:35,505 INFO sms_id=1582 inserted transaction 3289
2026-05-30 11:53:35,507 INFO sms_id=1583 inserted transaction 99751172452
2026-05-30 11:53:35,509 INFO sms_id=1584 inserted transaction 50448841591
2026-05-30 11:53:35,512 INFO sms_id=1585 inserted transaction 3290
2026-05-30 11:53:35,515 INFO sms_id=1586 inserted transaction 17725876735
2026-05-30 11:53:35,518 INFO sms_id=1587 inserted transaction 3291
2026-05-30 11:53:35,520 INFO sms_id=1588 inserted transaction 46963818865
2026-05-30 11:53:35,522 INFO sms_id=1589 inserted transaction 78301179486
2026-05-30 11:53:35,524 INFO sms_id=1590 inserted transaction 3292
2026-05-30 11:53:35,526 INFO sms_id=1591 inserted transaction 34561368106
2026-05-30 11:53:35,528 INFO sms_id=1592 inserted transaction 3293
2026-05-30 11:53:35,531 INFO sms_id=1593 inserted transaction 87189301259
2026-05-30 11:53:35,534 INFO sms_id=1594 inserted transaction 32473306579
2026-05-30 11:53:35,536 INFO sms_id=1595 inserted transaction 3294
2026-05-30 11:53:35,538 INFO sms_id=1596 inserted transaction 3295
2026-05-30 11:53:35,540 INFO sms_id=1597 inserted transaction 3296
2026-05-30 11:53:35,541 INFO sms_id=1598 inserted transaction 3297
2026-05-30 11:53:35,544 INFO sms_id=1599 inserted transaction 60612987867
2026-05-30 11:53:35,546 INFO sms_id=1600 inserted transaction 3298
2026-05-30 11:53:35,548 INFO sms_id=1601 inserted transaction 3299
2026-05-30 11:53:35,552 INFO sms_id=1602 inserted transaction 3300
2026-05-30 11:53:35,557 INFO sms_id=1603 inserted transaction 11332825043
2026-05-30 11:53:35,560 INFO sms_id=1604 inserted transaction 3301
2026-05-30 11:53:35,562 INFO sms_id=1605 inserted transaction 58861772799
2026-05-30 11:53:35,567 INFO sms_id=1606 inserted transaction 79491078117
2026-05-30 11:53:35,570 INFO sms_id=1607 inserted transaction 42280278088
2026-05-30 11:53:35,573 INFO sms_id=1608 inserted transaction 3302
2026-05-30 11:53:35,576 INFO sms_id=1609 inserted transaction 26480204749
2026-05-30 11:53:35,578 INFO sms_id=1610 inserted transaction 11336164483
2026-05-30 11:53:35,581 INFO sms_id=1611 inserted transaction 3303
2026-05-30 11:53:35,583 INFO sms_id=1612 inserted transaction 3304
2026-05-30 11:53:35,586 INFO sms_id=1613 inserted transaction 11689124968
2026-05-30 11:53:35,588 INFO sms_id=1614 inserted transaction 3305
2026-05-30 11:53:35,590 INFO sms_id=1615 inserted transaction 35592207581
2026-05-30 11:53:35,592 INFO sms_id=1616 inserted transaction 66251081197
2026-05-30 11:53:35,596 INFO sms_id=1617 inserted transaction 17841214930
2026-05-30 11:53:35,599 INFO sms_id=1618 inserted transaction 3306
2026-05-30 11:53:35,602 INFO sms_id=1619 inserted transaction 48873092706
2026-05-30 11:53:35,606 INFO sms_id=1620 inserted transaction 56839942126
2026-05-30 11:53:35,610 INFO sms_id=1621 inserted transaction 82394883480
2026-05-30 11:53:35,612 INFO sms_id=1622 inserted transaction 3307
2026-05-30 11:53:35,614 INFO sms_id=1623 inserted transaction 3308
2026-05-30 11:53:35,616 INFO sms_id=1624 inserted transaction 3309
2026-05-30 11:53:35,620 INFO sms_id=1625 inserted transaction 93254937757
2026-05-30 11:53:35,622 INFO sms_id=1626 inserted transaction 3310
2026-05-30 11:53:35,624 INFO sms_id=1627 inserted transaction 3311
2026-05-30 11:53:35,627 INFO sms_id=1628 inserted transaction 17868470140
2026-05-30 11:53:35,630 INFO sms_id=1629 inserted transaction 3312
2026-05-30 11:53:35,632 INFO sms_id=1630 inserted transaction 3313
2026-05-30 11:53:35,635 INFO sms_id=1631 inserted transaction 31144936614
2026-05-30 11:53:35,639 INFO sms_id=1632 inserted transaction 47955567230
2026-05-30 11:53:35,643 INFO sms_id=1633 inserted transaction 51461434870
2026-05-30 11:53:35,645 INFO sms_id=1634 inserted transaction 3314
2026-05-30 11:53:35,648 INFO sms_id=1635 inserted transaction 3315
2026-05-30 11:53:35,652 INFO sms_id=1636 inserted transaction 31288108568
2026-05-30 11:53:35,657 INFO sms_id=1637 inserted transaction 26095846303
2026-05-30 11:53:35,659 INFO sms_id=1638 inserted transaction 3316
2026-05-30 11:53:35,663 INFO sms_id=1639 inserted transaction 29138578472
2026-05-30 11:53:35,667 INFO sms_id=1640 inserted transaction 42047000517
2026-05-30 11:53:35,671 INFO sms_id=1641 inserted transaction 93141088379
2026-05-30 11:53:35,673 INFO sms_id=1642 inserted transaction 3317
2026-05-30 11:53:35,675 INFO sms_id=1643 inserted transaction 3318
2026-05-30 11:53:35,679 INFO sms_id=1644 inserted transaction 50185533867
2026-05-30 11:53:35,682 INFO sms_id=1645 inserted transaction 30614825696
2026-05-30 11:53:35,685 INFO sms_id=1646 inserted transaction 3319
2026-05-30 11:53:35,687 INFO sms_id=1647 inserted transaction 3320
2026-05-30 11:53:35,689 INFO sms_id=1648 inserted transaction 3321
2026-05-30 11:53:35,694 INFO sms_id=1649 inserted transaction 12490495576
2026-05-30 11:53:35,696 INFO sms_id=1650 inserted transaction 3322
2026-05-30 11:53:35,699 INFO sms_id=1651 inserted transaction 64907673038
2026-05-30 11:53:35,702 INFO sms_id=1652 inserted transaction 32539170420
2026-05-30 11:53:35,704 INFO sms_id=1653 inserted transaction 3323
2026-05-30 11:53:35,707 INFO sms_id=1654 inserted transaction 78103204977
2026-05-30 11:53:35,710 INFO sms_id=1655 inserted transaction 31387192219
2026-05-30 11:53:35,713 INFO sms_id=1656 inserted transaction 57476994247
2026-05-30 11:53:35,716 INFO sms_id=1657 inserted transaction 3324
2026-05-30 11:53:35,718 INFO sms_id=1658 inserted transaction 3325
2026-05-30 11:53:35,721 INFO sms_id=1659 inserted transaction 98632277447
2026-05-30 11:53:35,723 INFO sms_id=1660 inserted transaction 40588162053
2026-05-30 11:53:35,726 INFO sms_id=1661 inserted transaction 29067172393
2026-05-30 11:53:35,728 INFO sms_id=1662 inserted transaction 3326
2026-05-30 11:53:35,731 INFO sms_id=1663 inserted transaction 45609632088
2026-05-30 11:53:35,733 INFO sms_id=1664 inserted transaction 85530195772
2026-05-30 11:53:35,735 INFO sms_id=1665 inserted transaction 3327
2026-05-30 11:53:35,738 INFO sms_id=1666 inserted transaction 44937760731
2026-05-30 11:53:35,740 INFO sms_id=1667 inserted transaction 65965699498
2026-05-30 11:53:35,743 INFO sms_id=1668 inserted transaction 81626212197
2026-05-30 11:53:35,745 INFO sms_id=1669 inserted transaction 22829152838
2026-05-30 11:53:35,747 INFO sms_id=1670 inserted transaction 3328
2026-05-30 11:53:35,749 INFO sms_id=1671 inserted transaction 18044804543
2026-05-30 11:53:35,751 INFO sms_id=1672 inserted transaction 3329
2026-05-30 11:53:35,754 INFO sms_id=1673 inserted transaction 52225700417
2026-05-30 11:53:35,755 INFO sms_id=1674 inserted transaction 3330
2026-05-30 11:53:35,757 INFO sms_id=1675 inserted transaction 31581671113
2026-05-30 11:53:35,760 INFO sms_id=1676 inserted transaction 88289015616
2026-05-30 11:53:35,762 INFO sms_id=1677 inserted transaction 18064613724
2026-05-30 11:53:35,764 WARNING sms_id=1678 unrecognized transaction type
2026-05-30 11:53:35,765 INFO sms_id=1679 inserted transaction 3331
2026-05-30 11:53:35,767 INFO sms_id=1680 inserted transaction 3332
2026-05-30 11:53:35,769 INFO sms_id=1681 inserted transaction 33961366964
2026-05-30 11:53:35,770 INFO sms_id=1682 inserted transaction 3333
2026-05-30 11:53:35,773 INFO sms_id=1683 inserted transaction 36439238929
2026-05-30 11:53:35,777 INFO sms_id=1684 inserted transaction 18087757600
2026-05-30 11:53:35,781 INFO sms_id=1685 inserted transaction 30801532894
2026-05-30 11:53:35,784 INFO sms_id=1686 inserted transaction 55109401801
2026-05-30 11:53:35,786 INFO sms_id=1687 inserted transaction 3334
2026-05-30 11:53:35,788 INFO sms_id=1688 inserted transaction 3335
2026-05-30 11:53:35,791 INFO sms_id=1689 inserted transaction 26811810649
2026-05-30 11:53:35,794 INFO sms_id=1690 inserted transaction 51350491173
2026-05-30 11:53:35,798 INFO sms_id=1691 inserted transaction 37832903831
2026-05-30 11:53:35,799 INFO Committed final batch size=191 inserted=190 skipped_unknown=1 skipped_invalid=0 failed=0
2026-05-30 11:53:35,799 INFO Batch processing complete
2026-05-30 11:53:35,825 INFO Wrote parsed JSON to /home/success/Documents/Team10_momo-etl-dashboard/data/processed/dashboard.json
2026-05-30 11:53:35,825 INFO Summary total=1691 inserted=1658 skipped_unknown=33 skipped_invalid=0 failed=0
2026-05-30 13:23:01,457 INFO XML import started. Total SMS records: 1691
2026-05-30 13:23:01,475 INFO sms_id=1 inserted transaction 76662021700
2026-05-30 13:23:01,479 INFO sms_id=2 inserted transaction 73214484437
2026-05-30 13:23:01,483 INFO sms_id=3 inserted transaction 51732411227
2026-05-30 13:23:01,487 INFO sms_id=4 inserted transaction 3336
2026-05-30 13:23:01,492 INFO sms_id=5 inserted transaction 17818959211
2026-05-30 13:23:01,496 INFO sms_id=6 inserted transaction 3337
2026-05-30 13:23:01,499 INFO sms_id=7 inserted transaction 3338
2026-05-30 13:23:01,502 INFO sms_id=8 inserted transaction 13913173274
2026-05-30 13:23:01,505 INFO sms_id=9 inserted transaction 45434420466
2026-05-30 13:23:01,509 INFO sms_id=10 inserted transaction 82113964658
2026-05-30 13:23:01,513 INFO sms_id=11 inserted transaction 26614842768
2026-05-30 13:23:01,517 INFO sms_id=12 inserted transaction 70497610538
2026-05-30 13:23:01,519 INFO sms_id=13 inserted transaction 3339
2026-05-30 13:23:01,525 INFO sms_id=14 inserted transaction 3340
2026-05-30 13:23:01,530 INFO sms_id=15 inserted transaction 3341
2026-05-30 13:23:01,534 INFO sms_id=16 inserted transaction 3342
2026-05-30 13:23:01,537 INFO sms_id=17 inserted transaction 3343
2026-05-30 13:23:01,539 INFO sms_id=18 inserted transaction 3344
2026-05-30 13:23:01,542 INFO sms_id=19 inserted transaction 3345
2026-05-30 13:23:01,544 INFO sms_id=20 inserted transaction 3346
2026-05-30 13:23:01,548 INFO sms_id=21 inserted transaction 43668074924
2026-05-30 13:23:01,553 INFO sms_id=22 inserted transaction 13947831685
2026-05-30 13:23:01,557 INFO sms_id=23 inserted transaction 24227321992
2026-05-30 13:23:01,561 INFO sms_id=24 inserted transaction 18249226395
2026-05-30 13:23:01,563 INFO sms_id=25 inserted transaction 3347
2026-05-30 13:23:01,569 INFO sms_id=26 inserted transaction 98755359894
2026-05-30 13:23:01,573 INFO sms_id=27 inserted transaction 3348
2026-05-30 13:23:01,578 INFO sms_id=28 inserted transaction 3349
2026-05-30 13:23:01,582 INFO sms_id=29 inserted transaction 65789139357
2026-05-30 13:23:01,584 INFO sms_id=30 inserted transaction 3350
2026-05-30 13:23:01,585 INFO sms_id=31 inserted transaction 3351
2026-05-30 13:23:01,587 INFO sms_id=32 inserted transaction 3352
2026-05-30 13:23:01,588 INFO sms_id=33 inserted transaction 3353
2026-05-30 13:23:01,591 INFO sms_id=34 inserted transaction 16913786322
2026-05-30 13:23:01,592 INFO sms_id=35 inserted transaction 3354
2026-05-30 13:23:01,594 INFO sms_id=36 inserted transaction 3355
2026-05-30 13:23:01,596 INFO sms_id=37 inserted transaction 3356
2026-05-30 13:23:01,599 INFO sms_id=38 inserted transaction 30173936259
2026-05-30 13:23:01,600 INFO sms_id=39 inserted transaction 3357
2026-05-30 13:23:01,603 INFO sms_id=40 inserted transaction 38084447123
2026-05-30 13:23:01,608 INFO sms_id=41 inserted transaction 45738348638
2026-05-30 13:23:01,612 INFO sms_id=42 inserted transaction 3358
2026-05-30 13:23:01,616 INFO sms_id=43 inserted transaction 32894434269
2026-05-30 13:23:01,619 INFO sms_id=44 inserted transaction 3359
2026-05-30 13:23:01,621 INFO sms_id=45 inserted transaction 3360
2026-05-30 13:23:01,624 INFO sms_id=46 inserted transaction 3361
2026-05-30 13:23:01,625 INFO sms_id=47 inserted transaction 3362
2026-05-30 13:23:01,629 INFO sms_id=48 inserted transaction 3363
2026-05-30 13:23:01,631 INFO sms_id=49 inserted transaction 3364
2026-05-30 13:23:01,634 INFO sms_id=50 inserted transaction 3365
2026-05-30 13:23:01,636 INFO sms_id=51 inserted transaction 3366
2026-05-30 13:23:01,641 INFO sms_id=52 inserted transaction 61189493387
2026-05-30 13:23:01,644 INFO sms_id=53 inserted transaction 37467134419
2026-05-30 13:23:01,647 INFO sms_id=54 inserted transaction 3367
2026-05-30 13:23:01,649 INFO sms_id=55 inserted transaction 3368
2026-05-30 13:23:01,652 INFO sms_id=56 inserted transaction 12131092250
2026-05-30 13:23:01,655 INFO sms_id=57 inserted transaction 35617026753
2026-05-30 13:23:01,658 INFO sms_id=58 inserted transaction 3369
2026-05-30 13:23:01,660 INFO sms_id=59 inserted transaction 3370
2026-05-30 13:23:01,663 INFO sms_id=60 inserted transaction 59168184137
2026-05-30 13:23:01,667 INFO sms_id=61 inserted transaction 47570656030
2026-05-30 13:23:01,669 INFO sms_id=62 inserted transaction 3371
2026-05-30 13:23:01,672 INFO sms_id=63 inserted transaction 95960893947
2026-05-30 13:23:01,675 INFO sms_id=64 inserted transaction 3372
2026-05-30 13:23:01,677 INFO sms_id=65 inserted transaction 3373
2026-05-30 13:23:01,680 INFO sms_id=66 inserted transaction 43786042083
2026-05-30 13:23:01,683 INFO sms_id=67 inserted transaction 51199793551
2026-05-30 13:23:01,686 INFO sms_id=68 inserted transaction 90057863776
2026-05-30 13:23:01,687 INFO sms_id=69 inserted transaction 3374
2026-05-30 13:23:01,690 INFO sms_id=70 inserted transaction 14098463509
2026-05-30 13:23:01,692 INFO sms_id=71 inserted transaction 3376
2026-05-30 13:23:01,694 WARNING sms_id=72 unrecognized transaction type
2026-05-30 13:23:01,695 WARNING sms_id=73 unrecognized transaction type
2026-05-30 13:23:01,697 WARNING sms_id=74 unrecognized transaction type
2026-05-30 13:23:01,699 INFO sms_id=75 inserted transaction 14103506143
2026-05-30 13:23:01,701 INFO sms_id=76 inserted transaction 3377
2026-05-30 13:23:01,702 WARNING sms_id=77 unrecognized transaction type
2026-05-30 13:23:01,704 INFO sms_id=78 inserted transaction 3378
2026-05-30 13:23:01,706 INFO sms_id=79 inserted transaction 3379
2026-05-30 13:23:01,708 INFO sms_id=80 inserted transaction 3380
2026-05-30 13:23:01,709 WARNING sms_id=81 unrecognized transaction type
2026-05-30 13:23:01,711 INFO sms_id=82 inserted transaction 3381
2026-05-30 13:23:01,714 INFO sms_id=83 inserted transaction 65035082869
2026-05-30 13:23:01,717 INFO sms_id=84 inserted transaction 23112980564
2026-05-30 13:23:01,720 INFO sms_id=85 inserted transaction 3382
2026-05-30 13:23:01,722 INFO sms_id=86 inserted transaction 97391079490
2026-05-30 13:23:01,724 INFO sms_id=87 inserted transaction 3383
2026-05-30 13:23:01,726 WARNING sms_id=88 unrecognized transaction type
2026-05-30 13:23:01,729 INFO sms_id=89 inserted transaction 14121530824
2026-05-30 13:23:01,731 INFO sms_id=90 inserted transaction 3384
2026-05-30 13:23:01,733 INFO sms_id=91 inserted transaction 3385
2026-05-30 13:23:01,736 INFO sms_id=92 inserted transaction 28021128029
2026-05-30 13:23:01,740 INFO sms_id=93 inserted transaction 90281203550
2026-05-30 13:23:01,742 INFO sms_id=94 inserted transaction 3386
2026-05-30 13:23:01,744 INFO sms_id=95 inserted transaction 3387
2026-05-30 13:23:01,747 INFO sms_id=96 inserted transaction 3388
2026-05-30 13:23:01,749 INFO sms_id=97 inserted transaction 3389
2026-05-30 13:23:01,751 INFO sms_id=98 inserted transaction 59054859038
2026-05-30 13:23:01,753 INFO sms_id=99 inserted transaction 3390
2026-05-30 13:23:01,755 INFO sms_id=100 inserted transaction 3391
2026-05-30 13:23:01,757 INFO sms_id=101 inserted transaction 3392
2026-05-30 13:23:01,760 INFO sms_id=102 inserted transaction 49894890981
2026-05-30 13:23:01,764 INFO sms_id=103 inserted transaction 36362293540
2026-05-30 13:23:01,767 INFO sms_id=104 inserted transaction 3393
2026-05-30 13:23:01,770 INFO sms_id=105 inserted transaction 3394
2026-05-30 13:23:01,773 INFO sms_id=106 inserted transaction 3395
2026-05-30 13:23:01,775 INFO sms_id=107 inserted transaction 3396
2026-05-30 13:23:01,779 INFO sms_id=108 inserted transaction 3397
2026-05-30 13:23:01,785 INFO sms_id=109 inserted transaction 38069282043
2026-05-30 13:23:01,788 INFO sms_id=110 inserted transaction 3398
2026-05-30 13:23:01,791 INFO sms_id=111 inserted transaction 66215693108
2026-05-30 13:23:01,795 INFO sms_id=112 inserted transaction 37706238756
2026-05-30 13:23:01,798 INFO sms_id=113 inserted transaction 3399
2026-05-30 13:23:01,801 INFO sms_id=114 inserted transaction 22989641020
2026-05-30 13:23:01,804 INFO sms_id=115 inserted transaction 3400
2026-05-30 13:23:01,807 INFO sms_id=116 inserted transaction 3401
2026-05-30 13:23:01,810 INFO sms_id=117 inserted transaction 28025360855
2026-05-30 13:23:01,813 INFO sms_id=118 inserted transaction 3402
2026-05-30 13:23:01,815 INFO sms_id=119 inserted transaction 3403
2026-05-30 13:23:01,819 INFO sms_id=120 inserted transaction 32615649069
2026-05-30 13:23:01,821 INFO sms_id=121 inserted transaction 3404
2026-05-30 13:23:01,823 INFO sms_id=122 inserted transaction 3405
2026-05-30 13:23:01,826 INFO sms_id=123 inserted transaction 3406
2026-05-30 13:23:01,828 INFO sms_id=124 inserted transaction 3407
2026-05-30 13:23:01,829 INFO sms_id=125 inserted transaction 3408
2026-05-30 13:23:01,832 INFO sms_id=126 inserted transaction 21910499837
2026-05-30 13:23:01,835 INFO sms_id=127 inserted transaction 40412577651
2026-05-30 13:23:01,838 INFO sms_id=128 inserted transaction 44021806588
2026-05-30 13:23:01,840 INFO sms_id=129 inserted transaction 3409
2026-05-30 13:23:01,842 INFO sms_id=130 inserted transaction 70782527436
2026-05-30 13:23:01,845 INFO sms_id=131 inserted transaction 15037119744
2026-05-30 13:23:01,847 INFO sms_id=132 inserted transaction 3410
2026-05-30 13:23:01,848 INFO sms_id=133 inserted transaction 3411
2026-05-30 13:23:01,850 INFO sms_id=134 inserted transaction 3412
2026-05-30 13:23:01,852 INFO sms_id=135 inserted transaction 3413
2026-05-30 13:23:01,854 INFO sms_id=136 inserted transaction 25107231114
2026-05-30 13:23:01,856 INFO sms_id=137 inserted transaction 3414
2026-05-30 13:23:01,857 INFO sms_id=138 inserted transaction 3415
2026-05-30 13:23:01,859 INFO sms_id=139 inserted transaction 3416
2026-05-30 13:23:01,861 INFO sms_id=140 inserted transaction 3417
2026-05-30 13:23:01,863 INFO sms_id=141 inserted transaction 19727516208
2026-05-30 13:23:01,864 INFO sms_id=142 inserted transaction 3418
2026-05-30 13:23:01,866 INFO sms_id=143 inserted transaction 3419
2026-05-30 13:23:01,868 INFO sms_id=144 inserted transaction 3420
2026-05-30 13:23:01,869 INFO sms_id=145 inserted transaction 3421
2026-05-30 13:23:01,872 INFO sms_id=146 inserted transaction 14262449979
2026-05-30 13:23:01,873 INFO sms_id=147 inserted transaction 3422
2026-05-30 13:23:01,875 INFO sms_id=148 inserted transaction 3423
2026-05-30 13:23:01,877 INFO sms_id=149 inserted transaction 36046721654
2026-05-30 13:23:01,879 INFO sms_id=150 inserted transaction 14264876273
2026-05-30 13:23:01,880 INFO sms_id=151 inserted transaction 3424
2026-05-30 13:23:01,882 INFO sms_id=152 inserted transaction 3425
2026-05-30 13:23:01,884 INFO sms_id=153 inserted transaction 41002852845
2026-05-30 13:23:01,886 INFO sms_id=154 inserted transaction 3426
2026-05-30 13:23:01,887 INFO sms_id=155 inserted transaction 3427
2026-05-30 13:23:01,889 INFO sms_id=156 inserted transaction 3428
2026-05-30 13:23:01,890 INFO sms_id=157 inserted transaction 3429
2026-05-30 13:23:01,892 INFO sms_id=158 inserted transaction 3430
2026-05-30 13:23:01,894 INFO sms_id=159 inserted transaction 14303889432
2026-05-30 13:23:01,896 INFO sms_id=160 inserted transaction 14304661948
2026-05-30 13:23:01,897 WARNING sms_id=161 unrecognized transaction type
2026-05-30 13:23:01,899 INFO sms_id=162 inserted transaction 14324965479
2026-05-30 13:23:01,901 INFO sms_id=163 inserted transaction 3431
2026-05-30 13:23:01,902 INFO sms_id=164 inserted transaction 3432
2026-05-30 13:23:01,904 INFO sms_id=165 inserted transaction 3433
2026-05-30 13:23:01,906 INFO sms_id=166 inserted transaction 3434
2026-05-30 13:23:01,907 INFO sms_id=167 inserted transaction 3435
2026-05-30 13:23:01,909 INFO sms_id=168 inserted transaction 3436
2026-05-30 13:23:01,911 INFO sms_id=169 inserted transaction 3437
2026-05-30 13:23:01,912 INFO sms_id=170 inserted transaction 3438
2026-05-30 13:23:01,913 INFO sms_id=171 inserted transaction 3439
2026-05-30 13:23:01,916 INFO sms_id=172 inserted transaction 94257743617
2026-05-30 13:23:01,917 INFO sms_id=173 inserted transaction 3440
2026-05-30 13:23:01,919 INFO sms_id=174 inserted transaction 3441
2026-05-30 13:23:01,921 INFO sms_id=175 inserted transaction 28563784569
2026-05-30 13:23:01,923 INFO sms_id=176 inserted transaction 16877151789
2026-05-30 13:23:01,925 INFO sms_id=177 inserted transaction 3442
2026-05-30 13:23:01,928 INFO sms_id=178 inserted transaction 3443
2026-05-30 13:23:01,930 INFO sms_id=179 inserted transaction 3444
2026-05-30 13:23:01,932 INFO sms_id=180 inserted transaction 3445
2026-05-30 13:23:01,934 INFO sms_id=181 inserted transaction 49766645414
2026-05-30 13:23:01,937 INFO sms_id=182 inserted transaction 91799715733
2026-05-30 13:23:01,940 INFO sms_id=183 inserted transaction 42326639460
2026-05-30 13:23:01,942 INFO sms_id=184 inserted transaction 3446
2026-05-30 13:23:01,945 INFO sms_id=185 inserted transaction 3447
2026-05-30 13:23:01,948 INFO sms_id=186 inserted transaction 3448
2026-05-30 13:23:01,952 INFO sms_id=187 inserted transaction 18893569803
2026-05-30 13:23:01,955 INFO sms_id=188 inserted transaction 3449
2026-05-30 13:23:01,958 INFO sms_id=189 inserted transaction 3450
2026-05-30 13:23:01,961 INFO sms_id=190 inserted transaction 3451
2026-05-30 13:23:01,964 INFO sms_id=191 inserted transaction 3452
2026-05-30 13:23:01,968 INFO sms_id=192 inserted transaction 14366722236
2026-05-30 13:23:01,972 INFO sms_id=193 inserted transaction 10809435113
2026-05-30 13:23:01,977 INFO sms_id=194 inserted transaction 97328486237
2026-05-30 13:23:01,980 INFO sms_id=195 inserted transaction 3453
2026-05-30 13:23:01,985 INFO sms_id=196 inserted transaction 20564153955
2026-05-30 13:23:01,989 INFO sms_id=197 inserted transaction 31051483102
2026-05-30 13:23:01,991 INFO sms_id=198 inserted transaction 3454
2026-05-30 13:23:01,993 INFO sms_id=199 inserted transaction 3455
2026-05-30 13:23:01,995 INFO sms_id=200 inserted transaction 17481776844
2026-05-30 13:23:01,997 INFO sms_id=201 inserted transaction 3456
2026-05-30 13:23:02,000 INFO sms_id=202 inserted transaction 63344530197
2026-05-30 13:23:02,002 INFO sms_id=203 inserted transaction 3457
2026-05-30 13:23:02,004 INFO sms_id=204 inserted transaction 3458
2026-05-30 13:23:02,006 INFO sms_id=205 inserted transaction 3459
2026-05-30 13:23:02,008 INFO sms_id=206 inserted transaction 3460
2026-05-30 13:23:02,011 INFO sms_id=207 inserted transaction 99134996997
2026-05-30 13:23:02,012 INFO sms_id=208 inserted transaction 3461
2026-05-30 13:23:02,016 INFO sms_id=209 inserted transaction 96723699988
2026-05-30 13:23:02,017 INFO sms_id=210 inserted transaction 3462
2026-05-30 13:23:02,019 INFO sms_id=211 inserted transaction 3463
2026-05-30 13:23:02,023 INFO sms_id=212 inserted transaction 16545003631
2026-05-30 13:23:02,027 INFO sms_id=213 inserted transaction 61557468875
2026-05-30 13:23:02,030 INFO sms_id=214 inserted transaction 3464
2026-05-30 13:23:02,034 INFO sms_id=215 inserted transaction 3465
2026-05-30 13:23:02,039 INFO sms_id=216 inserted transaction 81945111303
2026-05-30 13:23:02,044 INFO sms_id=217 inserted transaction 14392932831
2026-05-30 13:23:02,049 INFO sms_id=218 inserted transaction 59979980024
2026-05-30 13:23:02,053 INFO sms_id=219 inserted transaction 3466
2026-05-30 13:23:02,056 INFO sms_id=220 inserted transaction 3467
2026-05-30 13:23:02,061 INFO sms_id=221 inserted transaction 3468
2026-05-30 13:23:02,067 INFO sms_id=222 inserted transaction 3469
2026-05-30 13:23:02,072 INFO sms_id=223 inserted transaction 3470
2026-05-30 13:23:02,078 INFO sms_id=224 inserted transaction 3471
2026-05-30 13:23:02,087 INFO sms_id=225 inserted transaction 14404189056
2026-05-30 13:23:02,094 INFO sms_id=226 inserted transaction 77021305535
2026-05-30 13:23:02,102 INFO sms_id=227 inserted transaction 14405681742
2026-05-30 13:23:02,111 INFO sms_id=228 inserted transaction 59491550845
2026-05-30 13:23:02,116 INFO sms_id=229 inserted transaction 3472
2026-05-30 13:23:02,122 INFO sms_id=230 inserted transaction 14412904724
2026-05-30 13:23:02,127 INFO sms_id=231 inserted transaction 3473
2026-05-30 13:23:02,133 INFO sms_id=232 inserted transaction 14413610551
2026-05-30 13:23:02,139 INFO sms_id=233 inserted transaction 19524019964
2026-05-30 13:23:02,142 INFO sms_id=234 inserted transaction 3474
2026-05-30 13:23:02,146 INFO sms_id=235 inserted transaction 3475
2026-05-30 13:23:02,150 INFO sms_id=236 inserted transaction 3476
2026-05-30 13:23:02,154 INFO sms_id=237 inserted transaction 23764987164
2026-05-30 13:23:02,157 INFO sms_id=238 inserted transaction 41741931224
2026-05-30 13:23:02,161 INFO sms_id=239 inserted transaction 3477
2026-05-30 13:23:02,165 INFO sms_id=240 inserted transaction 3478
2026-05-30 13:23:02,168 INFO sms_id=241 inserted transaction 3479
2026-05-30 13:23:02,172 INFO sms_id=242 inserted transaction 3480
2026-05-30 13:23:02,175 INFO sms_id=243 inserted transaction 3481
2026-05-30 13:23:02,178 INFO sms_id=244 inserted transaction 81779365319
2026-05-30 13:23:02,182 INFO sms_id=245 inserted transaction 3482
2026-05-30 13:23:02,189 INFO sms_id=246 inserted transaction 12093489080
2026-05-30 13:23:02,195 INFO sms_id=247 inserted transaction 10919892030
2026-05-30 13:23:02,200 INFO sms_id=248 inserted transaction 43960900475
2026-05-30 13:23:02,203 INFO sms_id=249 inserted transaction 3483
2026-05-30 13:23:02,207 INFO sms_id=250 inserted transaction 92393353015
2026-05-30 13:23:02,209 INFO sms_id=251 inserted transaction 70015105006
2026-05-30 13:23:02,212 INFO sms_id=252 inserted transaction 11901062453
2026-05-30 13:23:02,213 WARNING sms_id=253 unrecognized transaction type
2026-05-30 13:23:02,216 INFO sms_id=254 inserted transaction 14443130677
2026-05-30 13:23:02,218 INFO sms_id=255 inserted transaction 63115508240
2026-05-30 13:23:02,220 INFO sms_id=256 inserted transaction 3484
2026-05-30 13:23:02,222 INFO sms_id=257 inserted transaction 3485
2026-05-30 13:23:02,223 INFO sms_id=258 inserted transaction 3486
2026-05-30 13:23:02,225 INFO sms_id=259 inserted transaction 3487
2026-05-30 13:23:02,227 INFO sms_id=260 inserted transaction 90311838363
2026-05-30 13:23:02,229 INFO sms_id=261 inserted transaction 65472821949
2026-05-30 13:23:02,232 INFO sms_id=262 inserted transaction 14469963984
2026-05-30 13:23:02,234 INFO sms_id=263 inserted transaction 3488
2026-05-30 13:23:02,236 INFO sms_id=264 inserted transaction 3489
2026-05-30 13:23:02,239 INFO sms_id=265 inserted transaction 18526546570
2026-05-30 13:23:02,242 INFO sms_id=266 inserted transaction 90823104833
2026-05-30 13:23:02,245 INFO sms_id=267 inserted transaction 94029377235
2026-05-30 13:23:02,247 INFO sms_id=268 inserted transaction 3490
2026-05-30 13:23:02,250 INFO sms_id=269 inserted transaction 3491
2026-05-30 13:23:02,253 INFO sms_id=270 inserted transaction 38074910818
2026-05-30 13:23:02,256 INFO sms_id=271 inserted transaction 3492
2026-05-30 13:23:02,258 INFO sms_id=272 inserted transaction 3493
2026-05-30 13:23:02,262 INFO sms_id=273 inserted transaction 43333418094
2026-05-30 13:23:02,264 INFO sms_id=274 inserted transaction 3494
2026-05-30 13:23:02,266 INFO sms_id=275 inserted transaction 43349533054
2026-05-30 13:23:02,268 INFO sms_id=276 inserted transaction 3495
2026-05-30 13:23:02,271 INFO sms_id=277 inserted transaction 72288050689
2026-05-30 13:23:02,273 INFO sms_id=278 inserted transaction 12723317674
2026-05-30 13:23:02,275 INFO sms_id=279 inserted transaction 29081551536
2026-05-30 13:23:02,278 INFO sms_id=280 inserted transaction 3496
2026-05-30 13:23:02,281 INFO sms_id=281 inserted transaction 3497
2026-05-30 13:23:02,284 INFO sms_id=282 inserted transaction 55981011420
2026-05-30 13:23:02,287 INFO sms_id=283 inserted transaction 3498
2026-05-30 13:23:02,289 INFO sms_id=284 inserted transaction 3499
2026-05-30 13:23:02,291 INFO sms_id=285 inserted transaction 67456128847
2026-05-30 13:23:02,293 INFO sms_id=286 inserted transaction 3500
2026-05-30 13:23:02,295 INFO sms_id=287 inserted transaction 3501
2026-05-30 13:23:02,301 INFO sms_id=288 inserted transaction 3502
2026-05-30 13:23:02,306 INFO sms_id=289 inserted transaction 45238324104
2026-05-30 13:23:02,311 INFO sms_id=290 inserted transaction 31373267832
2026-05-30 13:23:02,314 INFO sms_id=291 inserted transaction 3503
2026-05-30 13:23:02,316 INFO sms_id=292 inserted transaction 3504
2026-05-30 13:23:02,318 INFO sms_id=293 inserted transaction 99439041781
2026-05-30 13:23:02,320 INFO sms_id=294 inserted transaction 3505
2026-05-30 13:23:02,324 INFO sms_id=295 inserted transaction 91628513434
2026-05-30 13:23:02,327 INFO sms_id=296 inserted transaction 3506
2026-05-30 13:23:02,329 INFO sms_id=297 inserted transaction 3507
2026-05-30 13:23:02,332 INFO sms_id=298 inserted transaction 3508
2026-05-30 13:23:02,336 INFO sms_id=299 inserted transaction 95997298432
2026-05-30 13:23:02,338 INFO sms_id=300 inserted transaction 3509
2026-05-30 13:23:02,340 INFO Committed batch size=300 inserted=292 skipped_unknown=8 skipped_invalid=0 failed=0
2026-05-30 13:23:02,343 INFO sms_id=301 inserted transaction 93272208136
2026-05-30 13:23:02,346 INFO sms_id=302 inserted transaction 3510
2026-05-30 13:23:02,350 INFO sms_id=303 inserted transaction 76500239822
2026-05-30 13:23:02,353 INFO sms_id=304 inserted transaction 3511
2026-05-30 13:23:02,355 INFO sms_id=305 inserted transaction 3512
2026-05-30 13:23:02,359 INFO sms_id=306 inserted transaction 62680813443
2026-05-30 13:23:02,363 INFO sms_id=307 inserted transaction 60128198918
2026-05-30 13:23:02,366 INFO sms_id=308 inserted transaction 3513
2026-05-30 13:23:02,370 INFO sms_id=309 inserted transaction 45944658885
2026-05-30 13:23:02,373 INFO sms_id=310 inserted transaction 95262102019
2026-05-30 13:23:02,376 INFO sms_id=311 inserted transaction 3514
2026-05-30 13:23:02,378 INFO sms_id=312 inserted transaction 3515
2026-05-30 13:23:02,380 INFO sms_id=313 inserted transaction 3516
2026-05-30 13:23:02,384 INFO sms_id=314 inserted transaction 87006296823
2026-05-30 13:23:02,386 INFO sms_id=315 inserted transaction 3517
2026-05-30 13:23:02,388 INFO sms_id=316 inserted transaction 3518
2026-05-30 13:23:02,390 INFO sms_id=317 inserted transaction 3519
2026-05-30 13:23:02,393 INFO sms_id=318 inserted transaction 14540224719
2026-05-30 13:23:02,395 INFO sms_id=319 inserted transaction 3520
2026-05-30 13:23:02,397 INFO sms_id=320 inserted transaction 31576470196
2026-05-30 13:23:02,399 INFO sms_id=321 inserted transaction 3521
2026-05-30 13:23:02,403 INFO sms_id=322 inserted transaction 73458718592
2026-05-30 13:23:02,406 INFO sms_id=323 inserted transaction 38607418037
2026-05-30 13:23:02,408 INFO sms_id=324 inserted transaction 3522
2026-05-30 13:23:02,410 INFO sms_id=325 inserted transaction 74528093189
2026-05-30 13:23:02,412 INFO sms_id=326 inserted transaction 14551117248
2026-05-30 13:23:02,414 INFO sms_id=327 inserted transaction 3523
2026-05-30 13:23:02,416 INFO sms_id=328 inserted transaction 3524
2026-05-30 13:23:02,418 INFO sms_id=329 inserted transaction 3525
2026-05-30 13:23:02,419 INFO sms_id=330 inserted transaction 3526
2026-05-30 13:23:02,422 INFO sms_id=331 inserted transaction 36124196268
2026-05-30 13:23:02,423 INFO sms_id=332 inserted transaction 3527
2026-05-30 13:23:02,426 INFO sms_id=333 inserted transaction 12278530897
2026-05-30 13:23:02,427 INFO sms_id=334 inserted transaction 3528
2026-05-30 13:23:02,429 INFO sms_id=335 inserted transaction 3529
2026-05-30 13:23:02,431 INFO sms_id=336 inserted transaction 3530
2026-05-30 13:23:02,433 INFO sms_id=337 inserted transaction 14568668252
2026-05-30 13:23:02,435 INFO sms_id=338 inserted transaction 14569120894
2026-05-30 13:23:02,437 WARNING sms_id=339 unrecognized transaction type
2026-05-30 13:23:02,438 INFO sms_id=340 inserted transaction 3531
2026-05-30 13:23:02,440 INFO sms_id=341 inserted transaction 80699538135
2026-05-30 13:23:02,442 INFO sms_id=342 inserted transaction 3532
2026-05-30 13:23:02,444 INFO sms_id=343 inserted transaction 14574631016
2026-05-30 13:23:02,446 INFO sms_id=344 inserted transaction 76219803114
2026-05-30 13:23:02,447 INFO sms_id=345 inserted transaction 3533
2026-05-30 13:23:02,449 INFO sms_id=346 inserted transaction 49444119897
2026-05-30 13:23:02,451 INFO sms_id=347 inserted transaction 23617183914
2026-05-30 13:23:02,453 INFO sms_id=348 inserted transaction 77242964085
2026-05-30 13:23:02,455 INFO sms_id=349 inserted transaction 46513194998
2026-05-30 13:23:02,457 INFO sms_id=350 inserted transaction 3534
2026-05-30 13:23:02,459 INFO sms_id=351 inserted transaction 3535
2026-05-30 13:23:02,461 INFO sms_id=352 inserted transaction 91434725399
2026-05-30 13:23:02,463 INFO sms_id=353 inserted transaction 3536
2026-05-30 13:23:02,465 INFO sms_id=354 inserted transaction 92465449198
2026-05-30 13:23:02,467 INFO sms_id=355 inserted transaction 14582579702
2026-05-30 13:23:02,468 INFO sms_id=356 inserted transaction 3537
2026-05-30 13:23:02,470 INFO sms_id=357 inserted transaction 3538
2026-05-30 13:23:02,472 INFO sms_id=358 inserted transaction 73443153836
2026-05-30 13:23:02,474 INFO sms_id=359 inserted transaction 3539
2026-05-30 13:23:02,475 INFO sms_id=360 inserted transaction 3540
2026-05-30 13:23:02,477 INFO sms_id=361 inserted transaction 36547564090
2026-05-30 13:23:02,480 INFO sms_id=362 inserted transaction 74110530634
2026-05-30 13:23:02,484 INFO sms_id=363 inserted transaction 13627937199
2026-05-30 13:23:02,488 INFO sms_id=364 inserted transaction 72441399952
2026-05-30 13:23:02,492 INFO sms_id=365 inserted transaction 61734495932
2026-05-30 13:23:02,495 INFO sms_id=366 inserted transaction 60128358762
2026-05-30 13:23:02,499 INFO sms_id=367 inserted transaction 65198686588
2026-05-30 13:23:02,502 INFO sms_id=368 inserted transaction 74637643766
2026-05-30 13:23:02,506 INFO sms_id=369 inserted transaction 19291503186
2026-05-30 13:23:02,509 INFO sms_id=370 inserted transaction 3541
2026-05-30 13:23:02,512 INFO sms_id=371 inserted transaction 3542
2026-05-30 13:23:02,515 INFO sms_id=372 inserted transaction 89343929108
2026-05-30 13:23:02,517 INFO sms_id=373 inserted transaction 59302716963
2026-05-30 13:23:02,519 INFO sms_id=374 inserted transaction 3543
2026-05-30 13:23:02,521 INFO sms_id=375 inserted transaction 26484890740
2026-05-30 13:23:02,524 INFO sms_id=376 inserted transaction 3544
2026-05-30 13:23:02,529 INFO sms_id=377 inserted transaction 28014849597
2026-05-30 13:23:02,531 INFO sms_id=378 inserted transaction 3545
2026-05-30 13:23:02,534 INFO sms_id=379 inserted transaction 3546
2026-05-30 13:23:02,536 INFO sms_id=380 inserted transaction 3547
2026-05-30 13:23:02,540 INFO sms_id=381 inserted transaction 65226318623
2026-05-30 13:23:02,542 INFO sms_id=382 inserted transaction 3548
2026-05-30 13:23:02,544 INFO sms_id=383 inserted transaction 3549
2026-05-30 13:23:02,548 INFO sms_id=384 inserted transaction 26330194128
2026-05-30 13:23:02,549 INFO sms_id=385 inserted transaction 3550
2026-05-30 13:23:02,551 INFO sms_id=386 inserted transaction 3551
2026-05-30 13:23:02,554 INFO sms_id=387 inserted transaction 55580359590
2026-05-30 13:23:02,556 INFO sms_id=388 inserted transaction 3552
2026-05-30 13:23:02,559 INFO sms_id=389 inserted transaction 15722120949
2026-05-30 13:23:02,561 INFO sms_id=390 inserted transaction 3553
2026-05-30 13:23:02,564 INFO sms_id=391 inserted transaction 13515849108
2026-05-30 13:23:02,565 INFO sms_id=392 inserted transaction 3554
2026-05-30 13:23:02,568 INFO sms_id=393 inserted transaction 91762592039
2026-05-30 13:23:02,570 INFO sms_id=394 inserted transaction 10806359835
2026-05-30 13:23:02,573 INFO sms_id=395 inserted transaction 72418341683
2026-05-30 13:23:02,576 INFO sms_id=396 inserted transaction 36585848121
2026-05-30 13:23:02,578 INFO sms_id=397 inserted transaction 3555
2026-05-30 13:23:02,580 INFO sms_id=398 inserted transaction 3556
2026-05-30 13:23:02,582 INFO sms_id=399 inserted transaction 58456925124
2026-05-30 13:23:02,585 INFO sms_id=400 inserted transaction 14628107159
2026-05-30 13:23:02,590 INFO sms_id=401 inserted transaction 52596922232
2026-05-30 13:23:02,595 INFO sms_id=402 inserted transaction 15105279544
2026-05-30 13:23:02,598 INFO sms_id=403 inserted transaction 3557
2026-05-30 13:23:02,603 INFO sms_id=404 inserted transaction 30881509437
2026-05-30 13:23:02,608 INFO sms_id=405 inserted transaction 75410293151
2026-05-30 13:23:02,611 INFO sms_id=406 inserted transaction 3558
2026-05-30 13:23:02,615 INFO sms_id=407 inserted transaction 62824215473
2026-05-30 13:23:02,617 INFO sms_id=408 inserted transaction 3559
2026-05-30 13:23:02,619 INFO sms_id=409 inserted transaction 3560
2026-05-30 13:23:02,620 INFO sms_id=410 inserted transaction 3561
2026-05-30 13:23:02,622 INFO sms_id=411 inserted transaction 3562
2026-05-30 13:23:02,626 INFO sms_id=412 inserted transaction 45688985882
2026-05-30 13:23:02,630 INFO sms_id=413 inserted transaction 16694058718
2026-05-30 13:23:02,634 INFO sms_id=414 inserted transaction 14655104674
2026-05-30 13:23:02,635 WARNING sms_id=415 unrecognized transaction type
2026-05-30 13:23:02,637 INFO sms_id=416 inserted transaction 3563
2026-05-30 13:23:02,639 INFO sms_id=417 inserted transaction 3564
2026-05-30 13:23:02,643 INFO sms_id=418 inserted transaction 99848480430
2026-05-30 13:23:02,644 INFO sms_id=419 inserted transaction 3565
2026-05-30 13:23:02,647 INFO sms_id=420 inserted transaction 3566
2026-05-30 13:23:02,649 INFO sms_id=421 inserted transaction 3567
2026-05-30 13:23:02,652 INFO sms_id=422 inserted transaction 35153028513
2026-05-30 13:23:02,655 INFO sms_id=423 inserted transaction 67511009036
2026-05-30 13:23:02,658 INFO sms_id=424 inserted transaction 34707153443
2026-05-30 13:23:02,660 INFO sms_id=425 inserted transaction 3568
2026-05-30 13:23:02,662 INFO sms_id=426 inserted transaction 3569
2026-05-30 13:23:02,664 INFO sms_id=427 inserted transaction 3570
2026-05-30 13:23:02,666 INFO sms_id=428 inserted transaction 3571
2026-05-30 13:23:02,668 INFO sms_id=429 inserted transaction 3572
2026-05-30 13:23:02,671 INFO sms_id=430 inserted transaction 38508422103
2026-05-30 13:23:02,675 INFO sms_id=431 inserted transaction 34521857854
2026-05-30 13:23:02,677 INFO sms_id=432 inserted transaction 3573
2026-05-30 13:23:02,679 INFO sms_id=433 inserted transaction 41545470202
2026-05-30 13:23:02,681 INFO sms_id=434 inserted transaction 3574
2026-05-30 13:23:02,683 INFO sms_id=435 inserted transaction 3575
2026-05-30 13:23:02,686 INFO sms_id=436 inserted transaction 11475000639
2026-05-30 13:23:02,687 INFO sms_id=437 inserted transaction 3576
2026-05-30 13:23:02,689 INFO sms_id=438 inserted transaction 3577
2026-05-30 13:23:02,691 INFO sms_id=439 inserted transaction 56884759672
2026-05-30 13:23:02,694 INFO sms_id=440 inserted transaction 89252038095
2026-05-30 13:23:02,695 INFO sms_id=441 inserted transaction 3578
2026-05-30 13:23:02,696 INFO sms_id=442 inserted transaction 3579
2026-05-30 13:23:02,698 INFO sms_id=443 inserted transaction 3580
2026-05-30 13:23:02,700 INFO sms_id=444 inserted transaction 78679877816
2026-05-30 13:23:02,701 INFO sms_id=445 inserted transaction 3581
2026-05-30 13:23:02,703 INFO sms_id=446 inserted transaction 3582
2026-05-30 13:23:02,704 INFO sms_id=447 inserted transaction 3583
2026-05-30 13:23:02,706 INFO sms_id=448 inserted transaction 81915290006
2026-05-30 13:23:02,708 INFO sms_id=449 inserted transaction 72699451485
2026-05-30 13:23:02,711 INFO sms_id=450 inserted transaction 3584
2026-05-30 13:23:02,713 INFO sms_id=451 inserted transaction 3585
2026-05-30 13:23:02,715 INFO sms_id=452 inserted transaction 3586
2026-05-30 13:23:02,717 INFO sms_id=453 inserted transaction 3587
2026-05-30 13:23:02,720 INFO sms_id=454 inserted transaction 80209257569
2026-05-30 13:23:02,723 INFO sms_id=455 inserted transaction 98284235113
2026-05-30 13:23:02,724 INFO sms_id=456 inserted transaction 3588
2026-05-30 13:23:02,727 INFO sms_id=457 inserted transaction 84747563706
2026-05-30 13:23:02,728 INFO sms_id=458 inserted transaction 3589
2026-05-30 13:23:02,730 INFO sms_id=459 inserted transaction 3590
2026-05-30 13:23:02,732 INFO sms_id=460 inserted transaction 3591
2026-05-30 13:23:02,734 INFO sms_id=461 inserted transaction 90348213649
2026-05-30 13:23:02,737 INFO sms_id=462 inserted transaction 69649307640
2026-05-30 13:23:02,739 INFO sms_id=463 inserted transaction 53891623812
2026-05-30 13:23:02,741 INFO sms_id=464 inserted transaction 50912955416
2026-05-30 13:23:02,745 INFO sms_id=465 inserted transaction 74932161869
2026-05-30 13:23:02,747 INFO sms_id=466 inserted transaction 12528494674
2026-05-30 13:23:02,750 INFO sms_id=467 inserted transaction 14756781450
2026-05-30 13:23:02,751 WARNING sms_id=468 unrecognized transaction type
2026-05-30 13:23:02,753 INFO sms_id=469 inserted transaction 3592
2026-05-30 13:23:02,755 INFO sms_id=470 inserted transaction 87090810360
2026-05-30 13:23:02,756 INFO sms_id=471 inserted transaction 12980825408
2026-05-30 13:23:02,758 INFO sms_id=472 inserted transaction 3593
2026-05-30 13:23:02,760 INFO sms_id=473 inserted transaction 87304861537
2026-05-30 13:23:02,762 INFO sms_id=474 inserted transaction 16850663914
2026-05-30 13:23:02,764 INFO sms_id=475 inserted transaction 3594
2026-05-30 13:23:02,767 INFO sms_id=476 inserted transaction 85764457767
2026-05-30 13:23:02,769 INFO sms_id=477 inserted transaction 29430841892
2026-05-30 13:23:02,771 INFO sms_id=478 inserted transaction 3595
2026-05-30 13:23:02,773 INFO sms_id=479 inserted transaction 3596
2026-05-30 13:23:02,774 INFO sms_id=480 inserted transaction 3597
2026-05-30 13:23:02,776 INFO sms_id=481 inserted transaction 3598
2026-05-30 13:23:02,778 INFO sms_id=482 inserted transaction 14807754878
2026-05-30 13:23:02,780 INFO sms_id=483 inserted transaction 72553027719
2026-05-30 13:23:02,782 INFO sms_id=484 inserted transaction 3599
2026-05-30 13:23:02,785 INFO sms_id=485 inserted transaction 23386885212
2026-05-30 13:23:02,786 INFO sms_id=486 inserted transaction 3600
2026-05-30 13:23:02,789 INFO sms_id=487 inserted transaction 3601
2026-05-30 13:23:02,791 INFO sms_id=488 inserted transaction 3602
2026-05-30 13:23:02,793 INFO sms_id=489 inserted transaction 44609370529
2026-05-30 13:23:02,795 INFO sms_id=490 inserted transaction 90206827638
2026-05-30 13:23:02,797 INFO sms_id=491 inserted transaction 22146060402
2026-05-30 13:23:02,800 INFO sms_id=492 inserted transaction 52332988443
2026-05-30 13:23:02,802 INFO sms_id=493 inserted transaction 3603
2026-05-30 13:23:02,804 INFO sms_id=494 inserted transaction 3604
2026-05-30 13:23:02,805 INFO sms_id=495 inserted transaction 3605
2026-05-30 13:23:02,807 INFO sms_id=496 inserted transaction 3606
2026-05-30 13:23:02,809 INFO sms_id=497 inserted transaction 3607
2026-05-30 13:23:02,814 INFO sms_id=498 inserted transaction 59668582919
2026-05-30 13:23:02,818 INFO sms_id=499 inserted transaction 89908606372
2026-05-30 13:23:02,821 INFO sms_id=500 inserted transaction 3608
2026-05-30 13:23:02,824 INFO sms_id=501 inserted transaction 3609
2026-05-30 13:23:02,826 INFO sms_id=502 inserted transaction 3610
2026-05-30 13:23:02,829 INFO sms_id=503 inserted transaction 3611
2026-05-30 13:23:02,831 INFO sms_id=504 inserted transaction 3612
2026-05-30 13:23:02,833 INFO sms_id=505 inserted transaction 3613
2026-05-30 13:23:02,836 INFO sms_id=506 inserted transaction 3614
2026-05-30 13:23:02,841 INFO sms_id=507 inserted transaction 46934619518
2026-05-30 13:23:02,844 INFO sms_id=508 inserted transaction 66395034050
2026-05-30 13:23:02,848 INFO sms_id=509 inserted transaction 69887702746
2026-05-30 13:23:02,850 INFO sms_id=510 inserted transaction 3615
2026-05-30 13:23:02,854 INFO sms_id=511 inserted transaction 63310525007
2026-05-30 13:23:02,856 INFO sms_id=512 inserted transaction 95583860245
2026-05-30 13:23:02,859 INFO sms_id=513 inserted transaction 66819031167
2026-05-30 13:23:02,862 INFO sms_id=514 inserted transaction 56567422826
2026-05-30 13:23:02,864 INFO sms_id=515 inserted transaction 3616
2026-05-30 13:23:02,867 INFO sms_id=516 inserted transaction 21105102493
2026-05-30 13:23:02,869 INFO sms_id=517 inserted transaction 3617
2026-05-30 13:23:02,872 INFO sms_id=518 inserted transaction 63176850070
2026-05-30 13:23:02,874 INFO sms_id=519 inserted transaction 3618
2026-05-30 13:23:02,877 INFO sms_id=520 inserted transaction 55265011853
2026-05-30 13:23:02,879 INFO sms_id=521 inserted transaction 3619
2026-05-30 13:23:02,882 INFO sms_id=522 inserted transaction 37017834113
2026-05-30 13:23:02,883 INFO sms_id=523 inserted transaction 3620
2026-05-30 13:23:02,885 INFO sms_id=524 inserted transaction 3621
2026-05-30 13:23:02,887 INFO sms_id=525 inserted transaction 60895608806
2026-05-30 13:23:02,889 INFO sms_id=526 inserted transaction 87797195810
2026-05-30 13:23:02,891 INFO sms_id=527 inserted transaction 3622
2026-05-30 13:23:02,892 INFO sms_id=528 inserted transaction 3623
2026-05-30 13:23:02,894 INFO sms_id=529 inserted transaction 3624
2026-05-30 13:23:02,896 INFO sms_id=530 inserted transaction 21296060708
2026-05-30 13:23:02,897 INFO sms_id=531 inserted transaction 3625
2026-05-30 13:23:02,899 INFO sms_id=532 inserted transaction 3626
2026-05-30 13:23:02,901 INFO sms_id=533 inserted transaction 3627
2026-05-30 13:23:02,903 INFO sms_id=534 inserted transaction 3628
2026-05-30 13:23:02,906 INFO sms_id=535 inserted transaction 3629
2026-05-30 13:23:02,911 INFO sms_id=536 inserted transaction 14909215103
2026-05-30 13:23:02,913 WARNING sms_id=537 unrecognized transaction type
2026-05-30 13:23:02,915 INFO sms_id=538 inserted transaction 3630
2026-05-30 13:23:02,919 INFO sms_id=539 inserted transaction 35751352205
2026-05-30 13:23:02,921 INFO sms_id=540 inserted transaction 3631
2026-05-30 13:23:02,924 INFO sms_id=541 inserted transaction 90362526943
2026-05-30 13:23:02,927 INFO sms_id=542 inserted transaction 41432289875
2026-05-30 13:23:02,929 INFO sms_id=543 inserted transaction 44149221556
2026-05-30 13:23:02,932 INFO sms_id=544 inserted transaction 33565890577
2026-05-30 13:23:02,935 INFO sms_id=545 inserted transaction 3632
2026-05-30 13:23:02,937 INFO sms_id=546 inserted transaction 3633
2026-05-30 13:23:02,940 INFO sms_id=547 inserted transaction 3634
2026-05-30 13:23:02,942 INFO sms_id=548 inserted transaction 3635
2026-05-30 13:23:02,945 INFO sms_id=549 inserted transaction 3636
2026-05-30 13:23:02,949 INFO sms_id=550 inserted transaction 41602878997
2026-05-30 13:23:02,951 WARNING sms_id=551 unrecognized transaction type
2026-05-30 13:23:02,954 INFO sms_id=552 inserted transaction 14940294542
2026-05-30 13:23:02,956 INFO sms_id=553 inserted transaction 3637
2026-05-30 13:23:02,959 INFO sms_id=554 inserted transaction 3638
2026-05-30 13:23:02,961 INFO sms_id=555 inserted transaction 3639
2026-05-30 13:23:02,965 INFO sms_id=556 inserted transaction 14739625447
2026-05-30 13:23:02,968 INFO sms_id=557 inserted transaction 76672344043
2026-05-30 13:23:02,970 INFO sms_id=558 inserted transaction 3640
2026-05-30 13:23:02,973 INFO sms_id=559 inserted transaction 60173686359
2026-05-30 13:23:02,976 INFO sms_id=560 inserted transaction 92109248895
2026-05-30 13:23:02,977 INFO sms_id=561 inserted transaction 3641
2026-05-30 13:23:02,980 INFO sms_id=562 inserted transaction 71788861419
2026-05-30 13:23:02,982 INFO sms_id=563 inserted transaction 3642
2026-05-30 13:23:02,986 INFO sms_id=564 inserted transaction 88491836419
2026-05-30 13:23:02,990 INFO sms_id=565 inserted transaction 91472495825
2026-05-30 13:23:02,994 INFO sms_id=566 inserted transaction 34195714002
2026-05-30 13:23:02,996 INFO sms_id=567 inserted transaction 3643
2026-05-30 13:23:02,999 INFO sms_id=568 inserted transaction 3644
2026-05-30 13:23:03,001 INFO sms_id=569 inserted transaction 3645
2026-05-30 13:23:03,004 INFO sms_id=570 inserted transaction 67819295386
2026-05-30 13:23:03,005 INFO sms_id=571 inserted transaction 3646
2026-05-30 13:23:03,008 INFO sms_id=572 inserted transaction 82065623976
2026-05-30 13:23:03,011 INFO sms_id=573 inserted transaction 42285606353
2026-05-30 13:23:03,013 WARNING sms_id=574 unrecognized transaction type
2026-05-30 13:23:03,018 INFO sms_id=575 inserted transaction 14969968017
2026-05-30 13:23:03,020 INFO sms_id=576 inserted transaction 3647
2026-05-30 13:23:03,024 INFO sms_id=577 inserted transaction 36437958017
2026-05-30 13:23:03,027 INFO sms_id=578 inserted transaction 85850951309
2026-05-30 13:23:03,032 INFO sms_id=579 inserted transaction 10296908600
2026-05-30 13:23:03,034 INFO sms_id=580 inserted transaction 3648
2026-05-30 13:23:03,037 INFO sms_id=581 inserted transaction 3649
2026-05-30 13:23:03,039 INFO sms_id=582 inserted transaction 3650
2026-05-30 13:23:03,044 INFO sms_id=583 inserted transaction 81424789154
2026-05-30 13:23:03,048 INFO sms_id=584 inserted transaction 60914783301
2026-05-30 13:23:03,050 INFO sms_id=585 inserted transaction 3651
2026-05-30 13:23:03,053 INFO sms_id=586 inserted transaction 3652
2026-05-30 13:23:03,055 INFO sms_id=587 inserted transaction 14977177408
2026-05-30 13:23:03,057 INFO sms_id=588 inserted transaction 3653
2026-05-30 13:23:03,060 INFO sms_id=589 inserted transaction 14977293553
2026-05-30 13:23:03,062 INFO sms_id=590 inserted transaction 3654
2026-05-30 13:23:03,066 INFO sms_id=591 inserted transaction 14977386817
2026-05-30 13:23:03,068 INFO sms_id=592 inserted transaction 3655
2026-05-30 13:23:03,070 INFO sms_id=593 inserted transaction 3656
2026-05-30 13:23:03,072 INFO sms_id=594 inserted transaction 3657
2026-05-30 13:23:03,074 INFO sms_id=595 inserted transaction 3658
2026-05-30 13:23:03,076 INFO sms_id=596 inserted transaction 3659
2026-05-30 13:23:03,078 INFO sms_id=597 inserted transaction 3660
2026-05-30 13:23:03,080 INFO sms_id=598 inserted transaction 3661
2026-05-30 13:23:03,081 INFO sms_id=599 inserted transaction 3662
2026-05-30 13:23:03,083 INFO sms_id=600 inserted transaction 3663
2026-05-30 13:23:03,084 INFO Committed batch size=300 inserted=294 skipped_unknown=6 skipped_invalid=0 failed=0
2026-05-30 13:23:03,085 INFO sms_id=601 inserted transaction 82008869453
2026-05-30 13:23:03,087 INFO sms_id=602 inserted transaction 3664
2026-05-30 13:23:03,089 INFO sms_id=603 inserted transaction 40600429643
2026-05-30 13:23:03,091 INFO sms_id=604 inserted transaction 3665
2026-05-30 13:23:03,093 INFO sms_id=605 inserted transaction 64055047273
2026-05-30 13:23:03,096 INFO sms_id=606 inserted transaction 89491266162
2026-05-30 13:23:03,098 INFO sms_id=607 inserted transaction 55841829409
2026-05-30 13:23:03,100 INFO sms_id=608 inserted transaction 88560738072
2026-05-30 13:23:03,102 INFO sms_id=609 inserted transaction 30752287352
2026-05-30 13:23:03,104 INFO sms_id=610 inserted transaction 53255374349
2026-05-30 13:23:03,106 INFO sms_id=611 inserted transaction 51995555513
2026-05-30 13:23:03,109 INFO sms_id=612 inserted transaction 82523323504
2026-05-30 13:23:03,111 INFO sms_id=613 inserted transaction 83243497448
2026-05-30 13:23:03,113 INFO sms_id=614 inserted transaction 3666
2026-05-30 13:23:03,115 INFO sms_id=615 inserted transaction 18412104580
2026-05-30 13:23:03,117 INFO sms_id=616 inserted transaction 37742687948
2026-05-30 13:23:03,119 INFO sms_id=617 inserted transaction 88339887283
2026-05-30 13:23:03,121 INFO sms_id=618 inserted transaction 36652345884
2026-05-30 13:23:03,123 INFO sms_id=619 inserted transaction 97102681312
2026-05-30 13:23:03,125 INFO sms_id=620 inserted transaction 69262787089
2026-05-30 13:23:03,127 INFO sms_id=621 inserted transaction 84450540041
2026-05-30 13:23:03,129 INFO sms_id=622 inserted transaction 29940304846
2026-05-30 13:23:03,131 INFO sms_id=623 inserted transaction 3667
2026-05-30 13:23:03,133 INFO sms_id=624 inserted transaction 15064161618
2026-05-30 13:23:03,134 WARNING sms_id=625 unrecognized transaction type
2026-05-30 13:23:03,137 INFO sms_id=626 inserted transaction 76571849631
2026-05-30 13:23:03,139 INFO sms_id=627 inserted transaction 3668
2026-05-30 13:23:03,141 INFO sms_id=628 inserted transaction 84613735727
2026-05-30 13:23:03,142 WARNING sms_id=629 unrecognized transaction type
2026-05-30 13:23:03,144 INFO sms_id=630 inserted transaction 15070248766
2026-05-30 13:23:03,145 INFO sms_id=631 inserted transaction 3669
2026-05-30 13:23:03,147 INFO sms_id=632 inserted transaction 67758041409
2026-05-30 13:23:03,149 INFO sms_id=633 inserted transaction 37095118662
2026-05-30 13:23:03,151 INFO sms_id=634 inserted transaction 3670
2026-05-30 13:23:03,153 INFO sms_id=635 inserted transaction 3671
2026-05-30 13:23:03,154 INFO sms_id=636 inserted transaction 3672
2026-05-30 13:23:03,156 INFO sms_id=637 inserted transaction 3673
2026-05-30 13:23:03,158 INFO sms_id=638 inserted transaction 54529107912
2026-05-30 13:23:03,160 INFO sms_id=639 inserted transaction 3674
2026-05-30 13:23:03,162 INFO sms_id=640 inserted transaction 3675
2026-05-30 13:23:03,165 INFO sms_id=641 inserted transaction 15097735991
2026-05-30 13:23:03,166 WARNING sms_id=642 unrecognized transaction type
2026-05-30 13:23:03,168 INFO sms_id=643 inserted transaction 3676
2026-05-30 13:23:03,170 INFO sms_id=644 inserted transaction 3677
2026-05-30 13:23:03,172 INFO sms_id=645 inserted transaction 17312696676
2026-05-30 13:23:03,174 INFO sms_id=646 inserted transaction 3678
2026-05-30 13:23:03,176 INFO sms_id=647 inserted transaction 3679
2026-05-30 13:23:03,178 INFO sms_id=648 inserted transaction 44828677354
2026-05-30 13:23:03,181 INFO sms_id=649 inserted transaction 3680
2026-05-30 13:23:03,183 INFO sms_id=650 inserted transaction 3681
2026-05-30 13:23:03,185 INFO sms_id=651 inserted transaction 3682
2026-05-30 13:23:03,187 INFO sms_id=652 inserted transaction 3683
2026-05-30 13:23:03,190 INFO sms_id=653 inserted transaction 3684
2026-05-30 13:23:03,193 INFO sms_id=654 inserted transaction 81849854541
2026-05-30 13:23:03,195 INFO sms_id=655 inserted transaction 3685
2026-05-30 13:23:03,198 INFO sms_id=656 inserted transaction 15126906031
2026-05-30 13:23:03,200 WARNING sms_id=657 unrecognized transaction type
2026-05-30 13:23:03,202 INFO sms_id=658 inserted transaction 3686
2026-05-30 13:23:03,204 INFO sms_id=659 inserted transaction 3687
2026-05-30 13:23:03,206 INFO sms_id=660 inserted transaction 68702182375
2026-05-30 13:23:03,208 INFO sms_id=661 inserted transaction 35397483220
2026-05-30 13:23:03,210 INFO sms_id=662 inserted transaction 3688
2026-05-30 13:23:03,213 INFO sms_id=663 inserted transaction 61050966433
2026-05-30 13:23:03,214 WARNING sms_id=664 unrecognized transaction type
2026-05-30 13:23:03,217 INFO sms_id=665 inserted transaction 15146128209
2026-05-30 13:23:03,220 INFO sms_id=666 inserted transaction 17146568940
2026-05-30 13:23:03,222 INFO sms_id=667 inserted transaction 3689
2026-05-30 13:23:03,224 INFO sms_id=668 inserted transaction 51244172238
2026-05-30 13:23:03,226 INFO sms_id=669 inserted transaction 42404795768
2026-05-30 13:23:03,228 INFO sms_id=670 inserted transaction 3690
2026-05-30 13:23:03,230 INFO sms_id=671 inserted transaction 28724945380
2026-05-30 13:23:03,233 INFO sms_id=672 inserted transaction 3691
2026-05-30 13:23:03,236 INFO sms_id=673 inserted transaction 3692
2026-05-30 13:23:03,241 INFO sms_id=674 inserted transaction 84355626350
2026-05-30 13:23:03,244 INFO sms_id=675 inserted transaction 3693
2026-05-30 13:23:03,248 INFO sms_id=676 inserted transaction 66942812945
2026-05-30 13:23:03,253 INFO sms_id=677 inserted transaction 44686423914
2026-05-30 13:23:03,255 INFO sms_id=678 inserted transaction 3694
2026-05-30 13:23:03,258 INFO sms_id=679 inserted transaction 3695
2026-05-30 13:23:03,261 INFO sms_id=680 inserted transaction 3696
2026-05-30 13:23:03,264 INFO sms_id=681 inserted transaction 90009446652
2026-05-30 13:23:03,268 INFO sms_id=682 inserted transaction 39711811703
2026-05-30 13:23:03,270 INFO sms_id=683 inserted transaction 3697
2026-05-30 13:23:03,272 INFO sms_id=684 inserted transaction 43449848103
2026-05-30 13:23:03,276 INFO sms_id=685 inserted transaction 36806257641
2026-05-30 13:23:03,279 INFO sms_id=686 inserted transaction 85705805836
2026-05-30 13:23:03,282 INFO sms_id=687 inserted transaction 98718398488
2026-05-30 13:23:03,285 INFO sms_id=688 inserted transaction 3698
2026-05-30 13:23:03,287 INFO sms_id=689 inserted transaction 3699
2026-05-30 13:23:03,291 INFO sms_id=690 inserted transaction 15178525743
2026-05-30 13:23:03,293 WARNING sms_id=691 unrecognized transaction type
2026-05-30 13:23:03,296 INFO sms_id=692 inserted transaction 15180796103
2026-05-30 13:23:03,298 INFO sms_id=693 inserted transaction 15183763430
2026-05-30 13:23:03,300 INFO sms_id=694 inserted transaction 3700
2026-05-30 13:23:03,303 INFO sms_id=695 inserted transaction 15204526240
2026-05-30 13:23:03,305 WARNING sms_id=696 unrecognized transaction type
2026-05-30 13:23:03,307 WARNING sms_id=697 unrecognized transaction type
2026-05-30 13:23:03,309 INFO sms_id=698 inserted transaction 3701
2026-05-30 13:23:03,312 INFO sms_id=699 inserted transaction 3702
2026-05-30 13:23:03,315 INFO sms_id=700 inserted transaction 65794486507
2026-05-30 13:23:03,318 INFO sms_id=701 inserted transaction 54527566978
2026-05-30 13:23:03,320 INFO sms_id=702 inserted transaction 3703
2026-05-30 13:23:03,321 INFO sms_id=703 inserted transaction 3704
2026-05-30 13:23:03,323 INFO sms_id=704 inserted transaction 44085722067
2026-05-30 13:23:03,326 INFO sms_id=705 inserted transaction 34840236831
2026-05-30 13:23:03,329 INFO sms_id=706 inserted transaction 33807026334
2026-05-30 13:23:03,332 INFO sms_id=707 inserted transaction 17685290715
2026-05-30 13:23:03,333 INFO sms_id=708 inserted transaction 3705
2026-05-30 13:23:03,335 INFO sms_id=709 inserted transaction 3706
2026-05-30 13:23:03,337 INFO sms_id=710 inserted transaction 3707
2026-05-30 13:23:03,339 INFO sms_id=711 inserted transaction 30421279676
2026-05-30 13:23:03,341 INFO sms_id=712 inserted transaction 3708
2026-05-30 13:23:03,343 INFO sms_id=713 inserted transaction 67810322933
2026-05-30 13:23:03,346 INFO sms_id=714 inserted transaction 16477334750
2026-05-30 13:23:03,350 INFO sms_id=715 inserted transaction 63168026131
2026-05-30 13:23:03,353 INFO sms_id=716 inserted transaction 37958581135
2026-05-30 13:23:03,355 INFO sms_id=717 inserted transaction 32776707801
2026-05-30 13:23:03,357 INFO sms_id=718 inserted transaction 16642246344
2026-05-30 13:23:03,359 INFO sms_id=719 inserted transaction 3709
2026-05-30 13:23:03,360 INFO sms_id=720 inserted transaction 3710
2026-05-30 13:23:03,362 INFO sms_id=721 inserted transaction 3711
2026-05-30 13:23:03,364 INFO sms_id=722 inserted transaction 3712
2026-05-30 13:23:03,367 INFO sms_id=723 inserted transaction 51287161721
2026-05-30 13:23:03,370 INFO sms_id=724 inserted transaction 42143703095
2026-05-30 13:23:03,372 INFO sms_id=725 inserted transaction 19778042081
2026-05-30 13:23:03,375 INFO sms_id=726 inserted transaction 3713
2026-05-30 13:23:03,377 INFO sms_id=727 inserted transaction 3714
2026-05-30 13:23:03,380 INFO sms_id=728 inserted transaction 65847057882
2026-05-30 13:23:03,383 INFO sms_id=729 inserted transaction 50837825539
2026-05-30 13:23:03,385 INFO sms_id=730 inserted transaction 3715
2026-05-30 13:23:03,388 INFO sms_id=731 inserted transaction 72819907564
2026-05-30 13:23:03,391 INFO sms_id=732 inserted transaction 53433821307
2026-05-30 13:23:03,394 INFO sms_id=733 inserted transaction 58247627931
2026-05-30 13:23:03,396 INFO sms_id=734 inserted transaction 15475262766
2026-05-30 13:23:03,398 WARNING sms_id=735 unrecognized transaction type
2026-05-30 13:23:03,400 INFO sms_id=736 inserted transaction 3716
2026-05-30 13:23:03,402 INFO sms_id=737 inserted transaction 3717
2026-05-30 13:23:03,404 INFO sms_id=738 inserted transaction 3718
2026-05-30 13:23:03,407 INFO sms_id=739 inserted transaction 3719
2026-05-30 13:23:03,410 INFO sms_id=740 inserted transaction 19153266137
2026-05-30 13:23:03,413 INFO sms_id=741 inserted transaction 3720
2026-05-30 13:23:03,418 INFO sms_id=742 inserted transaction 39270807010
2026-05-30 13:23:03,422 INFO sms_id=743 inserted transaction 99076325019
2026-05-30 13:23:03,426 INFO sms_id=744 inserted transaction 3721
2026-05-30 13:23:03,429 INFO sms_id=745 inserted transaction 3722
2026-05-30 13:23:03,434 INFO sms_id=746 inserted transaction 3723
2026-05-30 13:23:03,438 INFO sms_id=747 inserted transaction 34261953989
2026-05-30 13:23:03,442 INFO sms_id=748 inserted transaction 96185760887
2026-05-30 13:23:03,445 INFO sms_id=749 inserted transaction 3724
2026-05-30 13:23:03,449 INFO sms_id=750 inserted transaction 15507397966
2026-05-30 13:23:03,453 INFO sms_id=751 inserted transaction 15512525928
2026-05-30 13:23:03,457 INFO sms_id=752 inserted transaction 97313704025
2026-05-30 13:23:03,460 INFO sms_id=753 inserted transaction 77555076585
2026-05-30 13:23:03,464 INFO sms_id=754 inserted transaction 84510391939
2026-05-30 13:23:03,468 INFO sms_id=755 inserted transaction 22766907160
2026-05-30 13:23:03,471 INFO sms_id=756 inserted transaction 3725
2026-05-30 13:23:03,473 INFO sms_id=757 inserted transaction 3726
2026-05-30 13:23:03,475 INFO sms_id=758 inserted transaction 3727
2026-05-30 13:23:03,479 INFO sms_id=759 inserted transaction 65203206628
2026-05-30 13:23:03,484 INFO sms_id=760 inserted transaction 28158968182
2026-05-30 13:23:03,486 INFO sms_id=761 inserted transaction 46906409049
2026-05-30 13:23:03,489 INFO sms_id=762 inserted transaction 54566717014
2026-05-30 13:23:03,492 INFO sms_id=763 inserted transaction 15538355693
2026-05-30 13:23:03,494 INFO sms_id=764 inserted transaction 3728
2026-05-30 13:23:03,498 INFO sms_id=765 inserted transaction 18226776468
2026-05-30 13:23:03,500 INFO sms_id=766 inserted transaction 54349163900
2026-05-30 13:23:03,502 INFO sms_id=767 inserted transaction 78378077317
2026-05-30 13:23:03,503 INFO sms_id=768 inserted transaction 3729
2026-05-30 13:23:03,505 INFO sms_id=769 inserted transaction 3730
2026-05-30 13:23:03,506 INFO sms_id=770 inserted transaction 3731
2026-05-30 13:23:03,508 INFO sms_id=771 inserted transaction 3732
2026-05-30 13:23:03,510 INFO sms_id=772 inserted transaction 71235033735
2026-05-30 13:23:03,512 INFO sms_id=773 inserted transaction 71779593744
2026-05-30 13:23:03,514 INFO sms_id=774 inserted transaction 17120559943
2026-05-30 13:23:03,516 INFO sms_id=775 inserted transaction 3733
2026-05-30 13:23:03,518 INFO sms_id=776 inserted transaction 60424907269
2026-05-30 13:23:03,520 INFO sms_id=777 inserted transaction 3734
2026-05-30 13:23:03,522 INFO sms_id=778 inserted transaction 49794854165
2026-05-30 13:23:03,524 INFO sms_id=779 inserted transaction 83422016891
2026-05-30 13:23:03,526 INFO sms_id=780 inserted transaction 63961191384
2026-05-30 13:23:03,529 INFO sms_id=781 inserted transaction 15812096064
2026-05-30 13:23:03,531 INFO sms_id=782 inserted transaction 67353135596
2026-05-30 13:23:03,534 INFO sms_id=783 inserted transaction 57527013791
2026-05-30 13:23:03,537 INFO sms_id=784 inserted transaction 61863630305
2026-05-30 13:23:03,539 INFO sms_id=785 inserted transaction 3735
2026-05-30 13:23:03,542 INFO sms_id=786 inserted transaction 80939174580
2026-05-30 13:23:03,546 INFO sms_id=787 inserted transaction 29253592859
2026-05-30 13:23:03,550 INFO sms_id=788 inserted transaction 95155933276
2026-05-30 13:23:03,553 INFO sms_id=789 inserted transaction 15594922933
2026-05-30 13:23:03,556 INFO sms_id=790 inserted transaction 52713686775
2026-05-30 13:23:03,558 INFO sms_id=791 inserted transaction 3736
2026-05-30 13:23:03,561 INFO sms_id=792 inserted transaction 18813391203
2026-05-30 13:23:03,565 INFO sms_id=793 inserted transaction 15606505500
2026-05-30 13:23:03,567 INFO sms_id=794 inserted transaction 3737
2026-05-30 13:23:03,570 INFO sms_id=795 inserted transaction 14741959916
2026-05-30 13:23:03,573 INFO sms_id=796 inserted transaction 67974931091
2026-05-30 13:23:03,575 INFO sms_id=797 inserted transaction 3738
2026-05-30 13:23:03,578 INFO sms_id=798 inserted transaction 15611958408
2026-05-30 13:23:03,582 INFO sms_id=799 inserted transaction 14513684578
2026-05-30 13:23:03,585 INFO sms_id=800 inserted transaction 3739
2026-05-30 13:23:03,587 INFO sms_id=801 inserted transaction 3740
2026-05-30 13:23:03,589 INFO sms_id=802 inserted transaction 3741
2026-05-30 13:23:03,591 INFO sms_id=803 inserted transaction 3742
2026-05-30 13:23:03,595 INFO sms_id=804 inserted transaction 3743
2026-05-30 13:23:03,598 INFO sms_id=805 inserted transaction 3744
2026-05-30 13:23:03,600 INFO sms_id=806 inserted transaction 3745
2026-05-30 13:23:03,602 INFO sms_id=807 inserted transaction 3746
2026-05-30 13:23:03,605 INFO sms_id=808 inserted transaction 37507241088
2026-05-30 13:23:03,608 INFO sms_id=809 inserted transaction 88126214143
2026-05-30 13:23:03,610 INFO sms_id=810 inserted transaction 3747
2026-05-30 13:23:03,614 INFO sms_id=811 inserted transaction 15628862865
2026-05-30 13:23:03,619 INFO sms_id=812 inserted transaction 95649567862
2026-05-30 13:23:03,622 INFO sms_id=813 inserted transaction 3748
2026-05-30 13:23:03,625 INFO sms_id=814 inserted transaction 3749
2026-05-30 13:23:03,631 INFO sms_id=815 inserted transaction 10083689781
2026-05-30 13:23:03,634 INFO sms_id=816 inserted transaction 3750
2026-05-30 13:23:03,635 INFO sms_id=817 inserted transaction 3751
2026-05-30 13:23:03,638 INFO sms_id=818 inserted transaction 68925556497
2026-05-30 13:23:03,640 INFO sms_id=819 inserted transaction 90275359445
2026-05-30 13:23:03,642 INFO sms_id=820 inserted transaction 3752
2026-05-30 13:23:03,643 INFO sms_id=821 inserted transaction 3753
2026-05-30 13:23:03,645 INFO sms_id=822 inserted transaction 3754
2026-05-30 13:23:03,647 INFO sms_id=823 inserted transaction 3755
2026-05-30 13:23:03,649 INFO sms_id=824 inserted transaction 3756
2026-05-30 13:23:03,651 INFO sms_id=825 inserted transaction 3757
2026-05-30 13:23:03,654 INFO sms_id=826 inserted transaction 87571566840
2026-05-30 13:23:03,656 INFO sms_id=827 inserted transaction 3758
2026-05-30 13:23:03,658 INFO sms_id=828 inserted transaction 3759
2026-05-30 13:23:03,660 INFO sms_id=829 inserted transaction 3760
2026-05-30 13:23:03,662 INFO sms_id=830 inserted transaction 3761
2026-05-30 13:23:03,665 INFO sms_id=831 inserted transaction 13774628019
2026-05-30 13:23:03,666 INFO sms_id=832 inserted transaction 3762
2026-05-30 13:23:03,669 INFO sms_id=833 inserted transaction 65478956735
2026-05-30 13:23:03,671 INFO sms_id=834 inserted transaction 96684440213
2026-05-30 13:23:03,674 INFO sms_id=835 inserted transaction 3763
2026-05-30 13:23:03,677 INFO sms_id=836 inserted transaction 10893465854
2026-05-30 13:23:03,679 INFO sms_id=837 inserted transaction 3764
2026-05-30 13:23:03,683 INFO sms_id=838 inserted transaction 18269992033
2026-05-30 13:23:03,685 INFO sms_id=839 inserted transaction 3765
2026-05-30 13:23:03,687 INFO sms_id=840 inserted transaction 3766
2026-05-30 13:23:03,690 INFO sms_id=841 inserted transaction 3767
2026-05-30 13:23:03,692 INFO sms_id=842 inserted transaction 3768
2026-05-30 13:23:03,693 INFO sms_id=843 inserted transaction 3769
2026-05-30 13:23:03,697 INFO sms_id=844 inserted transaction 79540204158
2026-05-30 13:23:03,699 INFO sms_id=845 inserted transaction 3770
2026-05-30 13:23:03,701 INFO sms_id=846 inserted transaction 3771
2026-05-30 13:23:03,704 INFO sms_id=847 inserted transaction 21123163485
2026-05-30 13:23:03,706 INFO sms_id=848 inserted transaction 3772
2026-05-30 13:23:03,708 INFO sms_id=849 inserted transaction 3773
2026-05-30 13:23:03,711 INFO sms_id=850 inserted transaction 67195404064
2026-05-30 13:23:03,715 INFO sms_id=851 inserted transaction 52003402612
2026-05-30 13:23:03,717 INFO sms_id=852 inserted transaction 3774
2026-05-30 13:23:03,720 INFO sms_id=853 inserted transaction 70460358419
2026-05-30 13:23:03,723 INFO sms_id=854 inserted transaction 15681666953
2026-05-30 13:23:03,725 WARNING sms_id=855 unrecognized transaction type
2026-05-30 13:23:03,729 INFO sms_id=856 inserted transaction 14667936406
2026-05-30 13:23:03,733 INFO sms_id=857 inserted transaction 20823828008
2026-05-30 13:23:03,736 INFO sms_id=858 inserted transaction 3775
2026-05-30 13:23:03,738 INFO sms_id=859 inserted transaction 3776
2026-05-30 13:23:03,740 INFO sms_id=860 inserted transaction 3777
2026-05-30 13:23:03,744 INFO sms_id=861 inserted transaction 40728069150
2026-05-30 13:23:03,746 INFO sms_id=862 inserted transaction 3778
2026-05-30 13:23:03,749 INFO sms_id=863 inserted transaction 3779
2026-05-30 13:23:03,751 INFO sms_id=864 inserted transaction 3780
2026-05-30 13:23:03,753 INFO sms_id=865 inserted transaction 3781
2026-05-30 13:23:03,758 INFO sms_id=866 inserted transaction 60033930579
2026-05-30 13:23:03,762 INFO sms_id=867 inserted transaction 90380679208
2026-05-30 13:23:03,764 INFO sms_id=868 inserted transaction 3782
2026-05-30 13:23:03,765 INFO sms_id=869 inserted transaction 3783
2026-05-30 13:23:03,768 INFO sms_id=870 inserted transaction 12313178673
2026-05-30 13:23:03,771 INFO sms_id=871 inserted transaction 3784
2026-05-30 13:23:03,774 INFO sms_id=872 inserted transaction 3785
2026-05-30 13:23:03,777 INFO sms_id=873 inserted transaction 3786
2026-05-30 13:23:03,779 INFO sms_id=874 inserted transaction 3787
2026-05-30 13:23:03,783 INFO sms_id=875 inserted transaction 57207221830
2026-05-30 13:23:03,786 INFO sms_id=876 inserted transaction 3788
2026-05-30 13:23:03,789 INFO sms_id=877 inserted transaction 72944989836
2026-05-30 13:23:03,792 INFO sms_id=878 inserted transaction 3789
2026-05-30 13:23:03,794 INFO sms_id=879 inserted transaction 3790
2026-05-30 13:23:03,798 INFO sms_id=880 inserted transaction 97178498053
2026-05-30 13:23:03,802 INFO sms_id=881 inserted transaction 11967814854
2026-05-30 13:23:03,805 INFO sms_id=882 inserted transaction 3791
2026-05-30 13:23:03,808 INFO sms_id=883 inserted transaction 3792
2026-05-30 13:23:03,810 INFO sms_id=884 inserted transaction 3793
2026-05-30 13:23:03,815 INFO sms_id=885 inserted transaction 80693378371
2026-05-30 13:23:03,818 INFO sms_id=886 inserted transaction 3794
2026-05-30 13:23:03,822 INFO sms_id=887 inserted transaction 77217198389
2026-05-30 13:23:03,824 INFO sms_id=888 inserted transaction 3795
2026-05-30 13:23:03,826 INFO sms_id=889 inserted transaction 3796
2026-05-30 13:23:03,830 INFO sms_id=890 inserted transaction 91279986205
2026-05-30 13:23:03,832 INFO sms_id=891 inserted transaction 3797
2026-05-30 13:23:03,836 INFO sms_id=892 inserted transaction 28826953210
2026-05-30 13:23:03,838 INFO sms_id=893 inserted transaction 17948439353
2026-05-30 13:23:03,841 INFO sms_id=894 inserted transaction 36356336397
2026-05-30 13:23:03,844 INFO sms_id=895 inserted transaction 69586541013
2026-05-30 13:23:03,846 INFO sms_id=896 inserted transaction 15747282067
2026-05-30 13:23:03,848 INFO sms_id=897 inserted transaction 3798
2026-05-30 13:23:03,850 INFO sms_id=898 inserted transaction 94012583928
2026-05-30 13:23:03,852 INFO sms_id=899 inserted transaction 3799
2026-05-30 13:23:03,853 INFO sms_id=900 inserted transaction 3800
2026-05-30 13:23:03,854 INFO Committed batch size=300 inserted=290 skipped_unknown=10 skipped_invalid=0 failed=0
2026-05-30 13:23:03,855 INFO sms_id=901 inserted transaction 3801
2026-05-30 13:23:03,856 INFO sms_id=902 inserted transaction 3802
2026-05-30 13:23:03,860 INFO sms_id=903 inserted transaction 37418547572
2026-05-30 13:23:03,864 INFO sms_id=904 inserted transaction 3803
2026-05-30 13:23:03,866 INFO sms_id=905 inserted transaction 3804
2026-05-30 13:23:03,869 INFO sms_id=906 inserted transaction 3805
2026-05-30 13:23:03,872 INFO sms_id=907 inserted transaction 31576458916
2026-05-30 13:23:03,875 INFO sms_id=908 inserted transaction 36553832778
2026-05-30 13:23:03,878 INFO sms_id=909 inserted transaction 15783543056
2026-05-30 13:23:03,880 WARNING sms_id=910 unrecognized transaction type
2026-05-30 13:23:03,882 INFO sms_id=911 inserted transaction 3806
2026-05-30 13:23:03,886 INFO sms_id=912 inserted transaction 67555624275
2026-05-30 13:23:03,889 INFO sms_id=913 inserted transaction 89855734028
2026-05-30 13:23:03,892 INFO sms_id=914 inserted transaction 82996055356
2026-05-30 13:23:03,894 INFO sms_id=915 inserted transaction 3807
2026-05-30 13:23:03,897 INFO sms_id=916 inserted transaction 97916279369
2026-05-30 13:23:03,899 INFO sms_id=917 inserted transaction 3808
2026-05-30 13:23:03,900 INFO sms_id=918 inserted transaction 3809
2026-05-30 13:23:03,902 INFO sms_id=919 inserted transaction 3810
2026-05-30 13:23:03,905 INFO sms_id=920 inserted transaction 48524994396
2026-05-30 13:23:03,907 INFO sms_id=921 inserted transaction 3811
2026-05-30 13:23:03,911 INFO sms_id=922 inserted transaction 78688834340
2026-05-30 13:23:03,914 INFO sms_id=923 inserted transaction 60193532268
2026-05-30 13:23:03,917 INFO sms_id=924 inserted transaction 93881514225
2026-05-30 13:23:03,919 INFO sms_id=925 inserted transaction 60158780091
2026-05-30 13:23:03,921 INFO sms_id=926 inserted transaction 35202815280
2026-05-30 13:23:03,923 INFO sms_id=927 inserted transaction 3812
2026-05-30 13:23:03,925 INFO sms_id=928 inserted transaction 3813
2026-05-30 13:23:03,928 INFO sms_id=929 inserted transaction 32371477638
2026-05-30 13:23:03,931 INFO sms_id=930 inserted transaction 15188663338
2026-05-30 13:23:03,934 INFO sms_id=931 inserted transaction 46064965737
2026-05-30 13:23:03,936 INFO sms_id=932 inserted transaction 3814
2026-05-30 13:23:03,937 INFO sms_id=933 inserted transaction 3815
2026-05-30 13:23:03,939 INFO sms_id=934 inserted transaction 3816
2026-05-30 13:23:03,941 INFO sms_id=935 inserted transaction 3817
2026-05-30 13:23:03,943 INFO sms_id=936 inserted transaction 3818
2026-05-30 13:23:03,946 INFO sms_id=937 inserted transaction 3819
2026-05-30 13:23:03,948 INFO sms_id=938 inserted transaction 3820
2026-05-30 13:23:03,952 INFO sms_id=939 inserted transaction 13372675354
2026-05-30 13:23:03,956 INFO sms_id=940 inserted transaction 17063216498
2026-05-30 13:23:03,958 INFO sms_id=941 inserted transaction 3821
2026-05-30 13:23:03,960 INFO sms_id=942 inserted transaction 3822
2026-05-30 13:23:03,964 INFO sms_id=943 inserted transaction 35450739966
2026-05-30 13:23:03,967 INFO sms_id=944 inserted transaction 3823
2026-05-30 13:23:03,971 INFO sms_id=945 inserted transaction 62962558714
2026-05-30 13:23:03,974 INFO sms_id=946 inserted transaction 3824
2026-05-30 13:23:03,977 INFO sms_id=947 inserted transaction 3825
2026-05-30 13:23:03,981 INFO sms_id=948 inserted transaction 3826
2026-05-30 13:23:03,985 INFO sms_id=949 inserted transaction 37376382898
2026-05-30 13:23:03,988 INFO sms_id=950 inserted transaction 3827
2026-05-30 13:23:03,992 INFO sms_id=951 inserted transaction 3828
2026-05-30 13:23:03,995 INFO sms_id=952 inserted transaction 3829
2026-05-30 13:23:03,998 INFO sms_id=953 inserted transaction 3830
2026-05-30 13:23:04,002 INFO sms_id=954 inserted transaction 68217644339
2026-05-30 13:23:04,005 INFO sms_id=955 inserted transaction 3831
2026-05-30 13:23:04,008 INFO sms_id=956 inserted transaction 3832
2026-05-30 13:23:04,010 INFO sms_id=957 inserted transaction 3833
2026-05-30 13:23:04,013 INFO sms_id=958 inserted transaction 3834
2026-05-30 13:23:04,018 INFO sms_id=959 inserted transaction 24296251142
2026-05-30 13:23:04,022 INFO sms_id=960 inserted transaction 90644334751
2026-05-30 13:23:04,025 INFO sms_id=961 inserted transaction 3835
2026-05-30 13:23:04,027 INFO sms_id=962 inserted transaction 3836
2026-05-30 13:23:04,032 INFO sms_id=963 inserted transaction 15874896437
2026-05-30 13:23:04,034 INFO sms_id=964 inserted transaction 3837
2026-05-30 13:23:04,038 INFO sms_id=965 inserted transaction 79921659205
2026-05-30 13:23:04,040 INFO sms_id=966 inserted transaction 3838
2026-05-30 13:23:04,044 INFO sms_id=967 inserted transaction 75401767322
2026-05-30 13:23:04,046 INFO sms_id=968 inserted transaction 3839
2026-05-30 13:23:04,049 INFO sms_id=969 inserted transaction 94510396651
2026-05-30 13:23:04,052 INFO sms_id=970 inserted transaction 55341611618
2026-05-30 13:23:04,054 INFO sms_id=971 inserted transaction 3840
2026-05-30 13:23:04,057 INFO sms_id=972 inserted transaction 78265898230
2026-05-30 13:23:04,059 INFO sms_id=973 inserted transaction 3841
2026-05-30 13:23:04,062 INFO sms_id=974 inserted transaction 3842
2026-05-30 13:23:04,064 INFO sms_id=975 inserted transaction 3843
2026-05-30 13:23:04,068 INFO sms_id=976 inserted transaction 51862934722
2026-05-30 13:23:04,069 INFO sms_id=977 inserted transaction 3844
2026-05-30 13:23:04,072 INFO sms_id=978 inserted transaction 91477230630
2026-05-30 13:23:04,075 INFO sms_id=979 inserted transaction 98785716472
2026-05-30 13:23:04,077 INFO sms_id=980 inserted transaction 60169531477
2026-05-30 13:23:04,080 INFO sms_id=981 inserted transaction 18182747024
2026-05-30 13:23:04,083 INFO sms_id=982 inserted transaction 33085803334
2026-05-30 13:23:04,084 INFO sms_id=983 inserted transaction 3845
2026-05-30 13:23:04,086 INFO sms_id=984 inserted transaction 3846
2026-05-30 13:23:04,088 INFO sms_id=985 inserted transaction 15930732191
2026-05-30 13:23:04,090 INFO sms_id=986 inserted transaction 3847
2026-05-30 13:23:04,092 INFO sms_id=987 inserted transaction 3848
2026-05-30 13:23:04,096 INFO sms_id=988 inserted transaction 15940915096
2026-05-30 13:23:04,098 INFO sms_id=989 inserted transaction 39214139430
2026-05-30 13:23:04,100 INFO sms_id=990 inserted transaction 3849
2026-05-30 13:23:04,102 INFO sms_id=991 inserted transaction 3850
2026-05-30 13:23:04,103 INFO sms_id=992 inserted transaction 3851
2026-05-30 13:23:04,105 INFO sms_id=993 inserted transaction 3852
2026-05-30 13:23:04,107 INFO sms_id=994 inserted transaction 3853
2026-05-30 13:23:04,108 INFO sms_id=995 inserted transaction 3854
2026-05-30 13:23:04,111 INFO sms_id=996 inserted transaction 90902383993
2026-05-30 13:23:04,113 INFO sms_id=997 inserted transaction 3855
2026-05-30 13:23:04,115 INFO sms_id=998 inserted transaction 10659235728
2026-05-30 13:23:04,117 INFO sms_id=999 inserted transaction 3856
2026-05-30 13:23:04,119 INFO sms_id=1000 inserted transaction 3857
2026-05-30 13:23:04,122 INFO sms_id=1001 inserted transaction 39663280584
2026-05-30 13:23:04,123 INFO sms_id=1002 inserted transaction 3858
2026-05-30 13:23:04,126 INFO sms_id=1003 inserted transaction 81871013229
2026-05-30 13:23:04,128 INFO sms_id=1004 inserted transaction 44506228015
2026-05-30 13:23:04,132 INFO sms_id=1005 inserted transaction 83067244660
2026-05-30 13:23:04,134 INFO sms_id=1006 inserted transaction 10730013424
2026-05-30 13:23:04,137 INFO sms_id=1007 inserted transaction 20546538645
2026-05-30 13:23:04,139 INFO sms_id=1008 inserted transaction 3859
2026-05-30 13:23:04,141 INFO sms_id=1009 inserted transaction 16016087305
2026-05-30 13:23:04,144 INFO sms_id=1010 inserted transaction 35245414129
2026-05-30 13:23:04,147 INFO sms_id=1011 inserted transaction 22096990635
2026-05-30 13:23:04,148 INFO sms_id=1012 inserted transaction 3860
2026-05-30 13:23:04,150 INFO sms_id=1013 inserted transaction 3861
2026-05-30 13:23:04,152 INFO sms_id=1014 inserted transaction 3862
2026-05-30 13:23:04,154 INFO sms_id=1015 inserted transaction 3863
2026-05-30 13:23:04,157 INFO sms_id=1016 inserted transaction 32286024625
2026-05-30 13:23:04,158 INFO sms_id=1017 inserted transaction 3864
2026-05-30 13:23:04,161 INFO sms_id=1018 inserted transaction 16030998575
2026-05-30 13:23:04,164 INFO sms_id=1019 inserted transaction 3865
2026-05-30 13:23:04,166 INFO sms_id=1020 inserted transaction 3866
2026-05-30 13:23:04,167 INFO sms_id=1021 inserted transaction 3867
2026-05-30 13:23:04,169 INFO sms_id=1022 inserted transaction 3868
2026-05-30 13:23:04,172 INFO sms_id=1023 inserted transaction 16040688508
2026-05-30 13:23:04,174 INFO sms_id=1024 inserted transaction 90308181228
2026-05-30 13:23:04,176 INFO sms_id=1025 inserted transaction 3869
2026-05-30 13:23:04,179 INFO sms_id=1026 inserted transaction 18477975094
2026-05-30 13:23:04,182 INFO sms_id=1027 inserted transaction 85146339192
2026-05-30 13:23:04,183 INFO sms_id=1028 inserted transaction 3870
2026-05-30 13:23:04,185 INFO sms_id=1029 inserted transaction 3871
2026-05-30 13:23:04,187 INFO sms_id=1030 inserted transaction 3872
2026-05-30 13:23:04,189 INFO sms_id=1031 inserted transaction 82638981577
2026-05-30 13:23:04,191 INFO sms_id=1032 inserted transaction 3873
2026-05-30 13:23:04,193 INFO sms_id=1033 inserted transaction 24060951845
2026-05-30 13:23:04,197 INFO sms_id=1034 inserted transaction 48231394901
2026-05-30 13:23:04,199 INFO sms_id=1035 inserted transaction 3874
2026-05-30 13:23:04,201 INFO sms_id=1036 inserted transaction 3875
2026-05-30 13:23:04,203 INFO sms_id=1037 inserted transaction 77445681586
2026-05-30 13:23:04,206 INFO sms_id=1038 inserted transaction 22996639471
2026-05-30 13:23:04,207 INFO sms_id=1039 inserted transaction 3876
2026-05-30 13:23:04,209 INFO sms_id=1040 inserted transaction 3877
2026-05-30 13:23:04,212 INFO sms_id=1041 inserted transaction 89752753163
2026-05-30 13:23:04,214 INFO sms_id=1042 inserted transaction 3878
2026-05-30 13:23:04,217 INFO sms_id=1043 inserted transaction 43532820450
2026-05-30 13:23:04,219 INFO sms_id=1044 inserted transaction 58196919753
2026-05-30 13:23:04,221 INFO sms_id=1045 inserted transaction 3879
2026-05-30 13:23:04,223 INFO sms_id=1046 inserted transaction 37468876171
2026-05-30 13:23:04,225 INFO sms_id=1047 inserted transaction 3880
2026-05-30 13:23:04,227 INFO sms_id=1048 inserted transaction 3881
2026-05-30 13:23:04,230 INFO sms_id=1049 inserted transaction 88108852426
2026-05-30 13:23:04,232 INFO sms_id=1050 inserted transaction 31762210000
2026-05-30 13:23:04,235 INFO sms_id=1051 inserted transaction 3882
2026-05-30 13:23:04,238 INFO sms_id=1052 inserted transaction 3883
2026-05-30 13:23:04,240 INFO sms_id=1053 inserted transaction 3884
2026-05-30 13:23:04,242 INFO sms_id=1054 inserted transaction 13398096034
2026-05-30 13:23:04,245 INFO sms_id=1055 inserted transaction 67853860784
2026-05-30 13:23:04,247 INFO sms_id=1056 inserted transaction 3885
2026-05-30 13:23:04,250 INFO sms_id=1057 inserted transaction 59663284115
2026-05-30 13:23:04,252 INFO sms_id=1058 inserted transaction 3886
2026-05-30 13:23:04,253 INFO sms_id=1059 inserted transaction 3887
2026-05-30 13:23:04,255 INFO sms_id=1060 inserted transaction 60978680783
2026-05-30 13:23:04,257 INFO sms_id=1061 inserted transaction 11340322119
2026-05-30 13:23:04,259 INFO sms_id=1062 inserted transaction 3888
2026-05-30 13:23:04,261 INFO sms_id=1063 inserted transaction 3889
2026-05-30 13:23:04,263 INFO sms_id=1064 inserted transaction 3890
2026-05-30 13:23:04,266 INFO sms_id=1065 inserted transaction 53889847709
2026-05-30 13:23:04,268 INFO sms_id=1066 inserted transaction 3891
2026-05-30 13:23:04,270 INFO sms_id=1067 inserted transaction 16178728333
2026-05-30 13:23:04,273 INFO sms_id=1068 inserted transaction 77321308899
2026-05-30 13:23:04,275 INFO sms_id=1069 inserted transaction 16181431637
2026-05-30 13:23:04,277 INFO sms_id=1070 inserted transaction 79562421324
2026-05-30 13:23:04,280 INFO sms_id=1071 inserted transaction 13398775256
2026-05-30 13:23:04,282 INFO sms_id=1072 inserted transaction 3892
2026-05-30 13:23:04,284 INFO sms_id=1073 inserted transaction 3893
2026-05-30 13:23:04,286 INFO sms_id=1074 inserted transaction 3894
2026-05-30 13:23:04,288 INFO sms_id=1075 inserted transaction 3895
2026-05-30 13:23:04,289 INFO sms_id=1076 inserted transaction 3896
2026-05-30 13:23:04,291 INFO sms_id=1077 inserted transaction 3897
2026-05-30 13:23:04,293 INFO sms_id=1078 inserted transaction 3898
2026-05-30 13:23:04,295 INFO sms_id=1079 inserted transaction 83779362556
2026-05-30 13:23:04,297 INFO sms_id=1080 inserted transaction 15010571728
2026-05-30 13:23:04,299 INFO sms_id=1081 inserted transaction 69826234262
2026-05-30 13:23:04,300 WARNING sms_id=1082 unrecognized transaction type
2026-05-30 13:23:04,302 INFO sms_id=1083 inserted transaction 16211799078
2026-05-30 13:23:04,304 INFO sms_id=1084 inserted transaction 64182407557
2026-05-30 13:23:04,306 INFO sms_id=1085 inserted transaction 22165640182
2026-05-30 13:23:04,308 INFO sms_id=1086 inserted transaction 3899
2026-05-30 13:23:04,310 INFO sms_id=1087 inserted transaction 3900
2026-05-30 13:23:04,314 INFO sms_id=1088 inserted transaction 83014570594
2026-05-30 13:23:04,316 INFO sms_id=1089 inserted transaction 3901
2026-05-30 13:23:04,318 INFO sms_id=1090 inserted transaction 88832399279
2026-05-30 13:23:04,320 INFO sms_id=1091 inserted transaction 3902
2026-05-30 13:23:04,322 INFO sms_id=1092 inserted transaction 3903
2026-05-30 13:23:04,324 INFO sms_id=1093 inserted transaction 66464178798
2026-05-30 13:23:04,327 INFO sms_id=1094 inserted transaction 16269196928
2026-05-30 13:23:04,330 INFO sms_id=1095 inserted transaction 52293280519
2026-05-30 13:23:04,332 INFO sms_id=1096 inserted transaction 38148168525
2026-05-30 13:23:04,335 INFO sms_id=1097 inserted transaction 81760735419
2026-05-30 13:23:04,337 INFO sms_id=1098 inserted transaction 3904
2026-05-30 13:23:04,339 INFO sms_id=1099 inserted transaction 53606315017
2026-05-30 13:23:04,341 INFO sms_id=1100 inserted transaction 3905
2026-05-30 13:23:04,343 INFO sms_id=1101 inserted transaction 59905850736
2026-05-30 13:23:04,345 INFO sms_id=1102 inserted transaction 3906
2026-05-30 13:23:04,348 INFO sms_id=1103 inserted transaction 54242334327
2026-05-30 13:23:04,349 INFO sms_id=1104 inserted transaction 3907
2026-05-30 13:23:04,351 INFO sms_id=1105 inserted transaction 3908
2026-05-30 13:23:04,353 INFO sms_id=1106 inserted transaction 88072671762
2026-05-30 13:23:04,355 INFO sms_id=1107 inserted transaction 45748335313
2026-05-30 13:23:04,357 INFO sms_id=1108 inserted transaction 29637659542
2026-05-30 13:23:04,359 INFO sms_id=1109 inserted transaction 59362114751
2026-05-30 13:23:04,362 INFO sms_id=1110 inserted transaction 16327063889
2026-05-30 13:23:04,364 INFO sms_id=1111 inserted transaction 31169956538
2026-05-30 13:23:04,366 INFO sms_id=1112 inserted transaction 50533019574
2026-05-30 13:23:04,368 INFO sms_id=1113 inserted transaction 18750556052
2026-05-30 13:23:04,370 INFO sms_id=1114 inserted transaction 89091466523
2026-05-30 13:23:04,373 INFO sms_id=1115 inserted transaction 16356106165
2026-05-30 13:23:04,374 INFO sms_id=1116 inserted transaction 3909
2026-05-30 13:23:04,376 INFO sms_id=1117 inserted transaction 15223201812
2026-05-30 13:23:04,379 INFO sms_id=1118 inserted transaction 68316839601
2026-05-30 13:23:04,381 INFO sms_id=1119 inserted transaction 76509859651
2026-05-30 13:23:04,383 INFO sms_id=1120 inserted transaction 93902902643
2026-05-30 13:23:04,385 INFO sms_id=1121 inserted transaction 75970255069
2026-05-30 13:23:04,388 INFO sms_id=1122 inserted transaction 43332595746
2026-05-30 13:23:04,390 INFO sms_id=1123 inserted transaction 83978461332
2026-05-30 13:23:04,392 INFO sms_id=1124 inserted transaction 66774240369
2026-05-30 13:23:04,394 INFO sms_id=1125 inserted transaction 18510016190
2026-05-30 13:23:04,397 INFO sms_id=1126 inserted transaction 11365396250
2026-05-30 13:23:04,399 INFO sms_id=1127 inserted transaction 14589884783
2026-05-30 13:23:04,401 INFO sms_id=1128 inserted transaction 16400028923
2026-05-30 13:23:04,403 INFO sms_id=1129 inserted transaction 80264064542
2026-05-30 13:23:04,405 INFO sms_id=1130 inserted transaction 3910
2026-05-30 13:23:04,407 INFO sms_id=1131 inserted transaction 3911
2026-05-30 13:23:04,409 INFO sms_id=1132 inserted transaction 27880925520
2026-05-30 13:23:04,412 INFO sms_id=1133 inserted transaction 16406794518
2026-05-30 13:23:04,414 INFO sms_id=1134 inserted transaction 3912
2026-05-30 13:23:04,416 INFO sms_id=1135 inserted transaction 95337556627
2026-05-30 13:23:04,418 INFO sms_id=1136 inserted transaction 3913
2026-05-30 13:23:04,419 INFO sms_id=1137 inserted transaction 3914
2026-05-30 13:23:04,422 INFO sms_id=1138 inserted transaction 44650869478
2026-05-30 13:23:04,424 INFO sms_id=1139 inserted transaction 30398814444
2026-05-30 13:23:04,426 INFO sms_id=1140 inserted transaction 31630879946
2026-05-30 13:23:04,427 INFO sms_id=1141 inserted transaction 3915
2026-05-30 13:23:04,430 INFO sms_id=1142 inserted transaction 87927056212
2026-05-30 13:23:04,432 INFO sms_id=1143 inserted transaction 3916
2026-05-30 13:23:04,434 INFO sms_id=1144 inserted transaction 24961498802
2026-05-30 13:23:04,436 INFO sms_id=1145 inserted transaction 96078845608
2026-05-30 13:23:04,439 INFO sms_id=1146 inserted transaction 27937789255
2026-05-30 13:23:04,443 INFO sms_id=1147 inserted transaction 35915635698
2026-05-30 13:23:04,446 INFO sms_id=1148 inserted transaction 3917
2026-05-30 13:23:04,448 INFO sms_id=1149 inserted transaction 10412500030
2026-05-30 13:23:04,450 INFO sms_id=1150 inserted transaction 16433471329
2026-05-30 13:23:04,453 INFO sms_id=1151 inserted transaction 87101311151
2026-05-30 13:23:04,455 INFO sms_id=1152 inserted transaction 3918
2026-05-30 13:23:04,456 INFO sms_id=1153 inserted transaction 3919
2026-05-30 13:23:04,459 INFO sms_id=1154 inserted transaction 81660358206
2026-05-30 13:23:04,462 INFO sms_id=1155 inserted transaction 16434717507
2026-05-30 13:23:04,464 INFO sms_id=1156 inserted transaction 3920
2026-05-30 13:23:04,467 INFO sms_id=1157 inserted transaction 11060379377
2026-05-30 13:23:04,469 INFO sms_id=1158 inserted transaction 63847414444
2026-05-30 13:23:04,472 INFO sms_id=1159 inserted transaction 93824792341
2026-05-30 13:23:04,474 INFO sms_id=1160 inserted transaction 16471170286
2026-05-30 13:23:04,477 INFO sms_id=1161 inserted transaction 53085798464
2026-05-30 13:23:04,480 INFO sms_id=1162 inserted transaction 12026466377
2026-05-30 13:23:04,482 INFO sms_id=1163 inserted transaction 3921
2026-05-30 13:23:04,485 INFO sms_id=1164 inserted transaction 84906022239
2026-05-30 13:23:04,487 INFO sms_id=1165 inserted transaction 3922
2026-05-30 13:23:04,489 INFO sms_id=1166 inserted transaction 3923
2026-05-30 13:23:04,491 INFO sms_id=1167 inserted transaction 63406615894
2026-05-30 13:23:04,493 INFO sms_id=1168 inserted transaction 79191608492
2026-05-30 13:23:04,494 INFO sms_id=1169 inserted transaction 3924
2026-05-30 13:23:04,497 INFO sms_id=1170 inserted transaction 97616156692
2026-05-30 13:23:04,499 INFO sms_id=1171 inserted transaction 76120536586
2026-05-30 13:23:04,502 INFO sms_id=1172 inserted transaction 16519345888
2026-05-30 13:23:04,503 INFO sms_id=1173 inserted transaction 3925
2026-05-30 13:23:04,505 INFO sms_id=1174 inserted transaction 3926
2026-05-30 13:23:04,507 INFO sms_id=1175 inserted transaction 3927
2026-05-30 13:23:04,509 INFO sms_id=1176 inserted transaction 16530676798
2026-05-30 13:23:04,511 INFO sms_id=1177 inserted transaction 87234068654
2026-05-30 13:23:04,515 INFO sms_id=1178 inserted transaction 81838722855
2026-05-30 13:23:04,517 INFO sms_id=1179 inserted transaction 63710134665
2026-05-30 13:23:04,519 INFO sms_id=1180 inserted transaction 22834010377
2026-05-30 13:23:04,521 INFO sms_id=1181 inserted transaction 3928
2026-05-30 13:23:04,523 INFO sms_id=1182 inserted transaction 28043130256
2026-05-30 13:23:04,525 INFO sms_id=1183 inserted transaction 3929
2026-05-30 13:23:04,526 INFO sms_id=1184 inserted transaction 3930
2026-05-30 13:23:04,528 INFO sms_id=1185 inserted transaction 3931
2026-05-30 13:23:04,530 INFO sms_id=1186 inserted transaction 3932
2026-05-30 13:23:04,533 INFO sms_id=1187 inserted transaction 19221386945
2026-05-30 13:23:04,536 INFO sms_id=1188 inserted transaction 95154102352
2026-05-30 13:23:04,537 INFO sms_id=1189 inserted transaction 3933
2026-05-30 13:23:04,540 INFO sms_id=1190 inserted transaction 3934
2026-05-30 13:23:04,543 INFO sms_id=1191 inserted transaction 85450886922
2026-05-30 13:23:04,545 INFO sms_id=1192 inserted transaction 3935
2026-05-30 13:23:04,548 INFO sms_id=1193 inserted transaction 91900163647
2026-05-30 13:23:04,550 INFO sms_id=1194 inserted transaction 3936
2026-05-30 13:23:04,552 INFO sms_id=1195 inserted transaction 3937
2026-05-30 13:23:04,553 INFO sms_id=1196 inserted transaction 3938
2026-05-30 13:23:04,556 INFO sms_id=1197 inserted transaction 3939
2026-05-30 13:23:04,557 INFO sms_id=1198 inserted transaction 3940
2026-05-30 13:23:04,559 INFO sms_id=1199 inserted transaction 3941
2026-05-30 13:23:04,561 INFO sms_id=1200 inserted transaction 3942
2026-05-30 13:23:04,562 INFO Committed batch size=300 inserted=298 skipped_unknown=2 skipped_invalid=0 failed=0
2026-05-30 13:23:04,563 INFO sms_id=1201 inserted transaction 3943
2026-05-30 13:23:04,566 INFO sms_id=1202 inserted transaction 16591010120
2026-05-30 13:23:04,568 INFO sms_id=1203 inserted transaction 27925177838
2026-05-30 13:23:04,570 INFO sms_id=1204 inserted transaction 3944
2026-05-30 13:23:04,572 INFO sms_id=1205 inserted transaction 32029523207
2026-05-30 13:23:04,574 INFO sms_id=1206 inserted transaction 3945
2026-05-30 13:23:04,576 INFO sms_id=1207 inserted transaction 31684502107
2026-05-30 13:23:04,580 INFO sms_id=1208 inserted transaction 3946
2026-05-30 13:23:04,583 INFO sms_id=1209 inserted transaction 98072616886
2026-05-30 13:23:04,584 INFO sms_id=1210 inserted transaction 3947
2026-05-30 13:23:04,586 INFO sms_id=1211 inserted transaction 3948
2026-05-30 13:23:04,588 INFO sms_id=1212 inserted transaction 3949
2026-05-30 13:23:04,590 INFO sms_id=1213 inserted transaction 74940646559
2026-05-30 13:23:04,592 INFO sms_id=1214 inserted transaction 3950
2026-05-30 13:23:04,593 INFO sms_id=1215 inserted transaction 3951
2026-05-30 13:23:04,595 INFO sms_id=1216 inserted transaction 3952
2026-05-30 13:23:04,597 INFO sms_id=1217 inserted transaction 3953
2026-05-30 13:23:04,598 INFO sms_id=1218 inserted transaction 3954
2026-05-30 13:23:04,600 INFO sms_id=1219 inserted transaction 3955
2026-05-30 13:23:04,602 INFO sms_id=1220 inserted transaction 3956
2026-05-30 13:23:04,604 INFO sms_id=1221 inserted transaction 3957
2026-05-30 13:23:04,606 INFO sms_id=1222 inserted transaction 76489114849
2026-05-30 13:23:04,609 INFO sms_id=1223 inserted transaction 90771619158
2026-05-30 13:23:04,610 INFO sms_id=1224 inserted transaction 3958
2026-05-30 13:23:04,612 INFO sms_id=1225 inserted transaction 3959
2026-05-30 13:23:04,614 INFO sms_id=1226 inserted transaction 3960
2026-05-30 13:23:04,616 INFO sms_id=1227 inserted transaction 96847302038
2026-05-30 13:23:04,619 INFO sms_id=1228 inserted transaction 52306931698
2026-05-30 13:23:04,621 INFO sms_id=1229 inserted transaction 84422936261
2026-05-30 13:23:04,623 INFO sms_id=1230 inserted transaction 80762432902
2026-05-30 13:23:04,625 INFO sms_id=1231 inserted transaction 12941586465
2026-05-30 13:23:04,628 INFO sms_id=1232 inserted transaction 32932185216
2026-05-30 13:23:04,631 INFO sms_id=1233 inserted transaction 16664315282
2026-05-30 13:23:04,633 INFO sms_id=1234 inserted transaction 74467206314
2026-05-30 13:23:04,635 INFO sms_id=1235 inserted transaction 22620644869
2026-05-30 13:23:04,638 INFO sms_id=1236 inserted transaction 26843508772
2026-05-30 13:23:04,639 INFO sms_id=1237 inserted transaction 3961
2026-05-30 13:23:04,642 INFO sms_id=1238 inserted transaction 12285281137
2026-05-30 13:23:04,643 INFO sms_id=1239 inserted transaction 3962
2026-05-30 13:23:04,646 INFO sms_id=1240 inserted transaction 72077076399
2026-05-30 13:23:04,649 INFO sms_id=1241 inserted transaction 17695655335
2026-05-30 13:23:04,651 INFO sms_id=1242 inserted transaction 47323864863
2026-05-30 13:23:04,654 INFO sms_id=1243 inserted transaction 16684572153
2026-05-30 13:23:04,655 INFO sms_id=1244 inserted transaction 3963
2026-05-30 13:23:04,657 INFO sms_id=1245 inserted transaction 51185805957
2026-05-30 13:23:04,659 INFO sms_id=1246 inserted transaction 3964
2026-05-30 13:23:04,661 INFO sms_id=1247 inserted transaction 64693883303
2026-05-30 13:23:04,665 INFO sms_id=1248 inserted transaction 32239374076
2026-05-30 13:23:04,668 INFO sms_id=1249 inserted transaction 3965
2026-05-30 13:23:04,672 INFO sms_id=1250 inserted transaction 41292933584
2026-05-30 13:23:04,676 INFO sms_id=1251 inserted transaction 57030093247
2026-05-30 13:23:04,678 INFO sms_id=1252 inserted transaction 3966
2026-05-30 13:23:04,682 INFO sms_id=1253 inserted transaction 68677426758
2026-05-30 13:23:04,683 INFO sms_id=1254 inserted transaction 3967
2026-05-30 13:23:04,685 INFO sms_id=1255 inserted transaction 3968
2026-05-30 13:23:04,689 INFO sms_id=1256 inserted transaction 29539835456
2026-05-30 13:23:04,691 INFO sms_id=1257 inserted transaction 3969
2026-05-30 13:23:04,694 INFO sms_id=1258 inserted transaction 53740527535
2026-05-30 13:23:04,696 INFO sms_id=1259 inserted transaction 3970
2026-05-30 13:23:04,699 INFO sms_id=1260 inserted transaction 55287216793
2026-05-30 13:23:04,701 INFO sms_id=1261 inserted transaction 61476126603
2026-05-30 13:23:04,703 INFO sms_id=1262 inserted transaction 3971
2026-05-30 13:23:04,704 INFO sms_id=1263 inserted transaction 3972
2026-05-30 13:23:04,706 INFO sms_id=1264 inserted transaction 3973
2026-05-30 13:23:04,709 INFO sms_id=1265 inserted transaction 97375149913
2026-05-30 13:23:04,711 INFO sms_id=1266 inserted transaction 23756291424
2026-05-30 13:23:04,714 INFO sms_id=1267 inserted transaction 3974
2026-05-30 13:23:04,716 INFO sms_id=1268 inserted transaction 67973089801
2026-05-30 13:23:04,718 INFO sms_id=1269 inserted transaction 79800269407
2026-05-30 13:23:04,720 INFO sms_id=1270 inserted transaction 3975
2026-05-30 13:23:04,722 INFO sms_id=1271 inserted transaction 62769441387
2026-05-30 13:23:04,725 INFO sms_id=1272 inserted transaction 57206973697
2026-05-30 13:23:04,726 INFO sms_id=1273 inserted transaction 3976
2026-05-30 13:23:04,729 INFO sms_id=1274 inserted transaction 67320713042
2026-05-30 13:23:04,732 INFO sms_id=1275 inserted transaction 56966147157
2026-05-30 13:23:04,734 INFO sms_id=1276 inserted transaction 3977
2026-05-30 13:23:04,736 INFO sms_id=1277 inserted transaction 3978
2026-05-30 13:23:04,738 INFO sms_id=1278 inserted transaction 3979
2026-05-30 13:23:04,740 INFO sms_id=1279 inserted transaction 3980
2026-05-30 13:23:04,742 INFO sms_id=1280 inserted transaction 3981
2026-05-30 13:23:04,745 INFO sms_id=1281 inserted transaction 96703530751
2026-05-30 13:23:04,748 INFO sms_id=1282 inserted transaction 50100917269
2026-05-30 13:23:04,753 INFO sms_id=1283 inserted transaction 62656383062
2026-05-30 13:23:04,756 INFO sms_id=1284 inserted transaction 3982
2026-05-30 13:23:04,760 INFO sms_id=1285 inserted transaction 94631078749
2026-05-30 13:23:04,763 INFO sms_id=1286 inserted transaction 3983
2026-05-30 13:23:04,766 INFO sms_id=1287 inserted transaction 16803066185
2026-05-30 13:23:04,769 INFO sms_id=1288 inserted transaction 16803076383
2026-05-30 13:23:04,771 INFO sms_id=1289 inserted transaction 16803083833
2026-05-30 13:23:04,773 INFO sms_id=1290 inserted transaction 3984
2026-05-30 13:23:04,777 INFO sms_id=1291 inserted transaction 76861068912
2026-05-30 13:23:04,780 INFO sms_id=1292 inserted transaction 16811450681
2026-05-30 13:23:04,782 WARNING sms_id=1293 unrecognized transaction type
2026-05-30 13:23:04,785 INFO sms_id=1294 inserted transaction 16813007600
2026-05-30 13:23:04,789 INFO sms_id=1295 inserted transaction 68167518530
2026-05-30 13:23:04,792 INFO sms_id=1296 inserted transaction 91027288469
2026-05-30 13:23:04,794 INFO sms_id=1297 inserted transaction 3985
2026-05-30 13:23:04,798 INFO sms_id=1298 inserted transaction 53670708085
2026-05-30 13:23:04,801 INFO sms_id=1299 inserted transaction 60464892197
2026-05-30 13:23:04,803 INFO sms_id=1300 inserted transaction 3986
2026-05-30 13:23:04,805 INFO sms_id=1301 inserted transaction 3987
2026-05-30 13:23:04,809 INFO sms_id=1302 inserted transaction 16283271112
2026-05-30 13:23:04,812 INFO sms_id=1303 inserted transaction 77064133585
2026-05-30 13:23:04,814 INFO sms_id=1304 inserted transaction 3988
2026-05-30 13:23:04,817 INFO sms_id=1305 inserted transaction 54178902109
2026-05-30 13:23:04,820 INFO sms_id=1306 inserted transaction 54792622020
2026-05-30 13:23:04,822 INFO sms_id=1307 inserted transaction 49452512289
2026-05-30 13:23:04,825 INFO sms_id=1308 inserted transaction 82479923721
2026-05-30 13:23:04,827 INFO sms_id=1309 inserted transaction 3989
2026-05-30 13:23:04,829 INFO sms_id=1310 inserted transaction 3990
2026-05-30 13:23:04,831 INFO sms_id=1311 inserted transaction 16870426837
2026-05-30 13:23:04,833 INFO sms_id=1312 inserted transaction 63834300936
2026-05-30 13:23:04,835 INFO sms_id=1313 inserted transaction 75381717541
2026-05-30 13:23:04,836 INFO sms_id=1314 inserted transaction 35179537922
2026-05-30 13:23:04,838 INFO sms_id=1315 inserted transaction 19451958132
2026-05-30 13:23:04,840 INFO sms_id=1316 inserted transaction 70271999796
2026-05-30 13:23:04,842 INFO sms_id=1317 inserted transaction 3991
2026-05-30 13:23:04,844 INFO sms_id=1318 inserted transaction 50182287789
2026-05-30 13:23:04,847 INFO sms_id=1319 inserted transaction 52735784344
2026-05-30 13:23:04,849 INFO sms_id=1320 inserted transaction 3992
2026-05-30 13:23:04,850 INFO sms_id=1321 inserted transaction 69693617235
2026-05-30 13:23:04,852 INFO sms_id=1322 inserted transaction 81939407545
2026-05-30 13:23:04,853 INFO sms_id=1323 inserted transaction 3993
2026-05-30 13:23:04,855 INFO sms_id=1324 inserted transaction 15146134181
2026-05-30 13:23:04,857 INFO sms_id=1325 inserted transaction 91836203944
2026-05-30 13:23:04,859 INFO sms_id=1326 inserted transaction 3994
2026-05-30 13:23:04,861 INFO sms_id=1327 inserted transaction 3995
2026-05-30 13:23:04,862 INFO sms_id=1328 inserted transaction 3996
2026-05-30 13:23:04,865 INFO sms_id=1329 inserted transaction 35247235522
2026-05-30 13:23:04,866 INFO sms_id=1330 inserted transaction 3997
2026-05-30 13:23:04,869 INFO sms_id=1331 inserted transaction 51960195659
2026-05-30 13:23:04,870 INFO sms_id=1332 inserted transaction 3998
2026-05-30 13:23:04,872 INFO sms_id=1333 inserted transaction 51637767958
2026-05-30 13:23:04,874 INFO sms_id=1334 inserted transaction 63832588568
2026-05-30 13:23:04,877 INFO sms_id=1335 inserted transaction 55787996640
2026-05-30 13:23:04,878 INFO sms_id=1336 inserted transaction 3999
2026-05-30 13:23:04,881 INFO sms_id=1337 inserted transaction 4000
2026-05-30 13:23:04,883 INFO sms_id=1338 inserted transaction 17739493764
2026-05-30 13:23:04,885 INFO sms_id=1339 inserted transaction 4001
2026-05-30 13:23:04,887 INFO sms_id=1340 inserted transaction 4002
2026-05-30 13:23:04,889 INFO sms_id=1341 inserted transaction 58201924130
2026-05-30 13:23:04,892 INFO sms_id=1342 inserted transaction 71572076549
2026-05-30 13:23:04,895 INFO sms_id=1343 inserted transaction 36782365869
2026-05-30 13:23:04,899 INFO sms_id=1344 inserted transaction 43160125858
2026-05-30 13:23:04,902 INFO sms_id=1345 inserted transaction 70636809967
2026-05-30 13:23:04,904 INFO sms_id=1346 inserted transaction 4003
2026-05-30 13:23:04,906 INFO sms_id=1347 inserted transaction 4004
2026-05-30 13:23:04,908 INFO sms_id=1348 inserted transaction 34697085121
2026-05-30 13:23:04,910 INFO sms_id=1349 inserted transaction 4005
2026-05-30 13:23:04,912 INFO sms_id=1350 inserted transaction 4006
2026-05-30 13:23:04,915 INFO sms_id=1351 inserted transaction 44041838566
2026-05-30 13:23:04,918 INFO sms_id=1352 inserted transaction 22997289029
2026-05-30 13:23:04,920 INFO sms_id=1353 inserted transaction 82106121513
2026-05-30 13:23:04,922 INFO sms_id=1354 inserted transaction 10620670791
2026-05-30 13:23:04,925 INFO sms_id=1355 inserted transaction 17006777609
2026-05-30 13:23:04,927 INFO sms_id=1356 inserted transaction 52261254503
2026-05-30 13:23:04,929 INFO sms_id=1357 inserted transaction 4008
2026-05-30 13:23:04,931 INFO sms_id=1358 inserted transaction 4009
2026-05-30 13:23:04,934 INFO sms_id=1359 inserted transaction 17007580507
2026-05-30 13:23:04,936 INFO sms_id=1360 inserted transaction 4011
2026-05-30 13:23:04,938 INFO sms_id=1361 inserted transaction 4012
2026-05-30 13:23:04,940 INFO sms_id=1362 inserted transaction 4013
2026-05-30 13:23:04,942 INFO sms_id=1363 inserted transaction 4014
2026-05-30 13:23:04,943 INFO sms_id=1364 inserted transaction 4015
2026-05-30 13:23:04,945 INFO sms_id=1365 inserted transaction 4016
2026-05-30 13:23:04,948 INFO sms_id=1366 inserted transaction 4017
2026-05-30 13:23:04,951 INFO sms_id=1367 inserted transaction 4018
2026-05-30 13:23:04,953 INFO sms_id=1368 inserted transaction 4019
2026-05-30 13:23:04,956 INFO sms_id=1369 inserted transaction 35896509195
2026-05-30 13:23:04,959 INFO sms_id=1370 inserted transaction 84035130850
2026-05-30 13:23:04,961 INFO sms_id=1371 inserted transaction 96504237860
2026-05-30 13:23:04,964 INFO sms_id=1372 inserted transaction 78289351585
2026-05-30 13:23:04,967 INFO sms_id=1373 inserted transaction 72378502864
2026-05-30 13:23:04,969 INFO sms_id=1374 inserted transaction 48478800335
2026-05-30 13:23:04,971 INFO sms_id=1375 inserted transaction 4020
2026-05-30 13:23:04,973 INFO sms_id=1376 inserted transaction 55816563993
2026-05-30 13:23:04,975 INFO sms_id=1377 inserted transaction 71214421293
2026-05-30 13:23:04,977 INFO sms_id=1378 inserted transaction 4021
2026-05-30 13:23:04,979 INFO sms_id=1379 inserted transaction 4022
2026-05-30 13:23:04,980 INFO sms_id=1380 inserted transaction 4023
2026-05-30 13:23:04,983 INFO sms_id=1381 inserted transaction 48536966202
2026-05-30 13:23:04,985 INFO sms_id=1382 inserted transaction 4024
2026-05-30 13:23:04,988 INFO sms_id=1383 inserted transaction 38897384275
2026-05-30 13:23:04,991 INFO sms_id=1384 inserted transaction 42838068588
2026-05-30 13:23:04,993 INFO sms_id=1385 inserted transaction 39305056580
2026-05-30 13:23:04,995 INFO sms_id=1386 inserted transaction 4025
2026-05-30 13:23:04,997 INFO sms_id=1387 inserted transaction 4026
2026-05-30 13:23:04,998 INFO sms_id=1388 inserted transaction 4027
2026-05-30 13:23:05,001 INFO sms_id=1389 inserted transaction 38740551775
2026-05-30 13:23:05,003 INFO sms_id=1390 inserted transaction 4028
2026-05-30 13:23:05,005 INFO sms_id=1391 inserted transaction 4029
2026-05-30 13:23:05,008 INFO sms_id=1392 inserted transaction 23077076861
2026-05-30 13:23:05,010 INFO sms_id=1393 inserted transaction 4030
2026-05-30 13:23:05,013 INFO sms_id=1394 inserted transaction 66106452523
2026-05-30 13:23:05,016 INFO sms_id=1395 inserted transaction 20585797761
2026-05-30 13:23:05,018 INFO sms_id=1396 inserted transaction 4031
2026-05-30 13:23:05,020 INFO sms_id=1397 inserted transaction 4032
2026-05-30 13:23:05,023 INFO sms_id=1398 inserted transaction 48062023691
2026-05-30 13:23:05,026 INFO sms_id=1399 inserted transaction 56257770091
2026-05-30 13:23:05,028 INFO sms_id=1400 inserted transaction 4033
2026-05-30 13:23:05,030 INFO sms_id=1401 inserted transaction 4034
2026-05-30 13:23:05,032 INFO sms_id=1402 inserted transaction 4035
2026-05-30 13:23:05,034 INFO sms_id=1403 inserted transaction 4036
2026-05-30 13:23:05,035 INFO sms_id=1404 inserted transaction 4037
2026-05-30 13:23:05,038 INFO sms_id=1405 inserted transaction 21855529824
2026-05-30 13:23:05,040 INFO sms_id=1406 inserted transaction 4038
2026-05-30 13:23:05,043 INFO sms_id=1407 inserted transaction 35022569513
2026-05-30 13:23:05,048 INFO sms_id=1408 inserted transaction 55628760506
2026-05-30 13:23:05,051 INFO sms_id=1409 inserted transaction 17140081149
2026-05-30 13:23:05,054 INFO sms_id=1410 inserted transaction 17146971568
2026-05-30 13:23:05,055 INFO sms_id=1411 inserted transaction 4039
2026-05-30 13:23:05,057 INFO sms_id=1412 inserted transaction 4040
2026-05-30 13:23:05,059 INFO sms_id=1413 inserted transaction 89671501317
2026-05-30 13:23:05,062 INFO sms_id=1414 inserted transaction 11135974601
2026-05-30 13:23:05,065 INFO sms_id=1415 inserted transaction 17149096701
2026-05-30 13:23:05,067 INFO sms_id=1416 inserted transaction 4041
2026-05-30 13:23:05,069 INFO sms_id=1417 inserted transaction 21899972101
2026-05-30 13:23:05,071 INFO sms_id=1418 inserted transaction 4042
2026-05-30 13:23:05,073 INFO sms_id=1419 inserted transaction 4043
2026-05-30 13:23:05,075 INFO sms_id=1420 inserted transaction 41127800959
2026-05-30 13:23:05,078 INFO sms_id=1421 inserted transaction 36071803053
2026-05-30 13:23:05,081 INFO sms_id=1422 inserted transaction 4044
2026-05-30 13:23:05,082 INFO sms_id=1423 inserted transaction 4045
2026-05-30 13:23:05,084 INFO sms_id=1424 inserted transaction 4046
2026-05-30 13:23:05,086 INFO sms_id=1425 inserted transaction 4047
2026-05-30 13:23:05,088 INFO sms_id=1426 inserted transaction 4048
2026-05-30 13:23:05,090 INFO sms_id=1427 inserted transaction 4049
2026-05-30 13:23:05,093 INFO sms_id=1428 inserted transaction 17192081844
2026-05-30 13:23:05,095 INFO sms_id=1429 inserted transaction 4050
2026-05-30 13:23:05,099 INFO sms_id=1430 inserted transaction 17194680435
2026-05-30 13:23:05,102 INFO sms_id=1431 inserted transaction 46181498529
2026-05-30 13:23:05,104 INFO sms_id=1432 inserted transaction 4051
2026-05-30 13:23:05,107 INFO sms_id=1433 inserted transaction 39367315432
2026-05-30 13:23:05,109 INFO sms_id=1434 inserted transaction 54832853783
2026-05-30 13:23:05,113 INFO sms_id=1435 inserted transaction 49470186297
2026-05-30 13:23:05,115 INFO sms_id=1436 inserted transaction 4052
2026-05-30 13:23:05,118 INFO sms_id=1437 inserted transaction 58399013847
2026-05-30 13:23:05,119 INFO sms_id=1438 inserted transaction 4053
2026-05-30 13:23:05,122 INFO sms_id=1439 inserted transaction 32104617984
2026-05-30 13:23:05,124 INFO sms_id=1440 inserted transaction 70799475893
2026-05-30 13:23:05,126 INFO sms_id=1441 inserted transaction 4054
2026-05-30 13:23:05,128 INFO sms_id=1442 inserted transaction 4055
2026-05-30 13:23:05,131 INFO sms_id=1443 inserted transaction 4056
2026-05-30 13:23:05,133 INFO sms_id=1444 inserted transaction 17219848993
2026-05-30 13:23:05,135 INFO sms_id=1445 inserted transaction 4057
2026-05-30 13:23:05,137 INFO sms_id=1446 inserted transaction 17236283233
2026-05-30 13:23:05,140 INFO sms_id=1447 inserted transaction 47209547707
2026-05-30 13:23:05,142 INFO sms_id=1448 inserted transaction 93029036539
2026-05-30 13:23:05,144 INFO sms_id=1449 inserted transaction 4058
2026-05-30 13:23:05,147 INFO sms_id=1450 inserted transaction 4059
2026-05-30 13:23:05,152 INFO sms_id=1451 inserted transaction 99213721569
2026-05-30 13:23:05,156 INFO sms_id=1452 inserted transaction 15669847093
2026-05-30 13:23:05,159 INFO sms_id=1453 inserted transaction 17278839589
2026-05-30 13:23:05,163 INFO sms_id=1454 inserted transaction 4060
2026-05-30 13:23:05,167 INFO sms_id=1455 inserted transaction 89862603085
2026-05-30 13:23:05,169 INFO sms_id=1456 inserted transaction 4061
2026-05-30 13:23:05,171 INFO sms_id=1457 inserted transaction 33953051219
2026-05-30 13:23:05,174 INFO sms_id=1458 inserted transaction 41885909187
2026-05-30 13:23:05,176 INFO sms_id=1459 inserted transaction 4062
2026-05-30 13:23:05,179 INFO sms_id=1460 inserted transaction 95870127706
2026-05-30 13:23:05,181 INFO sms_id=1461 inserted transaction 4063
2026-05-30 13:23:05,185 INFO sms_id=1462 inserted transaction 37194978837
2026-05-30 13:23:05,188 INFO sms_id=1463 inserted transaction 71359588682
2026-05-30 13:23:05,190 INFO sms_id=1464 inserted transaction 4064
2026-05-30 13:23:05,193 INFO sms_id=1465 inserted transaction 37711041058
2026-05-30 13:23:05,195 INFO sms_id=1466 inserted transaction 4065
2026-05-30 13:23:05,198 INFO sms_id=1467 inserted transaction 94221988885
2026-05-30 13:23:05,201 INFO sms_id=1468 inserted transaction 17344287393
2026-05-30 13:23:05,203 INFO sms_id=1469 inserted transaction 4066
2026-05-30 13:23:05,205 INFO sms_id=1470 inserted transaction 4067
2026-05-30 13:23:05,208 INFO sms_id=1471 inserted transaction 72231619373
2026-05-30 13:23:05,210 INFO sms_id=1472 inserted transaction 66539582201
2026-05-30 13:23:05,214 INFO sms_id=1473 inserted transaction 46343939313
2026-05-30 13:23:05,215 INFO sms_id=1474 inserted transaction 4068
2026-05-30 13:23:05,217 INFO sms_id=1475 inserted transaction 4069
2026-05-30 13:23:05,219 INFO sms_id=1476 inserted transaction 4070
2026-05-30 13:23:05,221 INFO sms_id=1477 inserted transaction 4071
2026-05-30 13:23:05,222 INFO sms_id=1478 inserted transaction 4072
2026-05-30 13:23:05,224 INFO sms_id=1479 inserted transaction 4073
2026-05-30 13:23:05,226 INFO sms_id=1480 inserted transaction 86771299813
2026-05-30 13:23:05,228 INFO sms_id=1481 inserted transaction 4074
2026-05-30 13:23:05,230 INFO sms_id=1482 inserted transaction 4075
2026-05-30 13:23:05,232 INFO sms_id=1483 inserted transaction 4076
2026-05-30 13:23:05,235 INFO sms_id=1484 inserted transaction 45962008824
2026-05-30 13:23:05,237 INFO sms_id=1485 inserted transaction 4077
2026-05-30 13:23:05,239 INFO sms_id=1486 inserted transaction 4078
2026-05-30 13:23:05,240 WARNING sms_id=1487 unrecognized transaction type
2026-05-30 13:23:05,243 INFO sms_id=1488 inserted transaction 17417124626
2026-05-30 13:23:05,245 INFO sms_id=1489 inserted transaction 4079
2026-05-30 13:23:05,248 INFO sms_id=1490 inserted transaction 4080
2026-05-30 13:23:05,251 INFO sms_id=1491 inserted transaction 64379934012
2026-05-30 13:23:05,253 INFO sms_id=1492 inserted transaction 4081
2026-05-30 13:23:05,255 INFO sms_id=1493 inserted transaction 4082
2026-05-30 13:23:05,257 INFO sms_id=1494 inserted transaction 4083
2026-05-30 13:23:05,260 INFO sms_id=1495 inserted transaction 4084
2026-05-30 13:23:05,262 INFO sms_id=1496 inserted transaction 4085
2026-05-30 13:23:05,264 INFO sms_id=1497 inserted transaction 4086
2026-05-30 13:23:05,266 INFO sms_id=1498 inserted transaction 4087
2026-05-30 13:23:05,270 INFO sms_id=1499 inserted transaction 16767909062
2026-05-30 13:23:05,273 INFO sms_id=1500 inserted transaction 96265284937
2026-05-30 13:23:05,274 INFO Committed batch size=300 inserted=298 skipped_unknown=2 skipped_invalid=0 failed=0
2026-05-30 13:23:05,275 INFO sms_id=1501 inserted transaction 84054827778
2026-05-30 13:23:05,278 INFO sms_id=1502 inserted transaction 88725319180
2026-05-30 13:23:05,280 INFO sms_id=1503 inserted transaction 4088
2026-05-30 13:23:05,282 INFO sms_id=1504 inserted transaction 4089
2026-05-30 13:23:05,284 INFO sms_id=1505 inserted transaction 4090
2026-05-30 13:23:05,286 INFO sms_id=1506 inserted transaction 56170688559
2026-05-30 13:23:05,289 INFO sms_id=1507 inserted transaction 77222748548
2026-05-30 13:23:05,291 INFO sms_id=1508 inserted transaction 25634019489
2026-05-30 13:23:05,293 INFO sms_id=1509 inserted transaction 17878271668
2026-05-30 13:23:05,295 INFO sms_id=1510 inserted transaction 4091
2026-05-30 13:23:05,297 INFO sms_id=1511 inserted transaction 17469774285
2026-05-30 13:23:05,299 INFO sms_id=1512 inserted transaction 4092
2026-05-30 13:23:05,301 INFO sms_id=1513 inserted transaction 35727276550
2026-05-30 13:23:05,303 INFO sms_id=1514 inserted transaction 4093
2026-05-30 13:23:05,304 INFO sms_id=1515 inserted transaction 4094
2026-05-30 13:23:05,307 INFO sms_id=1516 inserted transaction 31316222684
2026-05-30 13:23:05,309 INFO sms_id=1517 inserted transaction 4095
2026-05-30 13:23:05,311 INFO sms_id=1518 inserted transaction 34560987595
2026-05-30 13:23:05,314 INFO sms_id=1519 inserted transaction 64898321363
2026-05-30 13:23:05,316 INFO sms_id=1520 inserted transaction 76380162722
2026-05-30 13:23:05,318 INFO sms_id=1521 inserted transaction 4096
2026-05-30 13:23:05,320 INFO sms_id=1522 inserted transaction 4097
2026-05-30 13:23:05,323 INFO sms_id=1523 inserted transaction 4098
2026-05-30 13:23:05,325 INFO sms_id=1524 inserted transaction 82617046769
2026-05-30 13:23:05,329 INFO sms_id=1525 inserted transaction 57516315891
2026-05-30 13:23:05,331 INFO sms_id=1526 inserted transaction 4099
2026-05-30 13:23:05,333 INFO sms_id=1527 inserted transaction 60930083503
2026-05-30 13:23:05,335 INFO sms_id=1528 inserted transaction 4100
2026-05-30 13:23:05,337 INFO sms_id=1529 inserted transaction 4101
2026-05-30 13:23:05,340 INFO sms_id=1530 inserted transaction 15885497602
2026-05-30 13:23:05,342 INFO sms_id=1531 inserted transaction 4102
2026-05-30 13:23:05,345 INFO sms_id=1532 inserted transaction 19391512835
2026-05-30 13:23:05,347 INFO sms_id=1533 inserted transaction 4103
2026-05-30 13:23:05,349 INFO sms_id=1534 inserted transaction 4104
2026-05-30 13:23:05,351 INFO sms_id=1535 inserted transaction 4105
2026-05-30 13:23:05,353 INFO sms_id=1536 inserted transaction 4106
2026-05-30 13:23:05,356 INFO sms_id=1537 inserted transaction 17798210186
2026-05-30 13:23:05,357 INFO sms_id=1538 inserted transaction 4107
2026-05-30 13:23:05,359 INFO sms_id=1539 inserted transaction 4108
2026-05-30 13:23:05,363 INFO sms_id=1540 inserted transaction 4109
2026-05-30 13:23:05,367 INFO sms_id=1541 inserted transaction 4110
2026-05-30 13:23:05,370 INFO sms_id=1542 inserted transaction 4111
2026-05-30 13:23:05,373 INFO sms_id=1543 inserted transaction 94602885416
2026-05-30 13:23:05,377 INFO sms_id=1544 inserted transaction 40325712376
2026-05-30 13:23:05,380 INFO sms_id=1545 inserted transaction 88953152367
2026-05-30 13:23:05,383 INFO sms_id=1546 inserted transaction 70853207718
2026-05-30 13:23:05,384 INFO sms_id=1547 inserted transaction 4112
2026-05-30 13:23:05,386 INFO sms_id=1548 inserted transaction 4113
2026-05-30 13:23:05,388 INFO sms_id=1549 inserted transaction 4114
2026-05-30 13:23:05,390 INFO sms_id=1550 inserted transaction 4115
2026-05-30 13:23:05,392 INFO sms_id=1551 inserted transaction 4116
2026-05-30 13:23:05,394 INFO sms_id=1552 inserted transaction 86091303323
2026-05-30 13:23:05,398 INFO sms_id=1553 inserted transaction 4117
2026-05-30 13:23:05,402 INFO sms_id=1554 inserted transaction 76924527055
2026-05-30 13:23:05,407 INFO sms_id=1555 inserted transaction 86101897464
2026-05-30 13:23:05,410 INFO sms_id=1556 inserted transaction 26959913460
2026-05-30 13:23:05,414 INFO sms_id=1557 inserted transaction 4118
2026-05-30 13:23:05,416 INFO sms_id=1558 inserted transaction 4119
2026-05-30 13:23:05,419 INFO sms_id=1559 inserted transaction 4120
2026-05-30 13:23:05,423 INFO sms_id=1560 inserted transaction 4121
2026-05-30 13:23:05,426 INFO sms_id=1561 inserted transaction 4122
2026-05-30 13:23:05,432 INFO sms_id=1562 inserted transaction 47314034059
2026-05-30 13:23:05,436 INFO sms_id=1563 inserted transaction 18331674229
2026-05-30 13:23:05,440 INFO sms_id=1564 inserted transaction 97521447595
2026-05-30 13:23:05,442 INFO sms_id=1565 inserted transaction 4123
2026-05-30 13:23:05,444 INFO sms_id=1566 inserted transaction 4124
2026-05-30 13:23:05,449 INFO sms_id=1567 inserted transaction 38286062599
2026-05-30 13:23:05,453 INFO sms_id=1568 inserted transaction 24101990460
2026-05-30 13:23:05,456 INFO sms_id=1569 inserted transaction 4125
2026-05-30 13:23:05,460 INFO sms_id=1570 inserted transaction 19512741503
2026-05-30 13:23:05,464 INFO sms_id=1571 inserted transaction 36173508232
2026-05-30 13:23:05,468 INFO sms_id=1572 inserted transaction 83297515675
2026-05-30 13:23:05,470 INFO sms_id=1573 inserted transaction 4126
2026-05-30 13:23:05,474 INFO sms_id=1574 inserted transaction 91646737384
2026-05-30 13:23:05,478 INFO sms_id=1575 inserted transaction 17708814651
2026-05-30 13:23:05,482 INFO sms_id=1576 inserted transaction 32322247458
2026-05-30 13:23:05,484 INFO sms_id=1577 inserted transaction 4127
2026-05-30 13:23:05,486 INFO sms_id=1578 inserted transaction 4128
2026-05-30 13:23:05,488 INFO sms_id=1579 inserted transaction 4129
2026-05-30 13:23:05,490 INFO sms_id=1580 inserted transaction 4130
2026-05-30 13:23:05,494 INFO sms_id=1581 inserted transaction 25739550229
2026-05-30 13:23:05,496 INFO sms_id=1582 inserted transaction 4131
2026-05-30 13:23:05,500 INFO sms_id=1583 inserted transaction 99751172452
2026-05-30 13:23:05,504 INFO sms_id=1584 inserted transaction 50448841591
2026-05-30 13:23:05,507 INFO sms_id=1585 inserted transaction 4132
2026-05-30 13:23:05,510 INFO sms_id=1586 inserted transaction 17725876735
2026-05-30 13:23:05,511 INFO sms_id=1587 inserted transaction 4133
2026-05-30 13:23:05,517 INFO sms_id=1588 inserted transaction 46963818865
2026-05-30 13:23:05,521 INFO sms_id=1589 inserted transaction 78301179486
2026-05-30 13:23:05,524 INFO sms_id=1590 inserted transaction 4134
2026-05-30 13:23:05,529 INFO sms_id=1591 inserted transaction 34561368106
2026-05-30 13:23:05,532 INFO sms_id=1592 inserted transaction 4135
2026-05-30 13:23:05,536 INFO sms_id=1593 inserted transaction 87189301259
2026-05-30 13:23:05,540 INFO sms_id=1594 inserted transaction 32473306579
2026-05-30 13:23:05,542 INFO sms_id=1595 inserted transaction 4136
2026-05-30 13:23:05,545 INFO sms_id=1596 inserted transaction 4137
2026-05-30 13:23:05,547 INFO sms_id=1597 inserted transaction 4138
2026-05-30 13:23:05,549 INFO sms_id=1598 inserted transaction 4139
2026-05-30 13:23:05,552 INFO sms_id=1599 inserted transaction 60612987867
2026-05-30 13:23:05,554 INFO sms_id=1600 inserted transaction 4140
2026-05-30 13:23:05,556 INFO sms_id=1601 inserted transaction 4141
2026-05-30 13:23:05,559 INFO sms_id=1602 inserted transaction 4142
2026-05-30 13:23:05,562 INFO sms_id=1603 inserted transaction 11332825043
2026-05-30 13:23:05,565 INFO sms_id=1604 inserted transaction 4143
2026-05-30 13:23:05,569 INFO sms_id=1605 inserted transaction 58861772799
2026-05-30 13:23:05,572 INFO sms_id=1606 inserted transaction 79491078117
2026-05-30 13:23:05,575 INFO sms_id=1607 inserted transaction 42280278088
2026-05-30 13:23:05,577 INFO sms_id=1608 inserted transaction 4144
2026-05-30 13:23:05,580 INFO sms_id=1609 inserted transaction 26480204749
2026-05-30 13:23:05,583 INFO sms_id=1610 inserted transaction 11336164483
2026-05-30 13:23:05,585 INFO sms_id=1611 inserted transaction 4145
2026-05-30 13:23:05,587 INFO sms_id=1612 inserted transaction 4146
2026-05-30 13:23:05,590 INFO sms_id=1613 inserted transaction 11689124968
2026-05-30 13:23:05,592 INFO sms_id=1614 inserted transaction 4147
2026-05-30 13:23:05,595 INFO sms_id=1615 inserted transaction 35592207581
2026-05-30 13:23:05,598 INFO sms_id=1616 inserted transaction 66251081197
2026-05-30 13:23:05,601 INFO sms_id=1617 inserted transaction 17841214930
2026-05-30 13:23:05,603 INFO sms_id=1618 inserted transaction 4148
2026-05-30 13:23:05,605 INFO sms_id=1619 inserted transaction 48873092706
2026-05-30 13:23:05,608 INFO sms_id=1620 inserted transaction 56839942126
2026-05-30 13:23:05,611 INFO sms_id=1621 inserted transaction 82394883480
2026-05-30 13:23:05,613 INFO sms_id=1622 inserted transaction 4149
2026-05-30 13:23:05,615 INFO sms_id=1623 inserted transaction 4150
2026-05-30 13:23:05,618 INFO sms_id=1624 inserted transaction 4151
2026-05-30 13:23:05,621 INFO sms_id=1625 inserted transaction 93254937757
2026-05-30 13:23:05,623 INFO sms_id=1626 inserted transaction 4152
2026-05-30 13:23:05,625 INFO sms_id=1627 inserted transaction 4153
2026-05-30 13:23:05,627 INFO sms_id=1628 inserted transaction 17868470140
2026-05-30 13:23:05,629 INFO sms_id=1629 inserted transaction 4154
2026-05-30 13:23:05,631 INFO sms_id=1630 inserted transaction 4155
2026-05-30 13:23:05,633 INFO sms_id=1631 inserted transaction 31144936614
2026-05-30 13:23:05,636 INFO sms_id=1632 inserted transaction 47955567230
2026-05-30 13:23:05,638 INFO sms_id=1633 inserted transaction 51461434870
2026-05-30 13:23:05,640 INFO sms_id=1634 inserted transaction 4156
2026-05-30 13:23:05,642 INFO sms_id=1635 inserted transaction 4157
2026-05-30 13:23:05,646 INFO sms_id=1636 inserted transaction 31288108568
2026-05-30 13:23:05,649 INFO sms_id=1637 inserted transaction 26095846303
2026-05-30 13:23:05,652 INFO sms_id=1638 inserted transaction 4158
2026-05-30 13:23:05,655 INFO sms_id=1639 inserted transaction 29138578472
2026-05-30 13:23:05,658 INFO sms_id=1640 inserted transaction 42047000517
2026-05-30 13:23:05,661 INFO sms_id=1641 inserted transaction 93141088379
2026-05-30 13:23:05,664 INFO sms_id=1642 inserted transaction 4159
2026-05-30 13:23:05,666 INFO sms_id=1643 inserted transaction 4160
2026-05-30 13:23:05,669 INFO sms_id=1644 inserted transaction 50185533867
2026-05-30 13:23:05,673 INFO sms_id=1645 inserted transaction 30614825696
2026-05-30 13:23:05,675 INFO sms_id=1646 inserted transaction 4161
2026-05-30 13:23:05,676 INFO sms_id=1647 inserted transaction 4162
2026-05-30 13:23:05,678 INFO sms_id=1648 inserted transaction 4163
2026-05-30 13:23:05,681 INFO sms_id=1649 inserted transaction 12490495576
2026-05-30 13:23:05,683 INFO sms_id=1650 inserted transaction 4164
2026-05-30 13:23:05,686 INFO sms_id=1651 inserted transaction 64907673038
2026-05-30 13:23:05,688 INFO sms_id=1652 inserted transaction 32539170420
2026-05-30 13:23:05,690 INFO sms_id=1653 inserted transaction 4165
2026-05-30 13:23:05,693 INFO sms_id=1654 inserted transaction 78103204977
2026-05-30 13:23:05,695 INFO sms_id=1655 inserted transaction 31387192219
2026-05-30 13:23:05,698 INFO sms_id=1656 inserted transaction 57476994247
2026-05-30 13:23:05,700 INFO sms_id=1657 inserted transaction 4166
2026-05-30 13:23:05,701 INFO sms_id=1658 inserted transaction 4167
2026-05-30 13:23:05,704 INFO sms_id=1659 inserted transaction 98632277447
2026-05-30 13:23:05,706 INFO sms_id=1660 inserted transaction 40588162053
2026-05-30 13:23:05,708 INFO sms_id=1661 inserted transaction 29067172393
2026-05-30 13:23:05,710 INFO sms_id=1662 inserted transaction 4168
2026-05-30 13:23:05,713 INFO sms_id=1663 inserted transaction 45609632088
2026-05-30 13:23:05,716 INFO sms_id=1664 inserted transaction 85530195772
2026-05-30 13:23:05,718 INFO sms_id=1665 inserted transaction 4169
2026-05-30 13:23:05,720 INFO sms_id=1666 inserted transaction 44937760731
2026-05-30 13:23:05,722 INFO sms_id=1667 inserted transaction 65965699498
2026-05-30 13:23:05,725 INFO sms_id=1668 inserted transaction 81626212197
2026-05-30 13:23:05,727 INFO sms_id=1669 inserted transaction 22829152838
2026-05-30 13:23:05,730 INFO sms_id=1670 inserted transaction 4170
2026-05-30 13:23:05,732 INFO sms_id=1671 inserted transaction 18044804543
2026-05-30 13:23:05,734 INFO sms_id=1672 inserted transaction 4171
2026-05-30 13:23:05,737 INFO sms_id=1673 inserted transaction 52225700417
2026-05-30 13:23:05,739 INFO sms_id=1674 inserted transaction 4172
2026-05-30 13:23:05,745 INFO sms_id=1675 inserted transaction 31581671113
2026-05-30 13:23:05,748 INFO sms_id=1676 inserted transaction 88289015616
2026-05-30 13:23:05,751 INFO sms_id=1677 inserted transaction 18064613724
2026-05-30 13:23:05,753 WARNING sms_id=1678 unrecognized transaction type
2026-05-30 13:23:05,754 INFO sms_id=1679 inserted transaction 4173
2026-05-30 13:23:05,756 INFO sms_id=1680 inserted transaction 4174
2026-05-30 13:23:05,758 INFO sms_id=1681 inserted transaction 33961366964
2026-05-30 13:23:05,760 INFO sms_id=1682 inserted transaction 4175
2026-05-30 13:23:05,763 INFO sms_id=1683 inserted transaction 36439238929
2026-05-30 13:23:05,766 INFO sms_id=1684 inserted transaction 18087757600
2026-05-30 13:23:05,770 INFO sms_id=1685 inserted transaction 30801532894
2026-05-30 13:23:05,772 INFO sms_id=1686 inserted transaction 55109401801
2026-05-30 13:23:05,774 INFO sms_id=1687 inserted transaction 4176
2026-05-30 13:23:05,776 INFO sms_id=1688 inserted transaction 4177
2026-05-30 13:23:05,780 INFO sms_id=1689 inserted transaction 26811810649
2026-05-30 13:23:05,783 INFO sms_id=1690 inserted transaction 51350491173
2026-05-30 13:23:05,786 INFO sms_id=1691 inserted transaction 37832903831
2026-05-30 13:23:05,787 INFO Committed final batch size=191 inserted=190 skipped_unknown=1 skipped_invalid=0 failed=0
2026-05-30 13:23:05,787 INFO Batch processing complete
2026-05-30 13:23:05,815 INFO Wrote parsed JSON to /home/success/Documents/Team10_momo-etl-dashboard/data/processed/dashboard.json
2026-05-30 13:23:05,815 INFO Summary total=1691 inserted=1662 skipped_unknown=29 skipped_invalid=0 failed=0
